topic_id,category,pillar,title,observation,claim,novelty,scope,region,footage,demonstration,evidence_status,support_review,editorial_scores,editorial_note,sources,subject,claim_id
home-001,home,technology,Why your kettle gets quieter just before it boils,your kettle gets quieter just before it boils,Collapsing steam bubbles make noise below boiling; fewer collapse when surrounding water gets hot.,Collapsing steam bubbles make noise below boiling; fewer collapse when surrounding water gets hot.,The specific product construction or system described by the primary source; not all designs.,Global where this design is used; verify local requirements before naming a rule.,"Film your kettle gets quieter just before it boils; start with the visible detail, then a different close-up of the same object.",Compare bubble collapse below and at boiling.,pending_review,,"{""recognition"": 3, ""overlooked_detail"": 3, ""payoff"": 3, ""evidence"": 0, ""visuals"": 3}",,"[{""url"": ""https://physics.org/"", ""publisher"": ""physics.org"", ""research_lead_only"": true}]",electric-kettle,mechanism-882b0b751c102b64
home-002,home,technology,Why a fridge warms the kitchen while cooling your milk,a fridge warms the kitchen while cooling your milk,The condenser releases the heat removed from inside plus energy used by the compressor.,The condenser releases the heat removed from inside plus energy used by the compressor.,The specific product construction or system described by the primary source; not all designs.,Global where this design is used; verify local requirements before naming a rule.,"Film a fridge warms the kitchen while cooling your milk; start with the visible detail, then a different close-up of the same object.",Trace heat from milk to rear coils.,pending_review,,"{""recognition"": 3, ""overlooked_detail"": 3, ""payoff"": 3, ""evidence"": 0, ""visuals"": 3}",,"[{""url"": ""https://www1.eere.energy.gov/buildings/appliance_standards/pdfs/refrig_finalrule_tsd.pdf"", ""publisher"": ""energy.gov""}, {""url"": ""https://www.energy.gov/sites/default/files/2018/11/f57/Chief-2018-refrigeration-units.pdf"", ""publisher"": ""energy.gov""}, {""url"": ""https://www.energy.gov/cmei/femp/purchasing-energy-efficient-commercial-refrigerators-and-freezers"", ""publisher"": ""energy.gov""}]",refrigerators,mechanism-a610050c35b5b2eb
home-003,home,technology,Why a freezer door is harder to reopen immediately,a freezer door is harder to reopen immediately,Cooling recently admitted air reduces pressure inside a well-sealed freezer.,"The resistance changes immediately after closing, although the same door and seal are being used.",Freezers with a sealed door; an equalization valve changes how long the effect lasts.,Global where the specified design is used,"Film a freezer door is harder to reopen immediately; start with the visible detail, then a different close-up of the same object.",Show warm air shrinking behind the gasket.,reviewed,"{""reviewed_at"": ""2026-09-16T05:14:58.061998+00:00"", ""method"": ""Editorial comparison of stated mechanism with retrieved primary text"", ""finding"": ""Cooling recently admitted air reduces pressure inside a well-sealed freezer."", ""scope"": ""Freezers with a sealed door; an equalization valve changes how long the effect lasts.""}","{""recognition"": 3, ""overlooked_detail"": 4, ""payoff"": 4, ""evidence"": 3, ""visuals"": 3}",,"[{""url"": ""https://home.liebherr.com/media/hau/brochures/commercial-use/en-le/pdf/liebherr-download-en-le-commercial-appliances-bakeries-2016_2017.pdf"", ""publisher"": ""liebherr.com"", ""passage"": ""a vacuum is built up by air exchange"", ""retrieved_at"": ""2026-09-16T05:10:36.698816+00:00""}]",freezers,mechanism-9efb09a5b825c818
home-004,home,technology,Why your dishwasher leaves plastic wetter than glass,your dishwasher leaves plastic wetter than glass,"Plastic stores less heat, leaving less energy to evaporate water during drying.",The wetter plastic may be clean already: the material holds less heat for the drying phase.,Conventional condensation drying; extra drying features can improve results. Plastic pieces vary in shape and thermal mass.,Global where the specified design is used,Show wet plastic beside a dry glass from the same dishwasher load; then film a closer view of the remaining droplets.,Compare cooling and droplets on two plates.,reviewed,"{""reviewed_at"": ""2026-09-17T03:24:08.878476+00:00"", ""method"": ""Editorial comparison of stated mechanism with retrieved primary text"", ""finding"": ""Plastic stores less heat, leaving less energy to evaporate water during drying."", ""scope"": ""Conventional condensation drying; extra drying features can improve results. Plastic pieces vary in shape and thermal mass.""}","{""recognition"": 3, ""overlooked_detail"": 3, ""payoff"": 3, ""evidence"": 3, ""visuals"": 3}",,"[{""url"": ""https://www.bosch-home.com/za/customer-service/get-support/dishwasher-not-drying"", ""publisher"": ""bosch-home.com"", ""passage"": ""Plastics do not dry well in a dishwasher because the material does not retain heat."", ""retrieved_at"": ""2026-09-17T03:21:59.880197+00:00""}]",dishwashers,mechanism-fd93b1be8379ea0e
home-005,home,technology,Why a washing machine reverses direction,a washing machine reverses direction,Alternating drum rotation helps separate and redistribute laundry instead of leaving it tangled.,Alternating drum rotation helps separate and redistribute laundry instead of leaving it tangled.,The specific product construction or system described by the primary source; not all designs.,Global where this design is used; verify local requirements before naming a rule.,"Film a washing machine reverses direction; start with the visible detail, then a different close-up of the same object.",Animate towels tumbling in alternating directions.,pending_review,,"{""recognition"": 3, ""overlooked_detail"": 3, ""payoff"": 3, ""evidence"": 0, ""visuals"": 3}",,"[{""url"": ""https://tds.electrolux.com/others/599/376/782EN.PDF"", ""publisher"": ""electrolux.com""}, {""url"": ""https://tds.electrolux.com/others/599/352/317EN.PDF"", ""publisher"": ""electrolux.com""}, {""url"": ""https://tds.electrolux.com/others/599/517/413EN.PDF"", ""publisher"": ""electrolux.com""}]",washing-machines,mechanism-7eea9438f8fc19a8
home-006,home,technology,Why washing machines pause before a fast spin,washing machines pause before a fast spin,An imbalance check redistributes laundry before allowing higher drum speeds.,"The slow reversals can be an attempt to balance the load before a fast spin, rather than wasted time.",Samsung machines with automatic load balancing; behaviour and maximum spin speed vary by model and load.,Global where the specified design is used,"Film washing machines pause before a fast spin; start with the visible detail, then a different close-up of the same object.",Move an uneven load around a drum.,reviewed,"{""reviewed_at"": ""2026-09-17T03:24:08.901105+00:00"", ""method"": ""Editorial comparison of stated mechanism with retrieved primary text"", ""finding"": ""An imbalance check redistributes laundry before allowing higher drum speeds."", ""scope"": ""Samsung machines with automatic load balancing; behaviour and maximum spin speed vary by model and load.""}","{""recognition"": 3, ""overlooked_detail"": 3, ""payoff"": 3, ""evidence"": 3, ""visuals"": 3}",,"[{""url"": ""https://www.samsung.com/ie/support/home-appliances/what-to-do-if-your-washing-machine-does-not-spin-as-expected/"", ""publisher"": ""samsung.com"", ""passage"": ""the machine will attempt to automatically reposition the load by rotating slowly in both directions."", ""retrieved_at"": ""2026-09-16T05:10:38.553227+00:00""}]",washing-machines,mechanism-f00fc30321dac655
home-007,home,technology,Why a front-loader can wash with so little visible water,a front-loader can wash with so little visible water,The rotating drum repeatedly lifts clothes through a shallow pool rather than submerging everything.,The rotating drum repeatedly lifts clothes through a shallow pool rather than submerging everything.,The specific product construction or system described by the primary source; not all designs.,Global where this design is used; verify local requirements before naming a rule.,"Film a front-loader can wash with so little visible water; start with the visible detail, then a different close-up of the same object.",Show fabric passing through the bottom pool.,pending_review,,"{""recognition"": 3, ""overlooked_detail"": 3, ""payoff"": 3, ""evidence"": 0, ""visuals"": 3}",,"[{""url"": ""https://www.energystar.gov/sites/default/files/2024-10/Laundry%20Partner%20Toolkit%202024.pdf"", ""publisher"": ""energystar.gov""}, {""url"": ""https://www.energystar.gov/sites/default/files/tools/1_Laundry_Partner_Toolkit_2022_0.pdf"", ""publisher"": ""energystar.gov""}, {""url"": ""https://www.energystar.gov/ia/partners/manuf_res/downloads/2007ClothesWasher_PRG_FINAL.pdf"", ""publisher"": ""energystar.gov""}]",washing-machines,mechanism-0bc08c3e81b6759b
home-008,home,technology,Why the last minute on a washer takes longer,the last minute on a washer takes longer,Sensor-controlled phases can extend the estimate to handle imbalance or excess foam.,Sensor-controlled phases can extend the estimate to handle imbalance or excess foam.,The specific product construction or system described by the primary source; not all designs.,Global where this design is used; verify local requirements before naming a rule.,"Film the last minute on a washer takes longer; start with the visible detail, then a different close-up of the same object.",Show an estimated timer waiting for balance.,pending_review,,"{""recognition"": 3, ""overlooked_detail"": 3, ""payoff"": 3, ""evidence"": 0, ""visuals"": 3}",,"[{""url"": ""https://www.lg.com/us/support/help-library/lg-washer-cycle-time-does-not-change--1337701006321"", ""publisher"": ""lg.com""}, {""url"": ""https://www.lg.com/us/support/help-library/lg-washerdrying-function-dry-time-stops-at-6minutes--20154720331426"", ""publisher"": ""lg.com""}, {""url"": ""https://www.lg.com/us/support/help-library/lg-frontload-washer-wash-time-keeps-extending-CT10000012-20153782074388"", ""publisher"": ""lg.com""}]",washing-machines,mechanism-a644fcd99167c33d
home-009,home,technology,Why your tumble dryer keeps turning after it finishes,your tumble dryer keeps turning after it finishes,Intermittent post-cycle tumbling reduces creasing while clothes wait to be removed.,Intermittent post-cycle tumbling reduces creasing while clothes wait to be removed.,Bosch dryers with the anti-crease feature enabled; not a claim that every dryer continues tumbling.,Global where the specified design is used,"Film your tumble dryer keeps turning after it finishes; start with the visible detail, then a different close-up of the same object.",Compare a resting fold with loosened laundry.,reviewed,"{""reviewed_at"": ""2026-09-16T05:14:58.062998+00:00"", ""method"": ""Editorial comparison of stated mechanism with retrieved primary text"", ""finding"": ""Intermittent post-cycle tumbling reduces creasing while clothes wait to be removed."", ""scope"": ""Bosch dryers with the anti-crease feature enabled; not a claim that every dryer continues tumbling.""}","{""recognition"": 3, ""overlooked_detail"": 3, ""payoff"": 3, ""evidence"": 3, ""visuals"": 3}",,"[{""url"": ""https://www.bosch-home.com/us/owner-support/dryers/tips-and-tricks"", ""publisher"": ""bosch-home.com"", ""passage"": ""Anti-Crease: Periodically tumbles clothes after the drying cycle"", ""retrieved_at"": ""2026-09-16T05:10:43.594811+00:00""}]",dryers,mechanism-9ddda33ca334a5cd
home-010,home,technology,Why a dryer can work without blowing hot air outside,a dryer can work without blowing hot air outside,Heat-pump dryers recycle warm air in a closed loop instead of exhausting that air outdoors.,They recycle heat at lower drying temperatures instead of continually exhausting hot air.,Heat-pump dryers; compare the airflow route without unsupported duration or savings numbers.,Global where the specified design is used,"Film heat-pump dryers take longer but use less power; start with the visible detail, then a different close-up of the same object.",Draw two airflow loops side by side.,reviewed,"{""reviewed_at"": ""2026-09-16T05:14:58.062998+00:00"", ""method"": ""Editorial comparison of stated mechanism with retrieved primary text"", ""finding"": ""Heat-pump dryers recycle warm air in a closed loop instead of exhausting that air outdoors."", ""scope"": ""Heat-pump dryers; compare the airflow route without unsupported duration or savings numbers.""}","{""recognition"": 3, ""overlooked_detail"": 3, ""payoff"": 3, ""evidence"": 3, ""visuals"": 3}",,"[{""url"": ""https://www.energystar.gov/sites/default/files/2024-10/ES_Laundry_Factsheet_10-23-2024.pdf"", ""publisher"": ""energystar.gov"", ""passage"": ""a closed loop system that continuously recycles warm air"", ""retrieved_at"": ""2026-09-16T05:10:48.683599+00:00""}]",dryers,mechanism-df836806d8313247
home-011,home,technology,Why a lint filter fills even with clean clothes,a lint filter fills even with clean clothes,"Mechanical movement releases loose textile fibres, which airflow carries to the filter.","Mechanical movement releases loose textile fibres, which airflow carries to the filter.",The specific product construction or system described by the primary source; not all designs.,Global where this design is used; verify local requirements before naming a rule.,"Film a lint filter fills even with clean clothes; start with the visible detail, then a different close-up of the same object.",Track a loose fibre from fabric to mesh.,pending_review,,"{""recognition"": 3, ""overlooked_detail"": 3, ""payoff"": 3, ""evidence"": 0, ""visuals"": 3}",,"[{""url"": ""https://www.whirlpool.com/blog/washers-and-dryers/how-to-keep-clothes-from-pilling.html"", ""publisher"": ""whirlpool.com""}, {""url"": ""https://producthelp.whirlpool.com/Laundry/Dryers/Product_Info/Dryer_Cleaning_and_Care/Cleaning_the_Lint_Screen_and_Filter_on_a_HybridCare_Dryer"", ""publisher"": ""whirlpool.com""}, {""url"": ""https://www.whirlpool.com/blog/washers-and-dryers/how-to-remove-lint-from-clothes.html"", ""publisher"": ""whirlpool.com""}]",dryers,mechanism-a19fba85c71a3fc1
home-012,home,technology,Why a vacuum changes pitch when its hose is blocked,a vacuum changes pitch when its hose is blocked,A blockage changes airflow and the operating load on the motor and fan.,A blockage changes airflow and the operating load on the motor and fan.,The specific product construction or system described by the primary source; not all designs.,Global where this design is used; verify local requirements before naming a rule.,"Film a vacuum changes pitch when its hose is blocked; start with the visible detail, then a different close-up of the same object.",Compare open and obstructed airflow paths.,pending_review,,"{""recognition"": 3, ""overlooked_detail"": 3, ""payoff"": 3, ""evidence"": 0, ""visuals"": 3}",,"[{""url"": ""https://media.dyson.com/downloads/UK/floorcare/Manuals/dc01_abs_manual_uk.pdf"", ""publisher"": ""dyson.com""}, {""url"": ""https://au-fit31.commerce.dyson.com/products/vacuum-cleaners/dyson-omni-glide-vacuum/owners-guide"", ""publisher"": ""dyson.com""}, {""url"": ""https://media.dyson.com/downloads/us/floorcare/manuals/dc11_opmanual_usa.pdf"", ""publisher"": ""dyson.com""}]",vacuum-cleaners,mechanism-abca15a88932c58c
home-013,home,technology,Why a bagless vacuum spins dust in circles,a bagless vacuum spins dust in circles,Cyclonic airflow separates particles from air by making the air turn sharply.,Cyclonic airflow separates particles from air by making the air turn sharply.,The specific product construction or system described by the primary source; not all designs.,Global where this design is used; verify local requirements before naming a rule.,"Film a bagless vacuum spins dust in circles; start with the visible detail, then a different close-up of the same object.",Trace particles leaving a curved airflow path.,pending_review,,"{""recognition"": 3, ""overlooked_detail"": 3, ""payoff"": 3, ""evidence"": 0, ""visuals"": 3}",,"[{""url"": ""https://www.dyson.com/discover/innovation/behind-the-invention/dyson-relentless-engineerin"", ""publisher"": ""dyson.com""}, {""url"": ""https://www.dyson.com/discover/innovation/behind-the-invention/filtration-at-dyson"", ""publisher"": ""dyson.com""}, {""url"": ""https://media.dyson.com/downloads/SG/floorcare/floorcare_brochure.pdf"", ""publisher"": ""dyson.com""}]",vacuum-cleaners,mechanism-ed791d80270b1aa0
home-014,home,technology,Why your robot vacuum can miss a black rug,your robot vacuum can miss a black rug,Some cliff-sensor systems can interpret a dark floor as a drop-off and cause the robot to back away instead of cleaning it.,A flat dark patch can be mistaken for a drop by the specified cliff-sensor design.,Roomba designs covered by this support article; not every robot or black carpet. Do not suggest disabling safety sensors.,Global where the specified design is used,"Film your robot vacuum can miss a black rug; start with the visible detail, then a different close-up of the same object.","Show a labelled illustrative sensor decision: dark surface is classified as a drop, then the robot reverses; do not depict bypassing sensors.",reviewed,"{""reviewed_at"": ""2026-09-17T03:24:08.918213+00:00"", ""method"": ""Editorial comparison of stated mechanism with retrieved primary text"", ""finding"": ""Some cliff-sensor systems can interpret a dark floor as a drop-off and cause the robot to back away instead of cleaning it."", ""scope"": ""Roomba designs covered by this support article; not every robot or black carpet. Do not suggest disabling safety sensors.""}","{""recognition"": 3, ""overlooked_detail"": 3, ""payoff"": 3, ""evidence"": 3, ""visuals"": 3}",,"[{""url"": ""https://homesupport.irobot.com/articles/en_US/Knowledge/8960"", ""publisher"": ""irobot.com"", ""passage"": ""Roomba’s Cliff Sensors can sometimes see dark surfaces as drop-offs."", ""retrieved_at"": ""2026-09-16T05:10:50.224264+00:00""}]",robot-vacuums,mechanism-e2fc9b650fca29f3
home-015,home,technology,Why induction hobs ignore some metal pans,induction hobs ignore some metal pans,"Heating depends on coupling the magnetic field into compatible cookware, not simply on metal being present.",Two metal pans on the same hob can behave differently because being metal is not the whole requirement.,Induction-compatible cookware with suitable magnetic coupling; not every metal pan is compatible.,Global where the specified design is used,"Film induction hobs ignore some metal pans; start with the visible detail, then a different close-up of the same object.",Compare field coupling under two pan bases.,reviewed,"{""reviewed_at"": ""2026-09-16T05:14:58.062998+00:00"", ""method"": ""Editorial comparison of stated mechanism with retrieved primary text"", ""finding"": ""Heating depends on coupling the magnetic field into compatible cookware, not simply on metal being present."", ""scope"": ""Induction-compatible cookware with suitable magnetic coupling; not every metal pan is compatible.""}","{""recognition"": 3, ""overlooked_detail"": 4, ""payoff"": 4, ""evidence"": 3, ""visuals"": 3}",,"[{""url"": ""https://www.bosch-home.com/us/owner-support/get-support/what-is-induction-cookware"", ""publisher"": ""bosch-home.com"", ""passage"": ""Induction cookware works by using a magnetic field under the cooktop's surface"", ""retrieved_at"": ""2026-09-16T05:10:50.945963+00:00""}]",induction-hobs,mechanism-20471a5a58efb387
home-016,home,technology,Why an induction hob clicks at low power,an induction hob clicks at low power,Some controls regulate average heating by cycling power rather than running continuously.,Some controls regulate average heating by cycling power rather than running continuously.,The specific product construction or system described by the primary source; not all designs.,Global where this design is used; verify local requirements before naming a rule.,"Film an induction hob clicks at low power; start with the visible detail, then a different close-up of the same object.",Show short power pulses beneath a pan.,pending_review,,"{""recognition"": 3, ""overlooked_detail"": 3, ""payoff"": 3, ""evidence"": 0, ""visuals"": 3}",,"[{""url"": ""https://image-us.samsung.com/SamsungUS/dacor/products/cooking/ranges/hipr30s/download/HIPR36S-User-Manual.pdf"", ""publisher"": ""samsung.com""}, {""url"": ""https://images.samsung.com/is/content/samsung/assets/sg/cooking-appliances/hobs/nz8500bm-bepoke-induction-hob-dual-flex-zone-auto-connectivity-smartthings-cooking-nz64b5067yy-sp.pdf"", ""publisher"": ""samsung.com""}, {""url"": ""https://www.samsung.com/us/support/troubleshoot/TSG10007324/"", ""publisher"": ""samsung.com""}]",induction-hobs,mechanism-c387bc73cd22b1eb
home-017,home,technology,Why microwaves leave cold spots in the middle,microwaves leave cold spots in the middle,The electromagnetic field and food geometry produce uneven energy absorption.,The electromagnetic field and food geometry produce uneven energy absorption.,The specific product construction or system described by the primary source; not all designs.,Global where this design is used; verify local requirements before naming a rule.,"Film microwaves leave cold spots in the middle; start with the visible detail, then a different close-up of the same object.",Move a plate through a field heat map.,pending_review,,"{""recognition"": 3, ""overlooked_detail"": 3, ""payoff"": 3, ""evidence"": 0, ""visuals"": 3}",,"[{""url"": ""https://www.fda.gov/radiation-emitting-products/resources-you-radiation-emitting-products/microwave-ovens"", ""publisher"": ""fda.gov""}, {""url"": ""https://www.fda.gov/media/90663/download"", ""publisher"": ""fda.gov""}, {""url"": ""https://www.fda.gov/files/food/published/Kinetics-of-Microbial-Inactivation-for-Alternative-Food-Processing-Technologies.pdf"", ""publisher"": ""fda.gov""}]",microwave-ovens,mechanism-8f083e66cf6d32b6
home-018,home,technology,Why the microwave door has a metal mesh,the microwave door has a metal mesh,Its small openings impede microwave transmission while allowing visible light through.,Its small openings impede microwave transmission while allowing visible light through.,The specific product construction or system described by the primary source; not all designs.,Global where this design is used; verify local requirements before naming a rule.,"Film the microwave door has a metal mesh; start with the visible detail, then a different close-up of the same object.",Compare the two wavelengths at the screen.,pending_review,,"{""recognition"": 3, ""overlooked_detail"": 3, ""payoff"": 3, ""evidence"": 0, ""visuals"": 3}",,"[{""url"": ""https://www.fda.gov/downloads/Radiation-EmittingProducts/RadiationEmittingProductsandProcedures/HomeBusinessandEntertainment/UCM119038.pdf"", ""publisher"": ""fda.gov""}, {""url"": ""https://www.fda.gov/about-fda/forms/guidance-preparing-reports-radiation-safety-microwave-ovens-pdf"", ""publisher"": ""fda.gov""}, {""url"": ""https://www.fda.gov/media/124631/download"", ""publisher"": ""fda.gov""}]",microwave-ovens,mechanism-66db348a20162b68
home-019,home,technology,Why your kettle knows when to switch itself off,your kettle knows when to switch itself off,"In a steam-operated kettle, steam travels down a channel to the control, which disconnects the heater when boiling is detected.","The switch can react to steam routed away from the water, rather than simply waiting a fixed time.",Steam-operated kettle controls illustrated by Strix; some electronic kettles use other sensing designs.,Global where the specified design is used,Show the kettle switch clicking off and a close-up of its spout; keep the real appliance intact.,"Draw a kettle cutaway with a steam path to a separate switch, then open the heater circuit when steam reaches it.",reviewed,"{""reviewed_at"": ""2026-09-17T03:43:31.657870+00:00"", ""method"": ""Editorial comparison of stated mechanism with retrieved primary text"", ""finding"": ""In a steam-operated kettle, steam travels down a channel to the control, which disconnects the heater when boiling is detected."", ""scope"": ""Steam-operated kettle controls illustrated by Strix; some electronic kettles use other sensing designs.""}","{""recognition"": 3, ""overlooked_detail"": 3, ""payoff"": 4, ""evidence"": 3, ""visuals"": 4}",Replaced the held obvious-utility angle with a distinct supported mechanism; original research draft retained in category input for audit.,"[{""url"": ""https://strix.com/docs/2022/ketl-aim-admission-document-08-08-17_e81e9e5e49.pdf"", ""publisher"": ""strix.com"", ""passage"": ""When boiled, steam is released down a tube activating the safety control"", ""retrieved_at"": ""2026-09-17T03:42:11.164649+00:00""}]",electric-kettle,mechanism-f5fba3e52e8ad5d3
home-020,home,technology,Why your oven's heating element goes dark before cooking ends,your oven's heating element goes dark before cooking ends,An oven cycles its heating elements on and off during cooking to regulate temperature.,A thermostat cycles heating around the target rather than holding the element permanently on.,Electric oven heating elements cycling during temperature regulation; distinguish from the oven's interior light.,Global where the specified design is used,"Film the oven light turns off before the oven cools; start with the visible detail, then a different close-up of the same object.",Plot temperature and heating pulses.,reviewed,"{""reviewed_at"": ""2026-09-16T05:14:58.062998+00:00"", ""method"": ""Editorial comparison of stated mechanism with retrieved primary text"", ""finding"": ""An oven cycles its heating elements on and off during cooking to regulate temperature."", ""scope"": ""Electric oven heating elements cycling during temperature regulation; distinguish from the oven's interior light.""}","{""recognition"": 3, ""overlooked_detail"": 3, ""payoff"": 3, ""evidence"": 3, ""visuals"": 3}",,"[{""url"": ""https://producthelp.whirlpool.com/Cooking/Wall_Ovens_and_Ranges/Ranges/Oven_Concerns/Oven_Not_Working/Electric_Oven/Oven_Elements_Turning_On%2F%2FOff_-_Electric_Range"", ""publisher"": ""whirlpool.com"", ""passage"": ""It is normal for the oven elements (bake and broil) to turn off and on during a cycle"", ""retrieved_at"": ""2026-09-16T05:10:54.329471+00:00""}]",ovens,mechanism-2d0303a8f7c49842
home-021,home,technology,Why an oven door has several layers of glass,an oven door has several layers of glass,Air spaces and multiple panes reduce heat transfer to the outer surface.,Air spaces and multiple panes reduce heat transfer to the outer surface.,The specific product construction or system described by the primary source; not all designs.,Global where this design is used; verify local requirements before naming a rule.,"Film an oven door has several layers of glass; start with the visible detail, then a different close-up of the same object.",Draw a cutaway with heat-flow arrows.,pending_review,,"{""recognition"": 3, ""overlooked_detail"": 3, ""payoff"": 3, ""evidence"": 0, ""visuals"": 3}",,"[{""url"": ""https://media3.bosch-home.com/Documents/9000175024_B.pdf"", ""publisher"": ""bosch-home.com""}, {""url"": ""https://media3.bosch-home.com/Documents/16169933_AW_Built-in_Catalogue_2020_Ebook.pdf"", ""publisher"": ""bosch-home.com""}, {""url"": ""https://media3.bosch-home.com/Documents/9001944780_C.pdf"", ""publisher"": ""bosch-home.com""}]",ovens,mechanism-3e164c392ae8f9f7
home-022,home,technology,Why toaster slots sometimes heat unevenly,toaster slots sometimes heat unevenly,Element layout and bread position affect radiant heat reaching each face.,Element layout and bread position affect radiant heat reaching each face.,The specific product construction or system described by the primary source; not all designs.,Global where this design is used; verify local requirements before naming a rule.,"Film toaster slots sometimes heat unevenly; start with the visible detail, then a different close-up of the same object.",Compare radiation paths to two slices.,pending_review,,"{""recognition"": 3, ""overlooked_detail"": 3, ""payoff"": 3, ""evidence"": 0, ""visuals"": 3}",,"[{""url"": ""https://assets.breville.com/Instruction-Booklets/USCM/BOV670_USCM_IB_I21_FA_WEB.pdf"", ""publisher"": ""breville.com""}, {""url"": ""https://assets.breville.com/BOV800/BOV800XL_USC_IB_M23_LR.pdf"", ""publisher"": ""breville.com""}, {""url"": ""https://assets.breville.com/BTA850/BTA850_BTA870_ANZ_IB_A25_LR.pdf"", ""publisher"": ""breville.com""}]",toasters,mechanism-e201cfdf473040bf
home-023,home,technology,Why a toaster browns frozen bread without raising the lever twice,a toaster browns frozen bread without raising the lever twice,A defrost programme adds time for thawing before normal browning.,A defrost programme adds time for thawing before normal browning.,The specific product construction or system described by the primary source; not all designs.,Global where this design is used; verify local requirements before naming a rule.,"Film a toaster browns frozen bread without raising the lever twice; start with the visible detail, then a different close-up of the same object.",Show thawing and browning as separate stages.,pending_review,,"{""recognition"": 3, ""overlooked_detail"": 3, ""payoff"": 3, ""evidence"": 0, ""visuals"": 3}",,"[{""url"": ""https://www.dualit.com/products/long-lite-toaster"", ""publisher"": ""dualit.com""}, {""url"": ""https://www.dualit.com/products/2-slice-lite-gloss?variant=45452829327671"", ""publisher"": ""dualit.com""}, {""url"": ""https://www.dualit.com/products/4-slice-refurbished-lite-toaster"", ""publisher"": ""dualit.com""}]",toasters,mechanism-e65f8df15a2388f0
home-024,home,technology,Why a rice cooker switches modes without a timer,a rice cooker switches modes without a timer,"While water remains, boiling limits pot temperature; a later temperature rise signals the switch.","While water remains, boiling limits pot temperature; a later temperature rise signals the switch.",The specific product construction or system described by the primary source; not all designs.,Global where this design is used; verify local requirements before naming a rule.,"Film a rice cooker switches modes without a timer; start with the visible detail, then a different close-up of the same object.",Graph pot temperature across water depletion.,pending_review,,"{""recognition"": 3, ""overlooked_detail"": 3, ""payoff"": 3, ""evidence"": 0, ""visuals"": 3}",,"[{""url"": ""https://www.zojirushi.com/blog/back-to-basics-conventional-rice-cookers/"", ""publisher"": ""zojirushi.com""}, {""url"": ""https://www.zojirushi.com/app/faq/rice-cookers"", ""publisher"": ""zojirushi.com""}, {""url"": ""https://www.zojirushi.com/blog/back-to-basics-what-is-micom-and-what-does-it-do/"", ""publisher"": ""zojirushi.com""}]",rice-cookers,mechanism-18a504a2ba8fbc2b
home-025,home,technology,Why the pressure cooker lid resists opening,the pressure cooker lid resists opening,A pressure interlock prevents opening while internal pressure remains elevated.,A pressure interlock prevents opening while internal pressure remains elevated.,Instant Pot pressure lid and float-valve design; never suggest forcing the lid open.,Global where the specified design is used,"Film the pressure cooker lid resists opening; start with the visible detail, then a different close-up of the same object.",Animate the locking pin rising.,reviewed,"{""reviewed_at"": ""2026-09-16T05:14:58.063998+00:00"", ""method"": ""Editorial comparison of stated mechanism with retrieved primary text"", ""finding"": ""A pressure interlock prevents opening while internal pressure remains elevated."", ""scope"": ""Instant Pot pressure lid and float-valve design; never suggest forcing the lid open.""}","{""recognition"": 3, ""overlooked_detail"": 3, ""payoff"": 1, ""evidence"": 3, ""visuals"": 3}",Hold: the current angle mainly explains obvious utility; needs a less familiar mechanism before selection.,"[{""url"": ""https://instantpot.com/pages/frequently-asked-questions"", ""publisher"": ""instantpot.com"", ""passage"": ""If the float valve is still up and/or the lid is difficult to open"", ""retrieved_at"": ""2026-09-16T05:11:21.541404+00:00""}]",pressure-cookers,mechanism-f95db2376ce97ad3
home-026,home,technology,Why steam appears beyond the kettle spout,steam appears beyond the kettle spout,Visible mist forms when invisible water vapour cools into tiny droplets.,Visible mist forms when invisible water vapour cools into tiny droplets.,The specific product construction or system described by the primary source; not all designs.,Global where this design is used; verify local requirements before naming a rule.,"Film steam appears beyond the kettle spout; start with the visible detail, then a different close-up of the same object.",Show clear vapour becoming a white cloud.,pending_review,,"{""recognition"": 3, ""overlooked_detail"": 3, ""payoff"": 3, ""evidence"": 0, ""visuals"": 3}",,"[{""url"": ""https://www.usgs.gov/news/volcano-watch-atmospheric-nuclear-explosions-and-source-steaming-flats-water"", ""publisher"": ""usgs.gov""}, {""url"": ""https://www.usgs.gov/observatories/hvo/news/volcano-watch-colorful-plumes-can-we-see-volcanic-gases"", ""publisher"": ""usgs.gov""}, {""url"": ""https://water.usgs.gov/edu/watercycle-kids-int.html"", ""publisher"": ""usgs.gov""}]",electric-kettle,mechanism-7356d96811844f57
home-027,home,technology,Why a tap stream looks white but clears in a glass,a tap stream looks white but clears in a glass,Entrained air bubbles scatter light and then escape from the water.,Entrained air bubbles scatter light and then escape from the water.,The specific product construction or system described by the primary source; not all designs.,Global where this design is used; verify local requirements before naming a rule.,"Film a tap stream looks white but clears in a glass; start with the visible detail, then a different close-up of the same object.",Follow bubbles rising through a filled glass.,pending_review,,"{""recognition"": 3, ""overlooked_detail"": 3, ""payoff"": 3, ""evidence"": 0, ""visuals"": 3}",,"[{""url"": ""https://www.dwi.gov.uk/consumers/learn-more-about-your-water/discoloured-water/"", ""publisher"": ""dwi.gov.uk""}, {""url"": ""https://www.dwi.gov.uk/consumers/learn-more-about-your-water/white-or-cloudy-water/"", ""publisher"": ""dwi.gov.uk""}, {""url"": ""https://www.dwi.gov.uk/wp-content/uploads/2022/12/IL-04-2022-Revised-Annual-Consumer-Contacts-1.pdf"", ""publisher"": ""dwi.gov.uk""}]",taps,mechanism-3a3879e9ce7f864f
home-028,home,technology,Why your shower temperature changes when another tap opens,your shower temperature changes when another tap opens,Changing supply flows can alter the hot-cold mix in valves without pressure compensation.,Changing supply flows can alter the hot-cold mix in valves without pressure compensation.,The specific product construction or system described by the primary source; not all designs.,Global where this design is used; verify local requirements before naming a rule.,"Film your shower temperature changes when another tap opens; start with the visible detail, then a different close-up of the same object.",Compare supply pressures at a mixing valve.,pending_review,,"{""recognition"": 3, ""overlooked_detail"": 3, ""payoff"": 3, ""evidence"": 0, ""visuals"": 3}",,"[{""url"": ""https://resources.kohler.com/plumbing/mira/pdf/1493953-w2-a-mira-sport-multi-fit-installation-and-user-guide.pdf"", ""publisher"": ""kohler.com""}, {""url"": ""https://resources.kohler.com/plumbing/mira/pdf/1060737-w2-g-mira-sport-2005-2013-installation-and-user-guide.pdf"", ""publisher"": ""kohler.com""}, {""url"": ""https://resources.kohler.com/plumbing/mira/pdf/1129821-w2-f-mira-jump-2010-2014-installation-and-user-guide.pdf"", ""publisher"": ""kohler.com""}]",showers,mechanism-5bb87a3f0cfdf7e3
home-029,home,technology,Why a shower head keeps dripping after you turn it off,a shower head keeps dripping after you turn it off,Water trapped in the head and hose can drain after the supply valve has closed.,Water trapped in the head and hose can drain after the supply valve has closed.,Brief drainage after shutoff on the described shower design; persistent leaking requires a different explanation.,Global where the specified design is used,"Film a shower head keeps dripping after you turn it off; start with the visible detail, then a different close-up of the same object.",Trace retained water through downward nozzles.,reviewed,"{""reviewed_at"": ""2026-09-16T05:14:58.064998+00:00"", ""method"": ""Editorial comparison of stated mechanism with retrieved primary text"", ""finding"": ""Water trapped in the head and hose can drain after the supply valve has closed."", ""scope"": ""Brief drainage after shutoff on the described shower design; persistent leaking requires a different explanation.""}","{""recognition"": 3, ""overlooked_detail"": 3, ""payoff"": 3, ""evidence"": 3, ""visuals"": 3}",,"[{""url"": ""https://assets.hansgrohe.com/mam/celum/celum_assets/16__hruh0972_pdf.pdf"", ""publisher"": ""hansgrohe.com"", ""passage"": ""Water left in the shower- head / tub spout is draining away"", ""retrieved_at"": ""2026-09-16T05:11:48.434970+00:00""}]",showers,mechanism-40b6e594275104ff
home-030,home,technology,Why a sink pipe bends into a U,a sink pipe bends into a U,Retained water forms a barrier between indoor air and the drain system.,Retained water forms a barrier between indoor air and the drain system.,The specific product construction or system described by the primary source; not all designs.,Global where this design is used; verify local requirements before naming a rule.,"Film a sink pipe bends into a U; start with the visible detail, then a different close-up of the same object.",Show a water seal blocking gas arrows.,pending_review,,"{""recognition"": 3, ""overlooked_detail"": 3, ""payoff"": 3, ""evidence"": 0, ""visuals"": 3}",,"[{""url"": ""https://www.epa.gov/system/files/documents/2025-10/route-1-washington-st-wrentham-ma-2018.pdf"", ""publisher"": ""epa.gov""}, {""url"": ""https://nepis.epa.gov/Exe/ZyPURL.cgi?Dockey=P100KJA7.TXT"", ""publisher"": ""epa.gov""}, {""url"": ""https://nepis.epa.gov/Exe/ZyPURL.cgi?Dockey=91019DM4.TXT"", ""publisher"": ""epa.gov""}]",drain-traps,mechanism-3feddadade0722cd
home-031,home,technology,Why an unused floor drain can start smelling,an unused floor drain can start smelling,Evaporation can remove the trap's water seal after long disuse.,Evaporation can remove the trap's water seal after long disuse.,An unused trap can lose its water seal; do not claim this diagnoses every drain smell.,Global where the specified design is used,"Film an unused floor drain can start smelling; start with the visible detail, then a different close-up of the same object.",Lower the water level in a trap cutaway.,reviewed,"{""reviewed_at"": ""2026-09-16T05:14:58.064998+00:00"", ""method"": ""Editorial comparison of stated mechanism with retrieved primary text"", ""finding"": ""Evaporation can remove the trap's water seal after long disuse."", ""scope"": ""An unused trap can lose its water seal; do not claim this diagnoses every drain smell.""}","{""recognition"": 3, ""overlooked_detail"": 3, ""payoff"": 3, ""evidence"": 3, ""visuals"": 3}",,"[{""url"": ""https://www.epa.gov/iaq-schools/controlling-pollutants-and-sources-indoor-air-quality-design-tools-schools"", ""publisher"": ""epa.gov"", ""passage"": ""the water in a simple drain trap has evaporated"", ""retrieved_at"": ""2026-09-16T05:12:05.080276+00:00""}]",drain-traps,mechanism-c9e24c216170e9b0
home-032,home,technology,Why a sink can gurgle while another fixture drains,a sink can gurgle while another fixture drains,Drainage airflow and venting affect pressure around water-filled traps.,Drainage airflow and venting affect pressure around water-filled traps.,Gurgling associated with inadequate drain venting; not the only possible cause.,Global where the specified design is used,"Film a sink can gurgle while another fixture drains; start with the visible detail, then a different close-up of the same object.",Show air moving through a shared drain.,reviewed,"{""reviewed_at"": ""2026-09-16T05:14:58.064998+00:00"", ""method"": ""Editorial comparison of stated mechanism with retrieved primary text"", ""finding"": ""Drainage airflow and venting affect pressure around water-filled traps."", ""scope"": ""Gurgling associated with inadequate drain venting; not the only possible cause.""}","{""recognition"": 3, ""overlooked_detail"": 3, ""payoff"": 3, ""evidence"": 3, ""visuals"": 3}",,"[{""url"": ""https://www.oatey.com/resources/project-guides/aav-installation"", ""publisher"": ""oatey.com"", ""passage"": ""Gurgling sounds that suggest inadequate air admittance"", ""retrieved_at"": ""2026-09-16T05:12:19.751230+00:00""}]",drain-traps,mechanism-c094af6d7153f372
home-033,home,technology,Why a toilet refills even after the bowl looks full,a toilet refills even after the bowl looks full,The refill flow restores both the tank supply and the bowl's water seal.,The refill flow restores both the tank supply and the bowl's water seal.,The specific product construction or system described by the primary source; not all designs.,Global where this design is used; verify local requirements before naming a rule.,"Film a toilet refills even after the bowl looks full; start with the visible detail, then a different close-up of the same object.",Split water between tank and overflow tube.,pending_review,,"{""recognition"": 3, ""overlooked_detail"": 3, ""payoff"": 3, ""evidence"": 0, ""visuals"": 3}",,"[{""url"": ""https://www.fluidmaster.com/wp-content/uploads/2016/12/404LGR_installation_instructions_english.pdf"", ""publisher"": ""fluidmaster.com""}, {""url"": ""https://www.fluidmaster.com/wp-content/uploads/2016/12/402LGR_installation_instructions_english.pdf"", ""publisher"": ""fluidmaster.com""}, {""url"": ""https://www.fluidmaster.com/wp-content/uploads/2017/03/400CARSP5_Instr_030217_ENGLISH.pdf"", ""publisher"": ""fluidmaster.com""}]",toilets,mechanism-c7a26c33ed183329
home-034,home,technology,Why some taps make a foamy-looking stream,some taps make a foamy-looking stream,"An aerating outlet mixes air into the water and shapes the flow, so the stream can feel fuller without being a solid column of water.","The apparent thickness of the stream can come partly from mixed-in air, not just more water.","Aerated faucet-outlet designs described by Neoperl; laminar outlets do not add air, and flow limiting varies by model.",Global where the specified design is used,"Show an aerated tap stream against a dark background, then a clear laminar stream as a labelled design comparison.",Cut away an illustrative faucet outlet and trace incoming air joining water before the shaped stream leaves.,reviewed,"{""reviewed_at"": ""2026-09-17T15:30:37.201607+00:00"", ""method"": ""Editorial comparison of stated mechanism with retrieved primary text"", ""finding"": ""An aerating outlet mixes air into the water and shapes the flow, so the stream can feel fuller without being a solid column of water."", ""scope"": ""Aerated faucet-outlet designs described by Neoperl; laminar outlets do not add air, and flow limiting varies by model.""}","{""recognition"": 3, ""overlooked_detail"": 3, ""payoff"": 3, ""evidence"": 3, ""visuals"": 4}",,"[{""url"": ""https://www.neoperl.com/ca/en/aftermarket/products/faucet-aerators"", ""publisher"": ""neoperl.com"", ""passage"": ""The aerator adds air to the water flowing through the faucet."", ""retrieved_at"": ""2026-09-16T05:12:54.738145+00:00""}]",taps,mechanism-f27f012ff4f947b0
home-035,home,technology,Why soap scum builds up faster in some bathrooms,soap scum builds up faster in some bathrooms,Calcium and magnesium in hard water form poorly soluble compounds with soap.,Calcium and magnesium in hard water form poorly soluble compounds with soap.,The specific product construction or system described by the primary source; not all designs.,Global where this design is used; verify local requirements before naming a rule.,"Film soap scum builds up faster in some bathrooms; start with the visible detail, then a different close-up of the same object.",Compare soap in hard and soft water.,pending_review,,"{""recognition"": 3, ""overlooked_detail"": 3, ""payoff"": 3, ""evidence"": 0, ""visuals"": 3}",,"[{""url"": ""https://www.usgs.gov/water-science-school/science/hardness-water"", ""publisher"": ""usgs.gov""}, {""url"": ""https://www.usgs.gov/faqs/why-does-it-take-so-long-rinse-soap-my-hands-what-are-hard-water-and-soft-water?items_per_page=6&page=1"", ""publisher"": ""usgs.gov""}, {""url"": ""https://www.usgs.gov/water-science-school/science/water-qa-why-cant-i-rinse-soap-my-hands"", ""publisher"": ""usgs.gov""}]",soap-scum-builds-up-faster-in-some-bathrooms,mechanism-4ed83f7fa8b73b03
home-036,home,technology,Why boiled water leaves a white kettle crust,boiled water leaves a white kettle crust,Heating hard water promotes mineral deposits on hot surfaces.,Heating hard water promotes mineral deposits on hot surfaces.,The specific product construction or system described by the primary source; not all designs.,Global where this design is used; verify local requirements before naming a rule.,"Film boiled water leaves a white kettle crust; start with the visible detail, then a different close-up of the same object.",Show dissolved minerals accumulating on an element.,pending_review,,"{""recognition"": 3, ""overlooked_detail"": 3, ""payoff"": 3, ""evidence"": 0, ""visuals"": 3}",,"[{""url"": ""https://www.usgs.gov/water-science-school/science/hardness-water"", ""publisher"": ""usgs.gov""}, {""url"": ""https://pubs.usgs.gov/gip/gw/quality.html"", ""publisher"": ""usgs.gov""}, {""url"": ""https://pubs.usgs.gov/wsp/1812/report.pdf"", ""publisher"": ""usgs.gov""}]",electric-kettle,mechanism-2f7bb0b6ae97230f
home-037,home,technology,Why water climbs into a paper towel,water climbs into a paper towel,Adhesion and surface tension draw water through narrow spaces between fibres.,Adhesion and surface tension draw water through narrow spaces between fibres.,The specific product construction or system described by the primary source; not all designs.,Global where this design is used; verify local requirements before naming a rule.,"Film water climbs into a paper towel; start with the visible detail, then a different close-up of the same object.",Magnify a wetting front moving between fibres.,pending_review,,"{""recognition"": 3, ""overlooked_detail"": 3, ""payoff"": 3, ""evidence"": 0, ""visuals"": 3}",,"[{""url"": ""https://www.usgs.gov/water-science-school/science/capillary-action-and-water"", ""publisher"": ""usgs.gov""}, {""url"": ""https://www.usgs.gov/water-science-school/science/surface-tension-and-water"", ""publisher"": ""usgs.gov""}, {""url"": ""https://www.usgs.gov/water-science-school/science/adhesion-and-cohesion-water"", ""publisher"": ""usgs.gov""}]",water-climbs-into-a-paper-towel,mechanism-6c62e99a46b6cefe
home-038,home,technology,Why water makes a ring around a drying spill,water makes a ring around a drying spill,Evaporation and outward flow can transport suspended particles to a pinned edge.,Evaporation and outward flow can transport suspended particles to a pinned edge.,Drying drops containing dispersed particles with a pinned contact line; not every liquid spill.,Global where the specified design is used,"Film water makes a ring around a drying spill; start with the visible detail, then a different close-up of the same object.",Trace particles travelling to a puddle rim.,reviewed,"{""reviewed_at"": ""2026-09-16T15:22:54.132869+00:00"", ""method"": ""Editorial comparison of stated mechanism with retrieved primary text"", ""finding"": ""Evaporation and outward flow can transport suspended particles to a pinned edge."", ""scope"": ""Drying drops containing dispersed particles with a pinned contact line; not every liquid spill.""}","{""recognition"": 3, ""overlooked_detail"": 3, ""payoff"": 3, ""evidence"": 3, ""visuals"": 3}",,"[{""url"": ""https://jfi.uchicago.edu/~tten/Science%20topics/Coffee.drops/Nagel.7.4.pdf"", ""publisher"": ""uchicago.edu"", ""passage"": ""The resulting outward ﬂow can carry virtually all the dispersed material to the edge."", ""retrieved_at"": ""2026-09-16T05:12:54.961189+00:00""}]",water-makes-a-ring-around-a-drying-spill,mechanism-a34dad15bd418039
home-039,home,technology,Why a suction hook eventually falls off,a suction hook eventually falls off,Air entering at the seal reduces the pressure difference holding the cup against the wall.,Air entering at the seal reduces the pressure difference holding the cup against the wall.,The specific product construction or system described by the primary source; not all designs.,Global where this design is used; verify local requirements before naming a rule.,"Film a suction hook eventually falls off; start with the visible detail, then a different close-up of the same object.",Show a tiny leak equalising pressure.,pending_review,,"{""recognition"": 3, ""overlooked_detail"": 3, ""payoff"": 3, ""evidence"": 0, ""visuals"": 3}",,"[{""url"": ""https://multimedia.3m.com/mws/media/1317099O/festool-automotive-systems-user-instructions-clt-48-e-le-ec-ctm-48-e-le-ec-ctm-48-e-le-ec-ind.pdf"", ""publisher"": ""3m.com""}, {""url"": ""https://multimedia.3m.com/mws/media/147813O/3m-half-facepiece-respirator-7500-series-user-instructions.pdf?fn=7500Series_UserInstructions_Online_R5.pdf"", ""publisher"": ""3m.com""}, {""url"": ""https://multimedia.3m.com/mws/media/147813O/3m-half-facepiece-respirator-7500-series-user-instructions.pdf?fn=UserInstruction-ReusableResp_Facepieces_7501-7502-7503_R6.pdf"", ""publisher"": ""3m.com""}]",a-suction-hook-eventually-falls-off,mechanism-0c6f59732349b02f
home-040,home,technology,Why a damp cloth can grip a jar lid better,a damp cloth can grip a jar lid better,Surface conditions change friction between the grip material and the lid.,Surface conditions change friction between the grip material and the lid.,The specific product construction or system described by the primary source; not all designs.,Global where this design is used; verify local requirements before naming a rule.,"Film a damp cloth can grip a jar lid better; start with the visible detail, then a different close-up of the same object.",Compare sliding forces at the contact patch.,pending_review,,"{""recognition"": 3, ""overlooked_detail"": 3, ""payoff"": 3, ""evidence"": 0, ""visuals"": 3}",,"[{""url"": ""https://physics.org/"", ""publisher"": ""physics.org"", ""research_lead_only"": true}]",bottles,mechanism-bd62152e4f470844
home-041,home,technology,Why double-sided tape feels weaker on a dusty wall,double-sided tape feels weaker on a dusty wall,Dust prevents the adhesive from making intimate contact with the underlying surface.,Dust prevents the adhesive from making intimate contact with the underlying surface.,The specific product construction or system described by the primary source; not all designs.,Global where this design is used; verify local requirements before naming a rule.,"Film double-sided tape feels weaker on a dusty wall; start with the visible detail, then a different close-up of the same object.",Magnify adhesive contacting loose dust.,pending_review,,"{""recognition"": 3, ""overlooked_detail"": 3, ""payoff"": 3, ""evidence"": 0, ""visuals"": 3}",,"[{""url"": ""https://www.3m.com/3M/en_US/bonding-and-assembly-us/resources/science-of-adhesion/surface-science-basics/"", ""publisher"": ""3m.com""}, {""url"": ""https://www.3m.com/3M/en_US/bonding-and-assembly-us/resources/science-of-adhesion/changing-surface-properties/"", ""publisher"": ""3m.com""}, {""url"": ""https://www.3m.com/3M/en_US/bonding-and-assembly-us/resources/science-of-adhesion/influence-surface-roughness/"", ""publisher"": ""3m.com""}]",water-fixtures,mechanism-6d8e9121faa281aa
home-042,home,technology,Why removable picture strips need a downward pull,removable picture strips need a downward pull,Stretch-release adhesive reduces bonding as the strip elongates along the wall.,Stretch-release adhesive reduces bonding as the strip elongates along the wall.,The specific product construction or system described by the primary source; not all designs.,Global where this design is used; verify local requirements before naming a rule.,"Film removable picture strips need a downward pull; start with the visible detail, then a different close-up of the same object.",Animate the adhesive stretching parallel to paint.,pending_review,,"{""recognition"": 3, ""overlooked_detail"": 3, ""payoff"": 3, ""evidence"": 0, ""visuals"": 3}",,"[{""url"": ""https://www.command.com/3M/en_US/command/how-to-use/picture-hanging-strips/"", ""publisher"": ""command.com""}, {""url"": ""https://www.command.com/3M/en_CA/command-ca/how-to-use/"", ""publisher"": ""command.com""}, {""url"": ""https://www.command.com/3M/en_US/command/how-to-use/picture-hanging-solutions/"", ""publisher"": ""command.com""}]",removable-picture-strips-need-a-downward-pull,mechanism-e6014a890ddfe830
home-043,home,technology,Why a drawer slows down without you holding it,a drawer slows down without you holding it,A soft-close mechanism couples a spring pull to a damper near the end of travel.,A soft-close mechanism couples a spring pull to a damper near the end of travel.,The specific product construction or system described by the primary source; not all designs.,Global where this design is used; verify local requirements before naming a rule.,"Film a drawer slows down without you holding it; start with the visible detail, then a different close-up of the same object.",Show a drawer engaging a damping piston.,pending_review,,"{""recognition"": 3, ""overlooked_detail"": 3, ""payoff"": 3, ""evidence"": 0, ""visuals"": 3}",,"[{""url"": ""https://www.blum.com/us/en/products/motion-technologies/servo-drive/servo-drive-pullouts/programme/"", ""publisher"": ""blum.com""}, {""url"": ""https://www.blum.com/us/en/products/motion-technologies/tip-on-blumotion/overview/"", ""publisher"": ""blum.com""}, {""url"": ""https://www.blum.com/us/en/products/runnersystems/tandem/overview/"", ""publisher"": ""blum.com""}]",a-drawer-slows-down-without-you-holding-it,mechanism-6a55ad68eb23f771
home-044,home,technology,Why a cupboard hinge has several adjustment screws,a cupboard hinge has several adjustment screws,"Different screws adjust depth, sideways position and alignment without relocating the door.","Different screws move the door along different axes, rather than merely tightening the same attachment.",The Blum concealed-hinge design described; screw positions and available adjustments vary by hinge.,Global where the specified design is used,"Film a cupboard hinge has several adjustment screws; start with the visible detail, then a different close-up of the same object.",Show one screw changing one axis.,reviewed,"{""reviewed_at"": ""2026-09-17T03:24:08.936917+00:00"", ""method"": ""Editorial comparison of stated mechanism with retrieved primary text"", ""finding"": ""Different screws adjust depth, sideways position and alignment without relocating the door."", ""scope"": ""The Blum concealed-hinge design described; screw positions and available adjustments vary by hinge.""}","{""recognition"": 3, ""overlooked_detail"": 3, ""payoff"": 3, ""evidence"": 3, ""visuals"": 3}",,"[{""url"": ""https://www.blum.com/us/en/company/press/press-releases-detail_62016.html"", ""publisher"": ""blum.com"", ""passage"": ""Depth and side-to-side adjustments are also available, with markings stamped on the hinge near their corresponding screw."", ""retrieved_at"": ""2026-09-16T05:13:24.883000+00:00""}]",a-cupboard-hinge-has-several-adjustment-screws,mechanism-d8d86e722ccbcc76
home-045,home,technology,Why flat-pack furniture uses those rotating round locks,flat-pack furniture uses those rotating round locks,"A cam pulls a mating bolt into tension when turned, clamping the panels together.","A cam pulls a mating bolt into tension when turned, clamping the panels together.",The specific product construction or system described by the primary source; not all designs.,Global where this design is used; verify local requirements before naming a rule.,"Film flat-pack furniture uses those rotating round locks; start with the visible detail, then a different close-up of the same object.",Cut away a cam lock turning around its bolt.,pending_review,,"{""recognition"": 3, ""overlooked_detail"": 3, ""payoff"": 3, ""evidence"": 0, ""visuals"": 3}",,"[{""url"": ""https://www.hafele.com/us/en/product/combination-cam-lock-dualaxess/P-00871561/"", ""publisher"": ""hafele.com""}, {""url"": ""https://www.hafele.com/us/en/product/worktop-connector-quick-bolt-30/P-01498480/"", ""publisher"": ""hafele.com""}, {""url"": ""https://www.hafele.com/us/en/product/cam-lock-body-with-outward-offset-cam/P-00871429/"", ""publisher"": ""hafele.com""}]",flat-pack-furniture-uses-those-rotating-round-locks,mechanism-0b2c1f771d786fd0
home-046,home,technology,Why wood drawers stick during humid weather,wood drawers stick during humid weather,Wood exchanges moisture with the air and changes dimensions across its grain.,Wood exchanges moisture with the air and changes dimensions across its grain.,"Solid wood moisture response; construction, grain direction and finish affect whether a drawer binds.",Global where the specified design is used,"Film wood drawers stick during humid weather; start with the visible detail, then a different close-up of the same object.",Compare dry and humid drawer clearances.,reviewed,"{""reviewed_at"": ""2026-09-16T15:22:54.135652+00:00"", ""method"": ""Editorial comparison of stated mechanism with retrieved primary text"", ""finding"": ""Wood exchanges moisture with the air and changes dimensions across its grain."", ""scope"": ""Solid wood moisture response; construction, grain direction and finish affect whether a drawer binds.""}","{""recognition"": 3, ""overlooked_detail"": 3, ""payoff"": 3, ""evidence"": 3, ""visuals"": 3}",,"[{""url"": ""https://www.woodworks.org/resources/control-layer-continuity-for-mass-timber-building-enclosure-design/"", ""publisher"": ""woodworks.org"", ""passage"": ""when wood absorbs water, it swells; and when wood dries, it shrinks."", ""retrieved_at"": ""2026-09-16T05:13:29.928355+00:00""}]",wood-drawers-stick-during-humid-weather,mechanism-98df01f94ee8f9ce
home-047,home,technology,Why a wooden tabletop has slots under its screws,a wooden tabletop has slots under its screws,Slotted fixings can accommodate seasonal movement while holding the top down.,Slotted fixings can accommodate seasonal movement while holding the top down.,Solid-wood top attached to a plywood carcase as in the source; not all screw slots serve this function.,Global where the specified design is used,"Film a wooden tabletop has slots under its screws; start with the visible detail, then a different close-up of the same object.",Show screws sliding within a mounting slot.,reviewed,"{""reviewed_at"": ""2026-09-16T15:22:54.135652+00:00"", ""method"": ""Editorial comparison of stated mechanism with retrieved primary text"", ""finding"": ""Slotted fixings can accommodate seasonal movement while holding the top down."", ""scope"": ""Solid-wood top attached to a plywood carcase as in the source; not all screw slots serve this function.""}","{""recognition"": 3, ""overlooked_detail"": 3, ""payoff"": 3, ""evidence"": 3, ""visuals"": 3}",,"[{""url"": ""https://www.woodmagazine.com/woodworking-how-to/wood-preparation/dealing-with-wood-movement"", ""publisher"": ""woodmagazine.com"", ""passage"": ""slots allow the screws securing the solid-wood top to move within the plywood."", ""retrieved_at"": ""2026-09-16T05:13:31.429245+00:00""}]",a-wooden-tabletop-has-slots-under-its-screws,mechanism-7eb3a5438e20ef5b
home-048,home,technology,Why laminate floors need a gap beside the wall,laminate floors need a gap beside the wall,Floating floors need clearance to expand without buckling against fixed boundaries.,Floating floors need clearance to expand without buckling against fixed boundaries.,Floating laminate-floor installation example; required clearances follow the specific product instructions.,Global where the specified design is used,"Film laminate floors need a gap beside the wall; start with the visible detail, then a different close-up of the same object.",Expand a floor toward its perimeter gap.,reviewed,"{""reviewed_at"": ""2026-09-16T15:22:54.135652+00:00"", ""method"": ""Editorial comparison of stated mechanism with retrieved primary text"", ""finding"": ""Floating floors need clearance to expand without buckling against fixed boundaries."", ""scope"": ""Floating laminate-floor installation example; required clearances follow the specific product instructions.""}","{""recognition"": 3, ""overlooked_detail"": 3, ""payoff"": 3, ""evidence"": 3, ""visuals"": 3}",,"[{""url"": ""https://int.pergo.com/en/frequently-asked-questions-helpcenter/laminate/installation/how-much-flooring-is-required-for-my-space"", ""publisher"": ""pergo.com"", ""passage"": ""Floors expand and shrink due to humidity and need space to move."", ""retrieved_at"": ""2026-09-16T05:13:33.429814+00:00""}]",laminate-floors-need-a-gap-beside-the-wall,mechanism-77f2df00b4fe9abc
home-049,home,technology,Why glass tables sometimes have green edges,glass tables sometimes have green edges,"Iron impurities absorb light selectively, and the longer edge path makes the colour more visible.","Iron impurities absorb light selectively, and the longer edge path makes the colour more visible.",Standard clear float glass compared with low-iron glass; not all green-edged materials share this cause.,Global where the specified design is used,"Film glass tables sometimes have green edges; start with the visible detail, then a different close-up of the same object.",Compare short and long paths through glass.,reviewed,"{""reviewed_at"": ""2026-09-16T15:22:54.135652+00:00"", ""method"": ""Editorial comparison of stated mechanism with retrieved primary text"", ""finding"": ""Iron impurities absorb light selectively, and the longer edge path makes the colour more visible."", ""scope"": ""Standard clear float glass compared with low-iron glass; not all green-edged materials share this cause.""}","{""recognition"": 3, ""overlooked_detail"": 3, ""payoff"": 3, ""evidence"": 3, ""visuals"": 3}",,"[{""url"": ""https://assetmanager-ws.pilkington.com/fileserver.aspx?cd=cd&cmd=get_file&ref=Usa108b"", ""publisher"": ""pilkington.com"", ""passage"": ""as the depth of a lite increases, the greener the edge becomes"", ""retrieved_at"": ""2026-09-16T05:13:34.970119+00:00""}]",architectural-glazing,mechanism-cde590db5604148a
home-050,home,technology,Why bathroom mirrors fog but a heated patch stays clear,bathroom mirrors fog but a heated patch stays clear,A warmer surface is less likely to cool moist air below its dew point.,A warmer surface is less likely to cool moist air below its dew point.,The specific product construction or system described by the primary source; not all designs.,Global where this design is used; verify local requirements before naming a rule.,"Film bathroom mirrors fog but a heated patch stays clear; start with the visible detail, then a different close-up of the same object.",Move the dew-point boundary around a heated patch.,pending_review,,"{""recognition"": 3, ""overlooked_detail"": 3, ""payoff"": 3, ""evidence"": 0, ""visuals"": 3}",,"[{""url"": ""https://www.pilkington.com/en/pl/o-firmie-unpublished/types-of-glass/powered-by-nsg-tec/applications/heatcomfort/radiant-panels"", ""publisher"": ""pilkington.com""}, {""url"": ""https://www.pilkington.com/en/gbl/news/articles/external-condensation-the-answer-is-here"", ""publisher"": ""pilkington.com""}, {""url"": ""https://www.pilkington.com/en-gb/uk/products/product-categories/special-applications/pilkington-mirropane-chrome"", ""publisher"": ""pilkington.com""}]",bathroom-mirrors-fog-but-a-heated-patch-stays-clear,mechanism-2251108b54fcf8b1
home-051,home,technology,Why a cold glass gets wet without leaking,a cold glass gets wet without leaking,Moisture from surrounding air condenses on the chilled outer surface.,Moisture from surrounding air condenses on the chilled outer surface.,Condensation on a chilled surface; distinguish this from actual leaking containers.,Global where the specified design is used,"Film a cold glass gets wet without leaking; start with the visible detail, then a different close-up of the same object.",Track airborne water to the outside of glass.,reviewed,"{""reviewed_at"": ""2026-09-16T15:22:54.145726+00:00"", ""method"": ""Editorial comparison of stated mechanism with retrieved primary text"", ""finding"": ""Moisture from surrounding air condenses on the chilled outer surface."", ""scope"": ""Condensation on a chilled surface; distinguish this from actual leaking containers.""}","{""recognition"": 3, ""overlooked_detail"": 3, ""payoff"": 3, ""evidence"": 3, ""visuals"": 3}",,"[{""url"": ""https://pubs.usgs.gov/gip/7000045/report.pdf"", ""publisher"": ""usgs.gov"", ""passage"": ""the ice in our cold drink cooled the air and con­ densed the vapor on the outside of the glass."", ""retrieved_at"": ""2026-09-16T05:13:45.524732+00:00""}]",drinking-glasses,mechanism-16f2b66b0f11707e
home-052,home,technology,Why a ceiling fan has a reverse switch,a ceiling fan has a reverse switch,Changing airflow direction changes how room air is mixed for seasonal comfort.,Changing airflow direction changes how room air is mixed for seasonal comfort.,The specific product construction or system described by the primary source; not all designs.,Global where this design is used; verify local requirements before naming a rule.,"Film a ceiling fan has a reverse switch; start with the visible detail, then a different close-up of the same object.",Compare downward airflow with upward circulation.,pending_review,,"{""recognition"": 3, ""overlooked_detail"": 3, ""payoff"": 3, ""evidence"": 0, ""visuals"": 3}",,"[{""url"": ""https://www.energy.gov/sites/default/files/2014/09/f18/ceiling_fans_nopr_0.pdf"", ""publisher"": ""energy.gov""}, {""url"": ""https://www.energy.gov/sites/default/files/2021-11/ceiling-fans-tp-snopr.pdf"", ""publisher"": ""energy.gov""}, {""url"": ""https://www.energy.gov/eere/buildings/articles/energy-conservation-program-final-rule-test-procedures-ceiling-fans"", ""publisher"": ""energy.gov""}]",room-fans,mechanism-89bf0f0cf2d13d55
home-053,home,technology,Why a fan cools you but does not refrigerate the room,a fan cools you but does not refrigerate the room,A fan moves air across you and increases heat transfer and evaporation at the skin; it does not remove heat from the room like an air conditioner.,"The cooling effect changes when you leave the airflow, even though the same fan keeps running.",Room-air fans under conditions where air movement improves comfort; not an extreme-heat safety recommendation or a substitute for cooling.,Global where the specified design is used,"Show a fan moving a light ribbon beside a person, then an empty room with the same fan.",Trace heat and evaporating moisture away from a schematic skin surface; show that heat stays in the room rather than being carried outdoors.,reviewed,"{""reviewed_at"": ""2026-09-17T15:30:37.249274+00:00"", ""method"": ""Editorial comparison of stated mechanism with retrieved primary text"", ""finding"": ""A fan moves air across you and increases heat transfer and evaporation at the skin; it does not remove heat from the room like an air conditioner."", ""scope"": ""Room-air fans under conditions where air movement improves comfort; not an extreme-heat safety recommendation or a substitute for cooling.""}","{""recognition"": 3, ""overlooked_detail"": 3, ""payoff"": 3, ""evidence"": 3, ""visuals"": 4}",,"[{""url"": ""https://www.energy.gov/sites/prod/files/2013/11/f5/nationalbestpracticesmanual31545.pdf"", ""publisher"": ""energy.gov"", ""passage"": ""Fans also cool by increasing evaporation of moisture from the skin"", ""retrieved_at"": ""2026-09-16T05:14:51.167743+00:00""}]",room-fans,mechanism-99c352e9c868d9eb
home-054,home,technology,Why a dehumidifier blows warm air,a dehumidifier blows warm air,"After cooling air to condense moisture, it passes that air over a warm condenser.",The same air passes a cold section and then a warm section before returning to the room.,Refrigeration dehumidifiers such as the GE models documented here; desiccant designs work differently.,Global where the specified design is used,"Film a dehumidifier blows warm air; start with the visible detail, then a different close-up of the same object.","Show cooling, drainage and reheating stages.",reviewed,"{""reviewed_at"": ""2026-09-17T03:24:08.936917+00:00"", ""method"": ""Editorial comparison of stated mechanism with retrieved primary text"", ""finding"": ""After cooling air to condense moisture, it passes that air over a warm condenser."", ""scope"": ""Refrigeration dehumidifiers such as the GE models documented here; desiccant designs work differently.""}","{""recognition"": 3, ""overlooked_detail"": 3, ""payoff"": 3, ""evidence"": 3, ""visuals"": 3}",,"[{""url"": ""https://www.geappliances.com/content/older-pdfs/49-7222.PDF"", ""publisher"": ""geappliances.com"", ""passage"": ""Dry, clean air is then drawn over the condenser where it is actually heated several degrees"", ""retrieved_at"": ""2026-09-17T03:22:01.860113+00:00""}]",dehumidifiers,mechanism-edba056f7ec5a3b9
home-055,home,technology,Why an air conditioner makes water outside,an air conditioner makes water outside,The cold indoor coil condenses humidity and sends it through a drain.,The drained water can come from humidity in room air rather than from a water supply pipe.,Cooling-coil condensate; where the drain discharges depends on installation. Do not describe refrigerant leakage as condensate.,Global where the specified design is used,"Film an air conditioner makes water outside; start with the visible detail, then a different close-up of the same object.",Trace droplets from coil to drain hose.,reviewed,"{""reviewed_at"": ""2026-09-17T03:24:08.957019+00:00"", ""method"": ""Editorial comparison of stated mechanism with retrieved primary text"", ""finding"": ""The cold indoor coil condenses humidity and sends it through a drain."", ""scope"": ""Cooling-coil condensate; where the drain discharges depends on installation. Do not describe refrigerant leakage as condensate.""}","{""recognition"": 3, ""overlooked_detail"": 3, ""payoff"": 3, ""evidence"": 3, ""visuals"": 3}",,"[{""url"": ""https://www.energy.gov/cmei/femp/condensate-capture-potential-map"", ""publisher"": ""energy.gov"", ""passage"": ""Water condenses on air-handling units (AHUs) and cooling coils when humid air contacts these cool surfaces."", ""retrieved_at"": ""2026-09-16T05:13:45.276991+00:00""}]",air-conditioners,mechanism-f0af881d7b7b9caa
home-056,home,technology,Why a heat pump can warm a house in cold weather,a heat pump can warm a house in cold weather,An air-source heat pump uses electricity to move thermal energy from cooler outdoor air into a warmer home; cold-feeling air still contains usable heat.,Cold air still contains energy; the equipment uses electricity to move some of it indoors.,Air-source heat-pump principle described by the US Department of Energy; capacity and efficiency depend on equipment and outdoor conditions.,Global where the specified design is used,"Show an outdoor heat-pump unit in cool weather and its indoor heating output, with no made-up meter readings.","Animate an outdoor heat exchanger, compressor and indoor exchanger transferring heat across the temperature difference; no fixed efficiency promise.",reviewed,"{""reviewed_at"": ""2026-09-17T15:30:37.249274+00:00"", ""method"": ""Editorial comparison of stated mechanism with retrieved primary text"", ""finding"": ""An air-source heat pump uses electricity to move thermal energy from cooler outdoor air into a warmer home; cold-feeling air still contains usable heat."", ""scope"": ""Air-source heat-pump principle described by the US Department of Energy; capacity and efficiency depend on equipment and outdoor conditions.""}","{""recognition"": 3, ""overlooked_detail"": 3, ""payoff"": 3, ""evidence"": 3, ""visuals"": 4}",,"[{""url"": ""https://www.energy.gov/articles/pump-your-savings-heat-pumps"", ""publisher"": ""energy.gov"", ""passage"": ""During cold seasons, heat pumps move heat from the cool outdoors into your warm home."", ""retrieved_at"": ""2026-09-16T05:13:46.331002+00:00""}]",heat-pumps,mechanism-f6f3592d8bd2e8f6
home-057,home,technology,Why a radiator can be warmer at the top than at the bottom,a radiator can be warmer at the top than at the bottom,"In this radiator arrangement, hot water enters at the top, releases heat into the room and returns cooler through the system.","The radiator gives heat to the room as its water flows through, so its temperature need not be uniform.",The top-inlet radiator arrangement described by Danfoss; uneven heating can also have faults and this is not a diagnostic test.,Global where the specified design is used,"Film a radiator is hot at one end first; start with the visible detail, then a different close-up of the same object.","Use a cutaway of a top-inlet water radiator, moving hot water through it and returning cooler water; label this arrangement as an example.",reviewed,"{""reviewed_at"": ""2026-09-17T03:24:08.980847+00:00"", ""method"": ""Editorial comparison of stated mechanism with retrieved primary text"", ""finding"": ""In this radiator arrangement, hot water enters at the top, releases heat into the room and returns cooler through the system."", ""scope"": ""The top-inlet radiator arrangement described by Danfoss; uneven heating can also have faults and this is not a diagnostic test.""}","{""recognition"": 3, ""overlooked_detail"": 3, ""payoff"": 3, ""evidence"": 3, ""visuals"": 3}",,"[{""url"": ""https://www.danfoss.com/en-us/products/dhs/radiator-and-room-thermostats/radiator-thermostats/radiator-thermostats/"", ""publisher"": ""danfoss.com"", ""passage"": ""The cooled water is then sent back through the system."", ""retrieved_at"": ""2026-09-16T05:13:48.423567+00:00""}]",radiators,mechanism-1140f0ea0594bceb
home-058,home,technology,Why a thermostat near the cooker gives odd results,a thermostat near the cooker gives odd results,Its local temperature measurement may not represent the occupied room.,Its local temperature measurement may not represent the occupied room.,The specific product construction or system described by the primary source; not all designs.,Global where this design is used; verify local requirements before naming a rule.,"Film a thermostat near the cooker gives odd results; start with the visible detail, then a different close-up of the same object.",Compare sensor temperature with room temperature.,pending_review,,"{""recognition"": 3, ""overlooked_detail"": 3, ""payoff"": 3, ""evidence"": 0, ""visuals"": 3}",,"[{""url"": ""https://www.honeywellhome.com/blogs/support/7-day-programmable-thermostats-1"", ""publisher"": ""honeywellhome.com""}, {""url"": ""https://www.honeywellhome.com/blogs/support/how-do-i-troubleshoot-a-wired-remote-sensor"", ""publisher"": ""honeywellhome.com""}, {""url"": ""https://www.honeywellhome.com/blogs/support/lyric-thermostat-app-7"", ""publisher"": ""honeywellhome.com""}]",thermostats,mechanism-d35c46adcda10afd
home-059,home,technology,Why an LED bulb can glow faintly after switch-off,an LED bulb can glow faintly after switch-off,Small leakage currents can charge or power some LED drivers even with nominal switching off.,Small leakage currents can charge or power some LED drivers even with nominal switching off.,The specific product construction or system described by the primary source; not all designs.,Global where this design is used; verify local requirements before naming a rule.,"Film an LED bulb can glow faintly after switch-off; start with the visible detail, then a different close-up of the same object.",Draw a tiny current feeding a driver capacitor.,pending_review,,"{""recognition"": 3, ""overlooked_detail"": 3, ""payoff"": 3, ""evidence"": 0, ""visuals"": 3}",,"[{""url"": ""https://www.philips-hue.com/en-us/explore-hue/faq/bulbs/why-is-my-led-bulb-flickering"", ""publisher"": ""philips-hue.com""}, {""url"": ""https://www.philips-hue.com/en-us/explore-hue/faq/bulbs/do-led-bulbs-burn-out"", ""publisher"": ""philips-hue.com""}, {""url"": ""https://www.philips-hue.com/en-us/explore-hue/faq/bulbs/do-smart-bulbs-use-more-electricity"", ""publisher"": ""philips-hue.com""}]",cans,mechanism-be7d782d0eee9559
home-060,home,technology,Why a dimmable bulb can flicker on an old dimmer,a dimmable bulb can flicker on an old dimmer,The lamp driver and dimmer may have incompatible operating ranges or waveforms.,The lamp driver and dimmer may have incompatible operating ranges or waveforms.,The specific product construction or system described by the primary source; not all designs.,Global where this design is used; verify local requirements before naming a rule.,"Film a dimmable bulb can flicker on an old dimmer; start with the visible detail, then a different close-up of the same object.",Compare chopped power with driver operation.,pending_review,,"{""recognition"": 3, ""overlooked_detail"": 3, ""payoff"": 3, ""evidence"": 0, ""visuals"": 3}",,"[{""url"": ""https://support.lutron.com/us/en/product/maestro/article/troubleshooting/Selecting-a-Maestro-LED-Dual-Dimmer"", ""publisher"": ""lutron.com""}, {""url"": ""https://support.lutron.com/us/en/product/maestro/article/troubleshooting/Ghosting-Blinking-LED-Lights-with-Maestro-Dimmers"", ""publisher"": ""lutron.com""}, {""url"": ""https://support.lutron.com/us/en/product/maestro/article/troubleshooting/MA-PRO-FAQ-Troubleshooting-Guide"", ""publisher"": ""lutron.com""}]",cans,mechanism-4da38391c1447318
home-061,home,technology,Why a fluorescent tube takes time to reach full brightness,a fluorescent tube takes time to reach full brightness,Lamp temperature influences mercury vapour pressure and light output.,Lamp temperature influences mercury vapour pressure and light output.,Low-pressure mercury lamp operation; warm-up behaviour depends on lamp and ballast design.,Global where the specified design is used,"Film a fluorescent tube takes time to reach full brightness; start with the visible detail, then a different close-up of the same object.",Plot output rising as the lamp warms.,reviewed,"{""reviewed_at"": ""2026-09-16T15:22:54.145726+00:00"", ""method"": ""Editorial comparison of stated mechanism with retrieved primary text"", ""finding"": ""Lamp temperature influences mercury vapour pressure and light output."", ""scope"": ""Low-pressure mercury lamp operation; warm-up behaviour depends on lamp and ballast design.""}","{""recognition"": 3, ""overlooked_detail"": 3, ""payoff"": 3, ""evidence"": 3, ""visuals"": 3}",,"[{""url"": ""https://www.assets.signify.com/is/content/PhilipsLighting/Assets/philips-lighting/global/20200504-philips-uv-purification-application-information.pdf"", ""publisher"": ""signify.com"", ""passage"": ""there is a relationship between lamp operating temperature and output."", ""retrieved_at"": ""2026-09-16T05:13:59.403133+00:00""}]",a-fluorescent-tube-takes-time-to-reach-full-brightness,mechanism-63f5868b9364b779
home-062,home,technology,Why an LED bulb has fins despite being efficient,an LED bulb has fins despite being efficient,LEDs still produce heat that must be conducted away from sensitive components.,LEDs still produce heat that must be conducted away from sensitive components.,LED thermal-management design; efficiency does not mean zero waste heat.,Global where the specified design is used,"Film an LED bulb has fins despite being efficient; start with the visible detail, then a different close-up of the same object.",Follow heat from LED board to heatsink.,reviewed,"{""reviewed_at"": ""2026-09-16T15:22:54.145726+00:00"", ""method"": ""Editorial comparison of stated mechanism with retrieved primary text"", ""finding"": ""LEDs still produce heat that must be conducted away from sensitive components."", ""scope"": ""LED thermal-management design; efficiency does not mean zero waste heat.""}","{""recognition"": 3, ""overlooked_detail"": 3, ""payoff"": 3, ""evidence"": 3, ""visuals"": 3}",,"[{""url"": ""https://downloads.cree-led.com/files/da/x/XLamp-Thermal-Management.pdf"", ""publisher"": ""cree-led.com"", ""passage"": ""Choose a material that has good thermal conductivity to spread heat away from the LEDs."", ""retrieved_at"": ""2026-09-16T05:14:09.810440+00:00""}]",an-led-bulb-has-fins-despite-being-efficient,mechanism-6eac78ec8fffecc9
home-063,home,technology,Why rechargeable batteries say 1.2 V instead of 1.5 V,rechargeable batteries say 1.2 V instead of 1.5 V,Different electrochemical systems have different nominal cell voltages and discharge curves.,Different electrochemical systems have different nominal cell voltages and discharge curves.,The specific product construction or system described by the primary source; not all designs.,Global where this design is used; verify local requirements before naming a rule.,"Film rechargeable batteries say 1.2 V instead of 1.5 V; start with the visible detail, then a different close-up of the same object.",Overlay alkaline and NiMH voltage curves.,pending_review,,"{""recognition"": 3, ""overlooked_detail"": 3, ""payoff"": 3, ""evidence"": 0, ""visuals"": 3}",,"[{""url"": ""https://www.panasonic.com/global/energy/products/battery/dry_batteries_faq.html"", ""publisher"": ""panasonic.com""}, {""url"": ""https://www.panasonic.com/global/energy/products/eneloop/en/faq.html"", ""publisher"": ""panasonic.com""}, {""url"": ""https://www.panasonic.com/id/consumer/battery/dry-battery-learn/article/battery-faq.html"", ""publisher"": ""panasonic.com""}]",charging,mechanism-df4512646072a84a
home-064,home,technology,Why a battery charger gets warm before the battery is full,a battery charger gets warm before the battery is full,Power conversion and battery charging both dissipate some energy as heat.,Power conversion and battery charging both dissipate some energy as heat.,The specific product construction or system described by the primary source; not all designs.,Global where this design is used; verify local requirements before naming a rule.,"Film a battery charger gets warm before the battery is full; start with the visible detail, then a different close-up of the same object.",Split incoming power into stored energy and heat.,pending_review,,"{""recognition"": 3, ""overlooked_detail"": 3, ""payoff"": 3, ""evidence"": 0, ""visuals"": 3}",,"[{""url"": ""https://data.energizer.com/pdfs/rechargeable_faq.pdf"", ""publisher"": ""energizer.com""}, {""url"": ""https://data.energizer.com/pdfs/ch2aa.pdf"", ""publisher"": ""energizer.com""}, {""url"": ""https://data.energizer.com/pdfs/ch15mn_ap_instructions_english.pdf"", ""publisher"": ""energizer.com""}]",charging,mechanism-6de9377ba45e3cdd
home-065,home,technology,Why smoke alarms chirp differently from an alarm,smoke alarms chirp differently from an alarm,Periodic fault or low-battery chirps communicate a different condition from the alarm pattern.,Periodic fault or low-battery chirps communicate a different condition from the alarm pattern.,The specific product construction or system described by the primary source; not all designs.,Global where this design is used; verify local requirements before naming a rule.,"Film smoke alarms chirp differently from an alarm; start with the visible detail, then a different close-up of the same object.",Compare labelled sound-pattern timelines.,pending_review,,"{""recognition"": 3, ""overlooked_detail"": 3, ""payoff"": 3, ""evidence"": 0, ""visuals"": 3}",,"[{""url"": ""https://www.kidde.com/support/smoke-alarms/consistent-chirping-causes"", ""publisher"": ""kidde.com""}, {""url"": ""https://www.kidde.com/support/smoke-alarms/nighttime-alarm-chirps"", ""publisher"": ""kidde.com""}, {""url"": ""https://www.kidde.com/support/smoke-alarms/alarm-sound-causes"", ""publisher"": ""kidde.com""}]",smoke-alarms-chirp-differently-from-an-alarm,mechanism-f21e6c1e52937f12
home-066,home,technology,Why a photoelectric smoke alarm can react to steam,a photoelectric smoke alarm can react to steam,"Droplets can scatter light inside an optical sensing chamber, resembling smoke particles.","Droplets can scatter light inside an optical sensing chamber, resembling smoke particles.",The specific product construction or system described by the primary source; not all designs.,Global where this design is used; verify local requirements before naming a rule.,"Film a photoelectric smoke alarm can react to steam; start with the visible detail, then a different close-up of the same object.",Show droplets crossing an optical detector.,pending_review,,"{""recognition"": 3, ""overlooked_detail"": 3, ""payoff"": 3, ""evidence"": 0, ""visuals"": 3}",,"[{""url"": ""https://www.kidde.com/support/smoke-alarms/alarm-sound-causes"", ""publisher"": ""kidde.com""}, {""url"": ""https://www.kidde.com/home-safety/en/us/media/Bed_Hall_Living_10_Year_Smokes_low_tcm126-27832.pdf"", ""publisher"": ""kidde.com""}, {""url"": ""https://www.uk.kidde.com/faq/cavius-alarms/how-does-my-smoke-alarm-work"", ""publisher"": ""kidde.com""}]",camera,mechanism-5b05d500303a06f2
home-067,home,technology,Why an extension reel has a lower rating while wound,an extension reel has a lower rating while wound,Coiled cable sheds resistive heat less effectively than fully unwound cable.,Coiled cable sheds resistive heat less effectively than fully unwound cable.,The specific product construction or system described by the primary source; not all designs.,Global where this design is used; verify local requirements before naming a rule.,"Film an extension reel has a lower rating while wound; start with the visible detail, then a different close-up of the same object.",Compare heat escaping from a coil and straight cable.,pending_review,,"{""recognition"": 3, ""overlooked_detail"": 3, ""payoff"": 3, ""evidence"": 0, ""visuals"": 3}",,"[{""url"": ""https://service.brennenstuhl.com/hc/en-us/articles/18137868468893-Why-are-the-conductor-resistance-limits-exceeded-during-the-DGUV-test-of-our-brennenstuhl-cable-reel-or-our-extension-cable"", ""publisher"": ""brennenstuhl.com""}, {""url"": ""https://service.brennenstuhl.com/hc/en-us/articles/29919862115997-Cable-Lengths-for-Power-Strips-and-Safe-Alternatives"", ""publisher"": ""brennenstuhl.com""}, {""url"": ""https://service.brennenstuhl.com/hc/en-us/articles/6953006562973-When-does-the-overheating-protection-on-cable-reels-trip-and-how-does-it-work"", ""publisher"": ""brennenstuhl.com""}]",an-extension-reel-has-a-lower-rating-while-wound,mechanism-a81c3080ecab8054
home-068,home,technology,Why a plug feels secure without screws holding it in,a plug feels secure without screws holding it in,Spring contacts apply pressure to the pins while conducting current.,Spring contacts apply pressure to the pins while conducting current.,The specific product construction or system described by the primary source; not all designs.,Global where this design is used; verify local requirements before naming a rule.,"Film a plug feels secure without screws holding it in; start with the visible detail, then a different close-up of the same object.",Show spring contacts flexing around a pin.,pending_review,,"{""recognition"": 3, ""overlooked_detail"": 3, ""payoff"": 3, ""evidence"": 0, ""visuals"": 3}",,"[{""url"": ""https://assets.legrand.com/general/mediagrp/np-ft-gt/f00277en-00.pdf"", ""publisher"": ""legrand.com""}, {""url"": ""https://assets.legrand.com/general/legrand-fr/certif/lgthqgzeot.pdf"", ""publisher"": ""legrand.com""}, {""url"": ""https://www.legrand.com/ecatalogue/en/catalog/products/niloe-2x2pe-socket-schuko-standard-automatic-terminals-shuttered-for-safety-matte-black-finish-np3130bk"", ""publisher"": ""legrand.com""}]",a-plug-feels-secure-without-screws-holding-it-in,mechanism-54a6bf2fa9868b8e
home-069,home,technology,Why some plugs have a longer earth pin,some plugs have a longer earth pin,In applicable plug designs the earth connects first and can operate socket shutters.,In applicable plug designs the earth connects first and can operate socket shutters.,The specific product construction or system described by the primary source; not all designs.,Global where this design is used; verify local requirements before naming a rule.,"Film some plugs have a longer earth pin; start with the visible detail, then a different close-up of the same object.",Animate connection order in a labelled regional plug.,pending_review,,"{""recognition"": 3, ""overlooked_detail"": 3, ""payoff"": 3, ""evidence"": 0, ""visuals"": 3}",,"[{""url"": ""https://www.electricalsafetyfirst.org.uk/media/uauhdlcz/plug-checker-2023-instructions-v2-1.pdf"", ""publisher"": ""electricalsafetyfirst.org.uk""}, {""url"": ""https://www.electricalsafetyfirst.org.uk/media/1237/universal_socket_outlets.pdf"", ""publisher"": ""electricalsafetyfirst.org.uk""}, {""url"": ""https://www.electricalsafetyfirst.org.uk/product-recalls/2009/03/jml-fresh-air-globe-mains-adaptor-plug/"", ""publisher"": ""electricalsafetyfirst.org.uk""}]",payments,mechanism-c3bcedfa1b716028
home-070,home,technology,Why a retractable tape measure has a loose end hook,a retractable tape measure has a loose end hook,Hook movement compensates for its thickness in inside versus outside measurements.,Hook movement compensates for its thickness in inside versus outside measurements.,Stanley Tru-Zero sliding end-hook design; a different hook design may have different tolerances.,Global where the specified design is used,"Film a retractable tape measure has a loose end hook; start with the visible detail, then a different close-up of the same object.",Compare pushing and pulling the same hook.,reviewed,"{""reviewed_at"": ""2026-09-16T15:22:54.152954+00:00"", ""method"": ""Editorial comparison of stated mechanism with retrieved primary text"", ""finding"": ""Hook movement compensates for its thickness in inside versus outside measurements."", ""scope"": ""Stanley Tru-Zero sliding end-hook design; a different hook design may have different tolerances.""}","{""recognition"": 3, ""overlooked_detail"": 3, ""payoff"": 3, ""evidence"": 3, ""visuals"": 3}",,"[{""url"": ""https://support.stanleytools.com/hc/en-us/articles/360012677558-Why-does-the-hook-on-my-tape-measure-move"", ""publisher"": ""stanleytools.com"", ""passage"": ""not have to worry about compensating for hook thickness"", ""retrieved_at"": ""2026-09-16T05:14:21.092062+00:00""}]",water-fixtures,mechanism-b076ad16e302b16d
home-071,home,technology,Why a tape measure blade curves across its width,a tape measure blade curves across its width,The curved cross-section improves resistance to bending while extended.,The curved cross-section improves resistance to bending while extended.,The specific product construction or system described by the primary source; not all designs.,Global where this design is used; verify local requirements before naming a rule.,"Film a tape measure blade curves across its width; start with the visible detail, then a different close-up of the same object.",Compare a flat strip with a curved strip.,pending_review,,"{""recognition"": 3, ""overlooked_detail"": 3, ""payoff"": 3, ""evidence"": 0, ""visuals"": 3}",,"[{""url"": ""https://www.stanleytools.com/product/stht39516/stanley-tylon-16-ft-tape-measure"", ""publisher"": ""stanleytools.com""}, {""url"": ""https://www.stanleytools.com/product/stht39526/stanley-tylon-26-ft-8m-tape-measure"", ""publisher"": ""stanleytools.com""}, {""url"": ""https://www.stanleytools.com/product/stht39525/stanley-tylon-25-ft-tape-measure"", ""publisher"": ""stanleytools.com""}]",water-fixtures,mechanism-d56dbef99206cb53
home-072,home,technology,Why a spirit level bubble moves uphill,a spirit level bubble moves uphill,Buoyancy moves the bubble toward the highest part of a curved vial.,Buoyancy moves the bubble toward the highest part of a curved vial.,The specific product construction or system described by the primary source; not all designs.,Global where this design is used; verify local requirements before naming a rule.,"Film a spirit level bubble moves uphill; start with the visible detail, then a different close-up of the same object.",Tilt a vial and trace its bubble.,pending_review,,"{""recognition"": 3, ""overlooked_detail"": 3, ""payoff"": 3, ""evidence"": 0, ""visuals"": 3}",,"[{""url"": ""https://www.stabila.com/files/default/pdf/en/ols26_manual_en.pdf"", ""publisher"": ""stabila.com""}, {""url"": ""https://www.stabila.com/en-US/support/downloads/downloads-english-english.html?cid=12274&file=files%2Fdefault%2Fpdf%2Fus-en_fr%2Fstabila_ecatalog.pdf"", ""publisher"": ""stabila.com""}, {""url"": ""https://www.stabila.com/en-US/products-553/quality-and-technology/spirit-levels.html"", ""publisher"": ""stabila.com""}]",a-spirit-level-bubble-moves-uphill,mechanism-1cc0aa10f97ceede
home-073,home,technology,Why a ratchet turns freely in only one direction,a ratchet turns freely in only one direction,A pawl engages teeth on the drive stroke and slips over them on return.,A pawl engages teeth on the drive stroke and slips over them on return.,The specific product construction or system described by the primary source; not all designs.,Global where this design is used; verify local requirements before naming a rule.,"Film a ratchet turns freely in only one direction; start with the visible detail, then a different close-up of the same object.",Magnify a pawl crossing ratchet teeth.,pending_review,,"{""recognition"": 3, ""overlooked_detail"": 3, ""payoff"": 3, ""evidence"": 0, ""visuals"": 3}",,"[{""url"": ""https://www.tekton.com/3-4-inch-drive-x-22-inch-ratchet-srh01322"", ""publisher"": ""tekton.com""}, {""url"": ""https://www.tekton.com/1-2-inch-drive-ratchet-set-srh92005"", ""publisher"": ""tekton.com""}, {""url"": ""https://www.tekton.com/3-4-inch-drive-x-22-inch-quick-release-ratchet-srh11322"", ""publisher"": ""tekton.com""}]",a-ratchet-turns-freely-in-only-one-direction,mechanism-879cd8f31cb9c31d
home-074,home,technology,Why a screw goes into wood more easily after a pilot hole,a screw goes into wood more easily after a pilot hole,The pilot hole reduces displaced material and the torque required to drive the screw.,The pilot hole reduces displaced material and the torque required to drive the screw.,The specific product construction or system described by the primary source; not all designs.,Global where this design is used; verify local requirements before naming a rule.,"Film a screw goes into wood more easily after a pilot hole; start with the visible detail, then a different close-up of the same object.",Compare wood displacement with and without a hole.,pending_review,,"{""recognition"": 3, ""overlooked_detail"": 3, ""payoff"": 3, ""evidence"": 0, ""visuals"": 3}",,"[{""url"": ""https://www.spax.com/pc-en/services-for-professionals/technical-lexicon.html"", ""publisher"": ""spax.com""}, {""url"": ""https://www.spax.com/gb-en/p/flooring-screw-fixing-thread-flat-countersunk-head-t-star-plus-cut-point-wirox.html"", ""publisher"": ""spax.com""}, {""url"": ""https://www.spax.com/gb-en/p/fitting-screw-fully-threaded-small-countersunk-head-t-star-plus-4cut-wirox.html"", ""publisher"": ""spax.com""}]",a-screw-goes-into-wood-more-easily-after-a-pilot-hole,mechanism-a85c15df210fe9bc
home-075,home,technology,Why a wall anchor expands when you tighten the screw,a wall anchor expands when you tighten the screw,The screw forces the anchor against the surrounding hole to create retention.,The screw forces the anchor against the surrounding hole to create retention.,The specific product construction or system described by the primary source; not all designs.,Global where this design is used; verify local requirements before naming a rule.,"Film a wall anchor expands when you tighten the screw; start with the visible detail, then a different close-up of the same object.",Show expansion inside a wall cross-section.,pending_review,,"{""recognition"": 3, ""overlooked_detail"": 3, ""payoff"": 3, ""evidence"": 0, ""visuals"": 3}",,"[{""url"": ""https://www.fischer.de/de-de/service/ratgeber/montagelexikon/spreizdruck"", ""publisher"": ""fischer.de""}, {""url"": ""https://www.fischer.de/de-de/service/ratgeber/duebelratgeber/kunststoffduebel-ratgeber"", ""publisher"": ""fischer.de""}, {""url"": ""https://www.fischer.de/de-de/service/ratgeber/duebelratgeber/schwerlastduebel-ratgeber"", ""publisher"": ""fischer.de""}]",a-wall-anchor-expands-when-you-tighten-the-screw,mechanism-026bf7345ff7acaa
home-076,home,technology,Why scissors cut badly when their blades separate,scissors cut badly when their blades separate,Effective cutting requires opposing edges to remain close enough to shear rather than fold material.,Effective cutting requires opposing edges to remain close enough to shear rather than fold material.,The specific product construction or system described by the primary source; not all designs.,Global where this design is used; verify local requirements before naming a rule.,"Film scissors cut badly when their blades separate; start with the visible detail, then a different close-up of the same object.",Compare paper between touching and gapped blades.,pending_review,,"{""recognition"": 3, ""overlooked_detail"": 3, ""payoff"": 3, ""evidence"": 0, ""visuals"": 3}",,"[{""url"": ""https://www.fiskars.com/-/media/fiskars/images/legacy/support/catalogues/2019-scissors-catalogue.ashx"", ""publisher"": ""fiskars.com""}, {""url"": ""https://cuix-prod.fiskars.com/en-gb/creating/products/scissors/amplify-sewing-scissors-25cm-1070082"", ""publisher"": ""fiskars.com""}, {""url"": ""https://www.fiskars.com/-/media/fiskars/documents/united-states/safetywarnings_wording.pdf"", ""publisher"": ""fiskars.com""}]",scissors-cut-badly-when-their-blades-separate,mechanism-c5bcec2da2e6167f
home-077,home,technology,Why a retractable ballpoint clicks twice but stays out once,a retractable ballpoint clicks twice but stays out once,A cam mechanism alternates between latched extended and released retracted positions.,A cam mechanism alternates between latched extended and released retracted positions.,The specific product construction or system described by the primary source; not all designs.,Global where this design is used; verify local requirements before naming a rule.,"Film a retractable ballpoint clicks twice but stays out once; start with the visible detail, then a different close-up of the same object.",Animate the rotating cam over two presses.,pending_review,,"{""recognition"": 3, ""overlooked_detail"": 3, ""payoff"": 3, ""evidence"": 0, ""visuals"": 3}",,"[{""url"": ""https://uni-ball.com/"", ""publisher"": ""uni-ball.com"", ""research_lead_only"": true}]",a-retractable-ballpoint-clicks-twice-but-stays-out-once,mechanism-5c5a07c78bbd71ca
home-078,home,technology,Why a mechanical pencil feeds only a tiny length per click,a mechanical pencil feeds only a tiny length per click,A chuck releases and regrips the lead during a limited feed stroke.,A chuck releases and regrips the lead during a limited feed stroke.,The specific product construction or system described by the primary source; not all designs.,Global where this design is used; verify local requirements before naming a rule.,"Film a mechanical pencil feeds only a tiny length per click; start with the visible detail, then a different close-up of the same object.",Cut away the clutch through one click.,pending_review,,"{""recognition"": 3, ""overlooked_detail"": 3, ""payoff"": 3, ""evidence"": 0, ""visuals"": 3}",,"[{""url"": ""https://www.pentel.com/products/orenz-1-click-mechanical-pencil"", ""publisher"": ""pentel.com""}, {""url"": ""https://www.pentel.com/products/pentel-orenz-1-click-mechanical-pencil"", ""publisher"": ""pentel.com""}, {""url"": ""https://www.pentel.com/products/quicker-clicker-mechanical-pencil-with-grip"", ""publisher"": ""pentel.com""}]",a-mechanical-pencil-feeds-only-a-tiny-length-per-click,mechanism-522f27ba1e867478
home-079,home,technology,Why a whiteboard marker can erase another dry mark,a whiteboard marker can erase another dry mark,Fresh solvent can soften compatible dried marker residue before wiping.,Fresh solvent can soften compatible dried marker residue before wiping.,The specific product construction or system described by the primary source; not all designs.,Global where this design is used; verify local requirements before naming a rule.,"Film a whiteboard marker can erase another dry mark; start with the visible detail, then a different close-up of the same object.",Show fresh solvent loosening a dry line.,pending_review,,"{""recognition"": 3, ""overlooked_detail"": 3, ""payoff"": 3, ""evidence"": 0, ""visuals"": 3}",,"[{""url"": ""https://www.edding.com/products/edding-620-whiteboard-marker/"", ""publisher"": ""edding.com""}, {""url"": ""https://www.edding.com/products/edding-250-whiteboard-marker/"", ""publisher"": ""edding.com""}, {""url"": ""https://www.edding.com/products/edding-363-xl-whiteboard-marker/"", ""publisher"": ""edding.com""}]",cans,mechanism-bc4a03989d8d8dea
home-080,home,technology,Why pencil erasers leave little crumbs,pencil erasers leave little crumbs,Rubbing removes graphite while the eraser sheds material that carries particles away.,Rubbing removes graphite while the eraser sheds material that carries particles away.,The specific product construction or system described by the primary source; not all designs.,Global where this design is used; verify local requirements before naming a rule.,"Film pencil erasers leave little crumbs; start with the visible detail, then a different close-up of the same object.",Magnify graphite embedded in eraser crumbs.,pending_review,,"{""recognition"": 3, ""overlooked_detail"": 3, ""payoff"": 3, ""evidence"": 0, ""visuals"": 3}",,"[{""url"": ""https://www.staedtler.com/us/en/products/pencils-and-accessories/erasers/"", ""publisher"": ""staedtler.com""}, {""url"": ""https://www.staedtler.com/uk/en/products/pencils-and-accessories/erasers/"", ""publisher"": ""staedtler.com""}, {""url"": ""https://www.staedtler.com/us/en/products/pencils-and-accessories/erasers/staedtler-5427-eraser-5427/"", ""publisher"": ""staedtler.com""}]",pencil-erasers-leave-little-crumbs,mechanism-e1c6a7494daa3a55
buildings-001,buildings,travel,Why pavement has deliberate cuts across it,pavement has deliberate cuts across it,Contraction joints encourage concrete shrinkage cracks to form at planned locations.,The cuts are deliberate weak lines: a controlled crack can be part of the design.,Contraction joints in concrete pavement; not expansion joints or arbitrary pavement markings.,Global where the specified design is used,"Film pavement has deliberate cuts across it; start with the visible detail, then a different close-up of the same object.",Compare random cracking with a weakened joint line.,reviewed,"{""reviewed_at"": ""2026-09-16T05:07:30.644818+00:00"", ""method"": ""Editorial comparison of stated mechanism with retrieved primary text"", ""finding"": ""Contraction joints encourage concrete shrinkage cracks to form at planned locations."", ""scope"": ""Contraction joints in concrete pavement; not expansion joints or arbitrary pavement markings.""}","{""recognition"": 3, ""overlooked_detail"": 4, ""payoff"": 4, ""evidence"": 3, ""visuals"": 3}",,"[{""url"": ""https://www.cement.org/wp-content/uploads/2024/08/guide_to_fdr_with_cement_jan_2019.pdf"", ""publisher"": ""cement.org"", ""passage"": ""joints placed in concrete pavements to control ran- dom cracks"", ""retrieved_at"": ""2026-09-16T05:02:27.540561+00:00""}]",pavement-has-deliberate-cuts-across-it,mechanism-20f176a252406e37
buildings-002,buildings,travel,Why bridges have gaps you can hear when driving over,bridges have gaps you can hear when driving over,Expansion joints accommodate thermal and structural movement between bridge sections.,Expansion joints accommodate thermal and structural movement between bridge sections.,The specific product construction or system described by the primary source; not all designs.,Global where this design is used; verify local requirements before naming a rule.,"Film bridges have gaps you can hear when driving over; start with the visible detail, then a different close-up of the same object.",Expand a bridge deck toward a joint.,pending_review,,"{""recognition"": 3, ""overlooked_detail"": 3, ""payoff"": 3, ""evidence"": 0, ""visuals"": 3}",,"[{""url"": ""https://www.fhwa.dot.gov/ENVIRONMENT/noise/noise_barriers/design_construction/design/design08.cfm"", ""publisher"": ""fhwa.dot.gov""}, {""url"": ""https://www.fhwa.dot.gov/bridge/pubs/hif17019.pdf"", ""publisher"": ""fhwa.dot.gov""}, {""url"": ""https://www.fhwa.dot.gov/bridge/lrfd/pscus71.cfm"", ""publisher"": ""fhwa.dot.gov""}]",cans,mechanism-90aa0fe1fa81c205
buildings-003,buildings,travel,Why brick walls have tiny open gaps near the bottom,brick walls have tiny open gaps near the bottom,Weep openings let water drain from a cavity behind the outer masonry.,A gap that looks like unfinished masonry can be a planned path for trapped water.,Drained brick veneer construction described by the Brick Industry Association; omit dimensions from the script.,Global where the specified design is used,"Film brick walls have tiny open gaps near the bottom; start with the visible detail, then a different close-up of the same object.",Follow rainwater down a cavity to a weep.,reviewed,"{""reviewed_at"": ""2026-09-16T05:07:30.646330+00:00"", ""method"": ""Editorial comparison of stated mechanism with retrieved primary text"", ""finding"": ""Weep openings let water drain from a cavity behind the outer masonry."", ""scope"": ""Drained brick veneer construction described by the Brick Industry Association; omit dimensions from the script.""}","{""recognition"": 3, ""overlooked_detail"": 4, ""payoff"": 4, ""evidence"": 3, ""visuals"": 3}",,"[{""url"": ""https://www.gobrick.com/media/file/builder_notes_1-brick-veneer-construction.pdf"", ""publisher"": ""gobrick.com"", ""passage"": ""A nominal 1-inch air space is required to drain the water"", ""retrieved_at"": ""2026-09-16T05:02:25.868450+00:00""}]",brick-walls-have-tiny-open-gaps-near-the-bottom,mechanism-b68edcade0a9211a
buildings-004,buildings,travel,Why walls sometimes have vertical soft joints,walls sometimes have vertical soft joints,Movement joints allow adjacent sections to expand or contract with less cracking.,Movement joints allow adjacent sections to expand or contract with less cracking.,Brickwork movement joints; distinguish expansion from concrete contraction joints.,Global where the specified design is used,"Film walls sometimes have vertical soft joints; start with the visible detail, then a different close-up of the same object.",Compare two expanding masonry panels.,reviewed,"{""reviewed_at"": ""2026-09-16T05:07:30.646330+00:00"", ""method"": ""Editorial comparison of stated mechanism with retrieved primary text"", ""finding"": ""Movement joints allow adjacent sections to expand or contract with less cracking."", ""scope"": ""Brickwork movement joints; distinguish expansion from concrete contraction joints.""}","{""recognition"": 3, ""overlooked_detail"": 3, ""payoff"": 3, ""evidence"": 3, ""visuals"": 3}",,"[{""url"": ""https://www.gobrick.com/media/file/18a-tn18a.pdf"", ""publisher"": ""gobrick.com"", ""passage"": ""Place expansion joints at the offset to allow the parallel walls to expand"", ""retrieved_at"": ""2026-09-16T05:02:28.027573+00:00""}]",walls-sometimes-have-vertical-soft-joints,mechanism-ed98939e24401e9b
buildings-005,buildings,travel,Why window frames have tiny drainage holes,window frames have tiny drainage holes,Drainage channels route water out of the frame instead of trapping it indoors.,Drainage channels route water out of the frame instead of trapping it indoors.,Andersen window and door products with designed drainage systems.,Global where the specified design is used,"Film window frames have tiny drainage holes; start with the visible detail, then a different close-up of the same object.",Trace water through a sill channel.,reviewed,"{""reviewed_at"": ""2026-09-16T05:07:30.646330+00:00"", ""method"": ""Editorial comparison of stated mechanism with retrieved primary text"", ""finding"": ""Drainage channels route water out of the frame instead of trapping it indoors."", ""scope"": ""Andersen window and door products with designed drainage systems.""}","{""recognition"": 3, ""overlooked_detail"": 3, ""payoff"": 3, ""evidence"": 3, ""visuals"": 3}",,"[{""url"": ""https://www.andersenwindows.com/-/media/Project/AndersenCorporation/AndersenWindows/AndersenWindows/files/technical-docs/care-and-maintenance/9184628.pdf"", ""publisher"": ""andersenwindows.com"", ""passage"": ""The system is designed to drain water out through the weep holes"", ""retrieved_at"": ""2026-09-16T05:02:29.347841+00:00""}]",drain-traps,mechanism-318e5062881a1201
buildings-006,buildings,travel,Why double glazing has a metal strip around the edge,double glazing has a metal strip around the edge,A spacer maintains the pane separation and can contain moisture-absorbing material.,The thin strip can hide drying material that helps keep the sealed gap clear.,"Insulating glass units with spacer bars; spacers can be metal or other materials, and not all constructions hold desiccant in the same way.",Global where the specified design is used,"Film double glazing has a metal strip around the edge; start with the visible detail, then a different close-up of the same object.",Show an insulated glass edge cross-section.,reviewed,"{""reviewed_at"": ""2026-09-16T15:57:56.707849+00:00"", ""method"": ""Editorial comparison of stated mechanism with retrieved primary text"", ""finding"": ""A spacer maintains the pane separation and can contain moisture-absorbing material."", ""scope"": ""Insulating glass units with spacer bars; spacers can be metal or other materials, and not all constructions hold desiccant in the same way.""}","{""recognition"": 3, ""overlooked_detail"": 3, ""payoff"": 3, ""evidence"": 3, ""visuals"": 3}",,"[{""url"": ""https://www.pilkington.com/en/gbl/knowledge-hub-selection/architectural-and-technical-glass-knowledge-hub/glassary"", ""publisher"": ""pilkington.com"", ""passage"": ""The spacer bar also usually acts as a container for the desiccant in the insulating unit."", ""retrieved_at"": ""2026-09-16T05:02:32.005005+00:00""}]",architectural-glazing,mechanism-958000b4bb71d1b1
buildings-007,buildings,travel,Why new windows can mist on the outside,new windows can mist on the outside,Well-insulated outer panes can cool below the outdoor dew point while limiting indoor heat loss.,Condensation on the outside can have a different meaning from moisture between the panes.,Exterior condensation under suitable weather conditions on high-performance glazing; not mist between panes.,Global where the specified design is used,"Film new windows can mist on the outside; start with the visible detail, then a different close-up of the same object.",Compare temperatures across double glazing.,reviewed,"{""reviewed_at"": ""2026-09-16T05:07:30.647337+00:00"", ""method"": ""Editorial comparison of stated mechanism with retrieved primary text"", ""finding"": ""Well-insulated outer panes can cool below the outdoor dew point while limiting indoor heat loss."", ""scope"": ""Exterior condensation under suitable weather conditions on high-performance glazing; not mist between panes.""}","{""recognition"": 3, ""overlooked_detail"": 4, ""payoff"": 4, ""evidence"": 3, ""visuals"": 3}",,"[{""url"": ""https://www.pilkington.com/en/gbl/news/articles/why-does-springtime-bring-condensation-to-windows"", ""publisher"": ""pilkington.com"", ""passage"": ""the outer pane is colder due to heat being retained inside the home"", ""retrieved_at"": ""2026-09-16T05:02:35.141776+00:00""}]",architectural-glazing,mechanism-d0d6ed0007336d73
buildings-008,buildings,travel,Why some windows look slightly purple from one angle,some windows look slightly purple from one angle,Thin optical coatings alter the wavelengths reflected and transmitted.,Thin optical coatings alter the wavelengths reflected and transmitted.,Coated architectural glass example; the reflected tint depends on coating and viewing angle.,Global where the specified design is used,"Film some windows look slightly purple from one angle; start with the visible detail, then a different close-up of the same object.",Rotate a coated pane under a light beam.,reviewed,"{""reviewed_at"": ""2026-09-16T10:45:35.716384+00:00"", ""method"": ""Editorial comparison of stated mechanism with retrieved primary text"", ""finding"": ""Thin optical coatings alter the wavelengths reflected and transmitted."", ""scope"": ""Coated architectural glass example; the reflected tint depends on coating and viewing angle.""}","{""recognition"": 3, ""overlooked_detail"": 3, ""payoff"": 3, ""evidence"": 3, ""visuals"": 3}",,"[{""url"": ""https://www.pilkington.com/-/media/pilkington/site-content/usa/window-manufacturers/technical-bulletins/ats184optiviewdesigndetails20130104nsgformat.pdf"", ""publisher"": ""pilkington.com"", ""passage"": ""at certain off-normal viewing angles, mostly caused by optical interference effects"", ""retrieved_at"": ""2026-09-16T05:02:38.306225+00:00""}]",architectural-glazing,mechanism-316071bc0c614335
buildings-009,buildings,travel,Why broken safety glass can remain in one sheet,broken safety glass can remain in one sheet,A laminated interlayer holds fractured pieces together.,A laminated interlayer holds fractured pieces together.,Laminated safety glass; do not generalize to all safety glass.,Global where the specified design is used,"Film broken safety glass can remain in one sheet; start with the visible detail, then a different close-up of the same object.",Compare laminated glass with a separated fracture.,reviewed,"{""reviewed_at"": ""2026-09-16T05:07:30.647337+00:00"", ""method"": ""Editorial comparison of stated mechanism with retrieved primary text"", ""finding"": ""A laminated interlayer holds fractured pieces together."", ""scope"": ""Laminated safety glass; do not generalize to all safety glass.""}","{""recognition"": 3, ""overlooked_detail"": 3, ""payoff"": 3, ""evidence"": 3, ""visuals"": 3}",,"[{""url"": ""https://www.pilkington.com/en/gbl/news/articles/specifying-for-protection-safety-and-security-glass"", ""publisher"": ""pilkington.com"", ""passage"": ""the PVB interlayer will help hold the fragments in place"", ""retrieved_at"": ""2026-09-16T05:02:38.338450+00:00""}]",cans,mechanism-411bf4e5756333fe
buildings-010,buildings,travel,Why toughened glass breaks into many small pieces,toughened glass breaks into many small pieces,The tempering process leaves a stress pattern that changes how cracks propagate.,The tempering process leaves a stress pattern that changes how cracks propagate.,Thermally toughened glass; explain stress release without suggesting deliberate breakage.,Global where the specified design is used,"Film toughened glass breaks into many small pieces; start with the visible detail, then a different close-up of the same object.",Release a crack through labelled stress layers.,reviewed,"{""reviewed_at"": ""2026-09-16T05:07:30.648343+00:00"", ""method"": ""Editorial comparison of stated mechanism with retrieved primary text"", ""finding"": ""The tempering process leaves a stress pattern that changes how cracks propagate."", ""scope"": ""Thermally toughened glass; explain stress release without suggesting deliberate breakage.""}","{""recognition"": 3, ""overlooked_detail"": 3, ""payoff"": 3, ""evidence"": 3, ""visuals"": 3}",,"[{""url"": ""https://www.pilkington.com/en/gbl/knowledge-hub-selection/architectural-and-technical-glass-knowledge-hub/glassary"", ""publisher"": ""pilkington.com"", ""passage"": ""compressive stress develops in the surface, balanced by tension in the centre"", ""retrieved_at"": ""2026-09-16T05:02:32.005005+00:00""}]",toughened-glass-breaks-into-many-small-pieces,mechanism-82ec3a0eeff5d0b2
buildings-011,buildings,travel,Why you can see dark patterns in car glass through sunglasses,you can see dark patterns in car glass through sunglasses,Polarized light reveals stress-related optical differences in some tempered glass.,Turning sunglasses can reveal a pattern already hidden in apparently clear glass.,Quench patterns visible with polarized light in heat-treated glass.,Global where the specified design is used,"Film you can see dark patterns in car glass through sunglasses; start with the visible detail, then a different close-up of the same object.",Rotate a polarizer over a stressed pane.,reviewed,"{""reviewed_at"": ""2026-09-16T05:07:30.648343+00:00"", ""method"": ""Editorial comparison of stated mechanism with retrieved primary text"", ""finding"": ""Polarized light reveals stress-related optical differences in some tempered glass."", ""scope"": ""Quench patterns visible with polarized light in heat-treated glass.""}","{""recognition"": 3, ""overlooked_detail"": 4, ""payoff"": 4, ""evidence"": 3, ""visuals"": 3}",,"[{""url"": ""https://www.pilkington.com/-/media/pilkington/site-content/usa/window-manufacturers/technical-bulletins/ats157quenchmarksinheattreatedglass20130114.pdf"", ""publisher"": ""pilkington.com"", ""passage"": ""they simply show areas of relatively more, or less, tempering stress"", ""retrieved_at"": ""2026-09-16T05:02:45.155375+00:00""}]",eyewear,mechanism-673d17ea70510231
buildings-012,buildings,travel,Why some glass seems to clean itself after rain,some glass seems to clean itself after rain,Certain coatings use sunlight and water spreading to help remove surface dirt.,Certain coatings use sunlight and water spreading to help remove surface dirt.,"Pilkington Activ coating; cleaning depends on light, rain and type of dirt, not zero maintenance.",Global where the specified design is used,"Film some glass seems to clean itself after rain; start with the visible detail, then a different close-up of the same object.",Show dirt breakdown followed by a water sheet.,reviewed,"{""reviewed_at"": ""2026-09-16T05:07:30.648343+00:00"", ""method"": ""Editorial comparison of stated mechanism with retrieved primary text"", ""finding"": ""Certain coatings use sunlight and water spreading to help remove surface dirt."", ""scope"": ""Pilkington Activ coating; cleaning depends on light, rain and type of dirt, not zero maintenance.""}","{""recognition"": 3, ""overlooked_detail"": 3, ""payoff"": 3, ""evidence"": 3, ""visuals"": 3}",,"[{""url"": ""https://my.pilkington.com/en/knowledge-base/glass-technology/glass-in-buildings/glass-that-cleans-itself"", ""publisher"": ""pilkington.com"", ""passage"": ""it attracts water and causes it to \""sheet\"" on the surface of the glass"", ""retrieved_at"": ""2026-09-16T05:02:43.299131+00:00""}]",some-glass-seems-to-clean-itself-after-rain,mechanism-0516828e0551226e
buildings-013,buildings,travel,Why revolving doors help keep a lobby comfortable,revolving doors help keep a lobby comfortable,Their compartments reduce direct exchange between outside and inside air.,Their compartments reduce direct exchange between outside and inside air.,"Revolving-door compartment design; say reduces exchange, not an airtight seal.",Global where the specified design is used,"Film revolving doors help keep a lobby comfortable; start with the visible detail, then a different close-up of the same object.",Trace air exchange through two door designs.,reviewed,"{""reviewed_at"": ""2026-09-16T05:07:30.648343+00:00"", ""method"": ""Editorial comparison of stated mechanism with retrieved primary text"", ""finding"": ""Their compartments reduce direct exchange between outside and inside air."", ""scope"": ""Revolving-door compartment design; say reduces exchange, not an airtight seal.""}","{""recognition"": 3, ""overlooked_detail"": 3, ""payoff"": 3, ""evidence"": 3, ""visuals"": 3}",,"[{""url"": ""https://blog.boonedam.com/en-us/revolving-doors-efficiency-convenience-and-security"", ""publisher"": ""boonedam.com"", ""passage"": ""Revolving doors create enclosed compartments"", ""retrieved_at"": ""2026-09-16T05:02:45.474590+00:00""}]",doors,mechanism-dea2d37ce624168c
buildings-014,buildings,travel,Why shops use a blast of air over the entrance,shops use a blast of air over the entrance,An air curtain limits exchange across an open doorway when correctly installed.,An air curtain limits exchange across an open doorway when correctly installed.,Properly selected and installed air curtains; performance depends on wind and installation.,Global where the specified design is used,"Film shops use a blast of air over the entrance; start with the visible detail, then a different close-up of the same object.",Draw the downward jet and side airflows.,reviewed,"{""reviewed_at"": ""2026-09-16T05:07:30.649342+00:00"", ""method"": ""Editorial comparison of stated mechanism with retrieved primary text"", ""finding"": ""An air curtain limits exchange across an open doorway when correctly installed."", ""scope"": ""Properly selected and installed air curtains; performance depends on wind and installation.""}","{""recognition"": 3, ""overlooked_detail"": 3, ""payoff"": 3, ""evidence"": 3, ""visuals"": 3}",,"[{""url"": ""https://berner.com/wp-content/uploads/2020/05/Berner-Air-Curtains-Energy-Savings-Occupant-Comfort-FCSI-Course.pdf"", ""publisher"": ""berner.com"", ""passage"": ""Air curtains effectively create a barrier between indoor and outdoor temperature conditions"", ""retrieved_at"": ""2026-09-16T05:02:57.439667+00:00""}]",shops-use-a-blast-of-air-over-the-entrance,mechanism-fb7d6ff991257729
buildings-015,buildings,travel,Why some fire doors have a thin strip tucked into the frame,some fire doors have a thin strip tucked into the frame,An intumescent strip contains material that expands in fire heat to close the working gap around a compatible door.,A narrow strip can change shape only when heated; its normal appearance hides its role.,"Lorient ES992UK intumescent perimeter-seal example in a compatible fire-door assembly; not every strip is intumescent, and this is not installation advice.",Global where the specified design is used,"Show an intact fire-door frame strip and the normal door gap, without altering or heating the installation.","Animate a labelled cross-section in which the intumescent core expands into the gap; illustrative scale, no performance duration.",reviewed,"{""reviewed_at"": ""2026-09-17T03:43:31.660678+00:00"", ""method"": ""Editorial comparison of stated mechanism with retrieved primary text"", ""finding"": ""An intumescent strip contains material that expands in fire heat to close the working gap around a compatible door."", ""scope"": ""Lorient ES992UK intumescent perimeter-seal example in a compatible fire-door assembly; not every strip is intumescent, and this is not installation advice.""}","{""recognition"": 3, ""overlooked_detail"": 3, ""payoff"": 4, ""evidence"": 3, ""visuals"": 4}",Replaced the held obvious-utility angle with a distinct supported mechanism; original research draft retained in category input for audit.,"[{""url"": ""https://www.lorientuk.com/files/Lorient-steel-door-sealing-solutions-brochure-compressed.pdf"", ""publisher"": ""lorientuk.com"", ""passage"": ""the PVC casing softens and the graphite core expands to seal gaps"", ""retrieved_at"": ""2026-09-17T03:42:10.098647+00:00""}]",fire-door-seal,mechanism-b766912acb49685f
buildings-016,buildings,travel,Why some fire doors stay open until an alarm,some fire doors stay open until an alarm,An alarm-controlled hold-open device releases the door so it can close.,An alarm-controlled hold-open device releases the door so it can close.,ASSA ABLOY acoustic hold-open releases; distinguish these from all fire-door systems.,Global where the specified design is used,"Film some fire doors stay open until an alarm; start with the visible detail, then a different close-up of the same object.",Animate power release and door closure.,reviewed,"{""reviewed_at"": ""2026-09-16T05:07:30.650341+00:00"", ""method"": ""Editorial comparison of stated mechanism with retrieved primary text"", ""finding"": ""An alarm-controlled hold-open device releases the door so it can close."", ""scope"": ""ASSA ABLOY acoustic hold-open releases; distinguish these from all fire-door systems.""}","{""recognition"": 3, ""overlooked_detail"": 3, ""payoff"": 3, ""evidence"": 3, ""visuals"": 3}",,"[{""url"": ""https://www.assaabloy.com/uk/en/solutions/products/door-controls/acoustic-release"", ""publisher"": ""assaabloy.com"", ""passage"": ""should a fire alarm sound, the device will automatically release"", ""retrieved_at"": ""2026-09-16T05:03:04.120700+00:00""}]",doors,mechanism-ec70529837c828a1
buildings-017,buildings,travel,Why a door closer speeds up near the latch,a door closer speeds up near the latch,Separate sweep and latch adjustments control different parts of the closing motion.,Separate sweep and latch adjustments control different parts of the closing motion.,Adjustable hydraulic closers; speed can increase or decrease near the latch depending on settings.,Global where the specified design is used,"Film a door closer speeds up near the latch; start with the visible detail, then a different close-up of the same object.",Plot door angle against closing speed.,reviewed,"{""reviewed_at"": ""2026-09-16T05:07:30.650341+00:00"", ""method"": ""Editorial comparison of stated mechanism with retrieved primary text"", ""finding"": ""Separate sweep and latch adjustments control different parts of the closing motion."", ""scope"": ""Adjustable hydraulic closers; speed can increase or decrease near the latch depending on settings.""}","{""recognition"": 3, ""overlooked_detail"": 3, ""payoff"": 3, ""evidence"": 3, ""visuals"": 3}",,"[{""url"": ""https://us.allegion.com/content/dam/allegion-us-2/web-files/allegion/information-documents/Energy_Cost_Savings_Using_an_Effective_Door_Closer_111500.pdf"", ""publisher"": ""allegion.com"", ""passage"": ""The latch speed valve controls the latch speed of the door"", ""retrieved_at"": ""2026-09-16T05:03:07.678444+00:00""}]",doors,mechanism-4deb9c3eeb483d6f
buildings-018,buildings,travel,Why a push-bar exit opens with a full hand,a push-bar exit opens with a full hand,Panic hardware enables release by pressure along the bar instead of a precise grip.,Panic hardware enables release by pressure along the bar instead of a precise grip.,The specific product construction or system described by the primary source; not all designs.,Global where this design is used; verify local requirements before naming a rule.,"Film a push-bar exit opens with a full hand; start with the visible detail, then a different close-up of the same object.",Show the bar retracting latch points.,pending_review,,"{""recognition"": 3, ""overlooked_detail"": 3, ""payoff"": 3, ""evidence"": 0, ""visuals"": 3}",,"[{""url"": ""https://us.allegion.com/en/resources/education/leading-the-industry/101-articles/door-hardware-101.html"", ""publisher"": ""allegion.com""}, {""url"": ""https://us.allegion.com/content/dam/allegion-us-2/web-documents-2/Article/Door_Hardware_101-Basic_Hardware_Jargon_109637.pdf"", ""publisher"": ""allegion.com""}, {""url"": ""https://us.allegion.com/content/dam/allegion-us-2/web-files/allegion/information-documents/Allegion_Basics_of_Panic_Hardware_article_109972.pdf"", ""publisher"": ""allegion.com""}]",doors,mechanism-ce35e02b6703e7cc
buildings-019,buildings,travel,Why some door handles return to horizontal by themselves,some door handles return to horizontal by themselves,A spring mechanism restores the lever after operation.,A spring mechanism restores the lever after operation.,The specific product construction or system described by the primary source; not all designs.,Global where this design is used; verify local requirements before naming a rule.,"Film some door handles return to horizontal by themselves; start with the visible detail, then a different close-up of the same object.",Cut away the handle spindle and return spring.,pending_review,,"{""recognition"": 3, ""overlooked_detail"": 3, ""payoff"": 3, ""evidence"": 0, ""visuals"": 3}",,"[{""url"": ""https://www.hoppe.com/in-en/solutions/simple-installation/hoppe-express-fix/"", ""publisher"": ""hoppe.com""}, {""url"": ""https://www.hoppe.com/gb-en/solutions/simple-installation/hoppe-express-fix/"", ""publisher"": ""hoppe.com""}, {""url"": ""https://www.hoppe.com/se-en/solutions/burglary-protection/secuforte/"", ""publisher"": ""hoppe.com""}]",door-handles,mechanism-3332a7b26e7e5f78
buildings-020,buildings,travel,Why door handles are often levers in public buildings,door handles are often levers in public buildings,"A lever can release a door latch without the tight grip and wrist twist of a round knob, accommodating more ways of operating the door.","The useful difference is the hand movement required, not simply whether the handle is long or round.",United States ADA guide example for accessible door hardware; not every building worldwide follows the same rule.,United States (ADA/ABA example),Compare operating a lever with a loose hand and turning a round knob; do not stage disability impersonations.,Animate the latch retracting while highlighting rotation versus downward pressure.,reviewed,"{""reviewed_at"": ""2026-09-17T15:22:03.304500+00:00"", ""method"": ""Editorial comparison of stated mechanism with retrieved primary text"", ""finding"": ""A lever can release a door latch without the tight grip and wrist twist of a round knob, accommodating more ways of operating the door."", ""scope"": ""United States ADA guide example for accessible door hardware; not every building worldwide follows the same rule.""}","{""recognition"": 3, ""overlooked_detail"": 3, ""payoff"": 2, ""evidence"": 3, ""visuals"": 3}",,"[{""url"": ""https://www.access-board.gov/ada/guides/chapter-4-entrances-doors-and-gates/"", ""publisher"": ""access-board.gov"", ""passage"": ""Round door knobs do not comply because they require twisting of the wrist."", ""retrieved_at"": ""2026-09-16T05:03:11.583432+00:00""}]",door-handles,mechanism-9e44cb964a6cffdf
buildings-021,buildings,travel,Why a threshold is sloped instead of square,a threshold is sloped instead of square,A bevel reduces abrupt level changes for wheels and feet within applicable access limits.,A bevel reduces abrupt level changes for wheels and feet within applicable access limits.,The specific product construction or system described by the primary source; not all designs.,Global where this design is used; verify local requirements before naming a rule.,"Film a threshold is sloped instead of square; start with the visible detail, then a different close-up of the same object.",Roll a small wheel over two thresholds.,pending_review,,"{""recognition"": 3, ""overlooked_detail"": 3, ""payoff"": 3, ""evidence"": 0, ""visuals"": 3}",,"[{""url"": ""https://www.access-board.gov/ada/"", ""publisher"": ""access-board.gov""}, {""url"": ""https://www.access-board.gov/aba/guides/chapter-3-floor-and-ground-surfaces/"", ""publisher"": ""access-board.gov""}, {""url"": ""https://www.access-board.gov/ada/ada-ibc-comparison/chapter-4/"", ""publisher"": ""access-board.gov""}]",doors,mechanism-8675241bd42b9907
buildings-022,buildings,travel,Why accessible doors need empty space beside the handle,accessible doors need empty space beside the handle,"Maneuvering clearance allows approach, opening and passage without trapping the user.",A wide doorway alone is not enough: the person also needs space to move while opening it.,"US ADA guidance as a documented example; the amount and location depend on approach, door swing and hardware. No universal dimensions.",United States (ADA/ABA example),"Film accessible doors need empty space beside the handle; start with the visible detail, then a different close-up of the same object.",Animate a wheelchair opening a door in plan view.,reviewed,"{""reviewed_at"": ""2026-09-16T15:57:56.708853+00:00"", ""method"": ""Editorial comparison of stated mechanism with retrieved primary text"", ""finding"": ""Maneuvering clearance allows approach, opening and passage without trapping the user."", ""scope"": ""US ADA guidance as a documented example; the amount and location depend on approach, door swing and hardware. No universal dimensions.""}","{""recognition"": 3, ""overlooked_detail"": 3, ""payoff"": 3, ""evidence"": 3, ""visuals"": 3}",,"[{""url"": ""https://www.access-board.gov/ada/guides/chapter-4-entrances-doors-and-gates/"", ""publisher"": ""access-board.gov"", ""passage"": ""Required maneuvering clearances provide space for opening and proceeding through doors, doorways, and gates using wheelchairs and other mobility aids."", ""retrieved_at"": ""2026-09-16T05:03:11.583432+00:00""}]",doors,mechanism-4408fccac308a166
buildings-023,buildings,travel,Why ramps have flat sections between slopes,ramps have flat sections between slopes,"Level landings interrupt a ramp run with space to pause and maneuver, including changing direction without turning on the slope.",A ramp turn is easier to understand when the turn is shown on a level platform rather than partway up a slope.,United States ADA ramp-guide example; intermediate landings provide space to pause or turn but do not eliminate the effort of climbing.,United States (ADA/ABA example),Show an empty ramp landing and the change in direction from above.,"Move a schematic wheelchair onto a level landing, turn there, then begin the next sloping run.",reviewed,"{""reviewed_at"": ""2026-09-17T15:22:03.314822+00:00"", ""method"": ""Editorial comparison of stated mechanism with retrieved primary text"", ""finding"": ""Level landings interrupt a ramp run with space to pause and maneuver, including changing direction without turning on the slope."", ""scope"": ""United States ADA ramp-guide example; intermediate landings provide space to pause or turn but do not eliminate the effort of climbing.""}","{""recognition"": 3, ""overlooked_detail"": 3, ""payoff"": 2, ""evidence"": 3, ""visuals"": 4}",,"[{""url"": ""https://www.access-board.gov/ada/guides/chapter-4-ramps-and-curb-ramps/"", ""publisher"": ""access-board.gov"", ""passage"": ""Long ramps with many runs can be strenuous for people using manual wheelchairs. While intermediate landings offer resting points"", ""retrieved_at"": ""2026-09-16T05:03:14.475909+00:00""}]",access-ramps,mechanism-f0210ac37dedb488
buildings-024,buildings,travel,Why ramp handrails extend past the slope,ramp handrails extend past the slope,Extensions allow support before entering and after leaving the sloping run.,Extensions allow support before entering and after leaving the sloping run.,The specific product construction or system described by the primary source; not all designs.,Global where this design is used; verify local requirements before naming a rule.,"Film ramp handrails extend past the slope; start with the visible detail, then a different close-up of the same object.",Track hand contact across the ramp ends.,pending_review,,"{""recognition"": 3, ""overlooked_detail"": 3, ""payoff"": 3, ""evidence"": 0, ""visuals"": 3}",,"[{""url"": ""https://www.access-board.gov/aba/guides/chapter-4-ramps-and-curb-ramps/"", ""publisher"": ""access-board.gov""}, {""url"": ""https://www.access-board.gov/ada/guides/chapter-4-ramps-and-curb-ramps/"", ""publisher"": ""access-board.gov""}, {""url"": ""https://www.access-board.gov/ada/"", ""publisher"": ""access-board.gov""}]",access-ramps,mechanism-201b9f065efcb65e
buildings-025,buildings,travel,Why stairs sometimes have a contrasting strip on each step,stairs sometimes have a contrasting strip on each step,Contrasting nosings help make step edges visible.,"The edge marker separates the next step from the surface behind it, even when the materials are similar.","United States Access Board public-right-of-way accessibility guidance example; show contrast, not a universal specification or installation instruction.",United States (ADA/ABA example),Show a stair edge with its contrasting strip in consistent lighting.,Compare the same stair silhouette with and without a contrasting nosing; use no simulated clinical vision claims.,reviewed,"{""reviewed_at"": ""2026-09-17T15:22:03.314822+00:00"", ""method"": ""Editorial comparison of stated mechanism with retrieved primary text"", ""finding"": ""Contrasting nosings help make step edges visible."", ""scope"": ""United States Access Board public-right-of-way accessibility guidance example; show contrast, not a universal specification or installation instruction.""}","{""recognition"": 3, ""overlooked_detail"": 3, ""payoff"": 2, ""evidence"": 3, ""visuals"": 3}",,"[{""url"": ""https://www.access-board.gov/prowag/supplemental.html"", ""publisher"": ""access-board.gov"", ""passage"": ""shall contrast visually with the rest of the step tread or circulation path surface either light-on-dark or dark-on-light."", ""retrieved_at"": ""2026-09-16T05:03:16.752360+00:00""}]",stair-nosings,mechanism-03b3b9173437bf23
buildings-026,buildings,travel,Why some stair handrails turn back into the wall,some stair handrails turn back into the wall,Returned ends reduce catching and projecting hazards.,Returned ends reduce catching and projecting hazards.,The specific product construction or system described by the primary source; not all designs.,Global where this design is used; verify local requirements before naming a rule.,"Film some stair handrails turn back into the wall; start with the visible detail, then a different close-up of the same object.",Compare an open rail end with a returned end.,pending_review,,"{""recognition"": 3, ""overlooked_detail"": 3, ""payoff"": 3, ""evidence"": 0, ""visuals"": 3}",,"[{""url"": ""https://www.access-board.gov/ada/guides/chapter-5-stairways/"", ""publisher"": ""access-board.gov""}, {""url"": ""https://www.access-board.gov/aba/guides/chapter-5-stairways/"", ""publisher"": ""access-board.gov""}, {""url"": ""https://www.access-board.gov/files/aba/guides/ABA-Standards-Guide_Chapters1-5.pdf"", ""publisher"": ""access-board.gov""}]",accessibility,mechanism-0bbea4597ce47dc9
buildings-027,buildings,travel,Why warning paving has bumps instead of painted lines,warning paving has bumps instead of painted lines,Detectable surfaces communicate a boundary through touch as well as vision.,Detectable surfaces communicate a boundary through touch as well as vision.,The specific product construction or system described by the primary source; not all designs.,Global where this design is used; verify local requirements before naming a rule.,"Film warning paving has bumps instead of painted lines; start with the visible detail, then a different close-up of the same object.",Show a cane encountering a domed warning surface.,pending_review,,"{""recognition"": 3, ""overlooked_detail"": 3, ""payoff"": 3, ""evidence"": 0, ""visuals"": 3}",,"[{""url"": ""https://www.access-board.gov/ada/"", ""publisher"": ""access-board.gov""}, {""url"": ""https://www.access-board.gov/files/research/dw-visual-detection.pdf"", ""publisher"": ""access-board.gov""}, {""url"": ""https://www.access-board.gov/prowag/proposed/chapter-r2-scoping-requirements/"", ""publisher"": ""access-board.gov""}]",tactile-paving,mechanism-96d7896582011233
buildings-028,buildings,travel,Why tactile paving uses both ridges and dots,tactile paving uses both ridges and dots,"In this UK system, parallel raised bars guide the direction of travel while other tactile patterns mark hazards; the pattern and location carry information.","Two textured paving patterns can carry different messages, rather than being interchangeable decoration.",UK Department for Transport tactile paving guidance example; meanings and layouts must not be generalized to every country.,United Kingdom example,Show identified UK guidance bars and a crossing blister surface in their actual settings.,"Draw travel along parallel bars, then stop at a separately labelled warning pattern; state this is a UK example.",reviewed,"{""reviewed_at"": ""2026-09-17T15:22:03.317514+00:00"", ""method"": ""Editorial comparison of stated mechanism with retrieved primary text"", ""finding"": ""In this UK system, parallel raised bars guide the direction of travel while other tactile patterns mark hazards; the pattern and location carry information."", ""scope"": ""UK Department for Transport tactile paving guidance example; meanings and layouts must not be generalized to every country.""}","{""recognition"": 3, ""overlooked_detail"": 3, ""payoff"": 3, ""evidence"": 3, ""visuals"": 4}",,"[{""url"": ""https://assets.publishing.service.gov.uk/government/uploads/system/uploads/attachment_data/file/1046126/guidance-on-the-use-of-tactile-paving-surfaces.pdf"", ""publisher"": ""gov.uk"", ""passage"": ""raised, flat-topped bars running in the direction of pedestrian travel."", ""retrieved_at"": ""2026-09-16T05:03:23.057976+00:00""}]",tactile-paving,mechanism-a6299f44d999e33e
buildings-029,buildings,travel,Why some crossing buttons have a hidden moving cone,some crossing buttons have a hidden moving cone,At equipped crossings a small tactile cone rotates to communicate that the pedestrian signal is showing green.,A crossing can communicate through a moving part most sighted pedestrians never notice.,Cheshire East UK crossing example; equipment and signalling arrangements vary by location.,United Kingdom example,"Film some crossing buttons have a hidden moving cone; start with the visible detail, then a different close-up of the same object.",Show a cone rotating only during the crossing phase.,reviewed,"{""reviewed_at"": ""2026-09-16T10:45:35.717097+00:00"", ""method"": ""Editorial comparison of stated mechanism with retrieved primary text"", ""finding"": ""At equipped crossings a small tactile cone rotates to communicate that the pedestrian signal is showing green."", ""scope"": ""Cheshire East UK crossing example; equipment and signalling arrangements vary by location.""}","{""recognition"": 3, ""overlooked_detail"": 4, ""payoff"": 4, ""evidence"": 3, ""visuals"": 3}",,"[{""url"": ""https://www.cheshireeast.gov.uk/highways_and_roads/road-safety/pedestrian-crossings.aspx"", ""publisher"": ""gov.uk"", ""passage"": ""This cone spins when the green man signal to cross is showing"", ""retrieved_at"": ""2026-09-16T05:03:21.036208+00:00""}]",traffic-signals,mechanism-d1991ce2acf373a2
buildings-030,buildings,travel,Why an elevator gives different chimes for up and down,an elevator gives different chimes for up and down,Distinct audible signals communicate travel direction without relying solely on sight.,Distinct audible signals communicate travel direction without relying solely on sight.,US accessibility standards example; verbal direction announcements are an allowed alternative.,United States (ADA/ABA example),"Film an elevator gives different chimes for up and down; start with the visible detail, then a different close-up of the same object.",Pair two chime patterns with direction arrows.,reviewed,"{""reviewed_at"": ""2026-09-16T10:45:35.731122+00:00"", ""method"": ""Editorial comparison of stated mechanism with retrieved primary text"", ""finding"": ""Distinct audible signals communicate travel direction without relying solely on sight."", ""scope"": ""US accessibility standards example; verbal direction announcements are an allowed alternative.""}","{""recognition"": 3, ""overlooked_detail"": 3, ""payoff"": 3, ""evidence"": 3, ""visuals"": 3}",,"[{""url"": ""https://www.access-board.gov/aba/"", ""publisher"": ""access-board.gov"", ""passage"": ""Audible signals shall sound once for the up direction and twice for the down direction"", ""retrieved_at"": ""2026-09-16T05:03:21.916297+00:00""}]",elevators,mechanism-85689981a20c110e
buildings-031,buildings,travel,Why elevator buttons have raised markings beside them,elevator buttons have raised markings beside them,Tactile markings and Braille allow controls to be identified by touch.,Tactile markings and Braille allow controls to be identified by touch.,The specific product construction or system described by the primary source; not all designs.,Global where this design is used; verify local requirements before naming a rule.,"Film elevator buttons have raised markings beside them; start with the visible detail, then a different close-up of the same object.",Trace a fingertip from label to button.,pending_review,,"{""recognition"": 3, ""overlooked_detail"": 3, ""payoff"": 3, ""evidence"": 0, ""visuals"": 3}",,"[{""url"": ""https://www.access-board.gov/ada/"", ""publisher"": ""access-board.gov""}, {""url"": ""https://www.access-board.gov/ada/chapter/ch04/"", ""publisher"": ""access-board.gov""}, {""url"": ""https://www.access-board.gov/aba/"", ""publisher"": ""access-board.gov""}]",elevators,mechanism-0429c9e53c4cd075
buildings-032,buildings,travel,Why destination elevators ask for your floor in the lobby,destination elevators ask for your floor in the lobby,Destination dispatch groups passengers before boarding to reduce intermediate stops.,Destination dispatch groups passengers before boarding to reduce intermediate stops.,KONE destination dispatch example; benefits depend on traffic and configuration.,Global where the specified design is used,"Film destination elevators ask for your floor in the lobby; start with the visible detail, then a different close-up of the same object.",Compare mixed destinations with grouped cars.,reviewed,"{""reviewed_at"": ""2026-09-16T10:45:35.731122+00:00"", ""method"": ""Editorial comparison of stated mechanism with retrieved primary text"", ""finding"": ""Destination dispatch groups passengers before boarding to reduce intermediate stops."", ""scope"": ""KONE destination dispatch example; benefits depend on traffic and configuration.""}","{""recognition"": 3, ""overlooked_detail"": 3, ""payoff"": 3, ""evidence"": 3, ""visuals"": 3}",,"[{""url"": ""https://www.kone.com/global/en/newsroom/references/karlatornet.html"", ""publisher"": ""kone.com"", ""passage"": ""the system groups people heading to the same floors into the same car"", ""retrieved_at"": ""2026-09-16T05:03:26.018371+00:00""}]",elevators,mechanism-529b074ef663dc98
buildings-033,buildings,travel,Why an empty elevator can move by itself,an empty elevator can move by itself,Dispatch logic can reposition available cars to serve expected demand.,An empty lift can be positioning itself for a passenger who has not called it yet.,"Otis predictive parking example, not all unexplained elevator movements.",Global where the specified design is used,"Film an empty elevator can move by itself; start with the visible detail, then a different close-up of the same object.",Show idle cars moving to demand zones.,reviewed,"{""reviewed_at"": ""2026-09-16T10:45:35.731122+00:00"", ""method"": ""Editorial comparison of stated mechanism with retrieved primary text"", ""finding"": ""Dispatch logic can reposition available cars to serve expected demand."", ""scope"": ""Otis predictive parking example, not all unexplained elevator movements.""}","{""recognition"": 3, ""overlooked_detail"": 4, ""payoff"": 4, ""evidence"": 3, ""visuals"": 3}",,"[{""url"": ""https://www.otis.com/documents/d/otis-2/compass-infinity-traffic-learning-predictive-parking-factsheet"", ""publisher"": ""otis.com"", ""passage"": ""Traffic predictions are leveraged when an elevator becomes idle so it can be pre-parked to a floor where demand is expected to materialize."", ""retrieved_at"": ""2026-09-16T05:03:23.168935+00:00""}]",elevators,mechanism-9806d6d12f63253e
buildings-034,buildings,travel,Why escalator steps flatten before you step off,escalator steps flatten before you step off,Step wheels follow tracks that bring the treads into one level at the landing.,Step wheels follow tracks that bring the treads into one level at the landing.,The specific product construction or system described by the primary source; not all designs.,Global where this design is used; verify local requirements before naming a rule.,"Film escalator steps flatten before you step off; start with the visible detail, then a different close-up of the same object.",Animate wheel paths under an escalator.,pending_review,,"{""recognition"": 3, ""overlooked_detail"": 3, ""payoff"": 3, ""evidence"": 0, ""visuals"": 3}",,"[{""url"": ""https://distributors.kone.com/en/Images/planning-guide-kone-escalators-and-autowalks_tcm90-19920.pdf"", ""publisher"": ""kone.com""}, {""url"": ""https://distributors.kone.com/fr/Images/planning-guide-kone-escalators-and-autowalks_tcm131-19920.pdf"", ""publisher"": ""kone.com""}, {""url"": ""https://origin-www.kone.com/en/Images/UrbanJourneys_2018_FINAL_lowres_tcm17-76824.pdf"", ""publisher"": ""kone.com""}]",escalators,mechanism-f9dd95699ac0b329
buildings-035,buildings,travel,Why escalators have comb-like teeth at the ends,escalators have comb-like teeth at the ends,A comb plate meshes with step grooves at the transition to the landing.,The teeth reach into the moving tread grooves so the stationary landing does not leave one open edge.,The Schindler escalator arrangement described in its owner guide; the illustration does not invite touching moving equipment.,Global where the specified design is used,"Film escalators have comb-like teeth at the ends; start with the visible detail, then a different close-up of the same object.",Magnify the step-to-landing interface.,reviewed,"{""reviewed_at"": ""2026-09-16T15:57:56.708853+00:00"", ""method"": ""Editorial comparison of stated mechanism with retrieved primary text"", ""finding"": ""A comb plate meshes with step grooves at the transition to the landing."", ""scope"": ""The Schindler escalator arrangement described in its owner guide; the illustration does not invite touching moving equipment.""}","{""recognition"": 3, ""overlooked_detail"": 3, ""payoff"": 3, ""evidence"": 3, ""visuals"": 3}",,"[{""url"": ""https://www.schindler.com/content/dam/website/us/docs/safety/schindler-owners-guide.pdf/_jcr_content/renditions/original./schindler-owners-guide.pdf"", ""publisher"": ""schindler.com"", ""passage"": ""Combfingers protrude into the step tread and help prevent objects from being caught under the combplate."", ""retrieved_at"": ""2026-09-16T05:03:29.921277+00:00""}]",escalators,mechanism-bc56295086183453
buildings-036,buildings,travel,Why escalators have brushes along the sides,escalators have brushes along the sides,Skirt brushes discourage contact near the step-side gap.,Skirt brushes discourage contact near the step-side gap.,Escalator skirt-brush design example; the bristles discourage proximity and do not make the gap safe to touch.,Global where the specified design is used,"Film escalators have brushes along the sides; start with the visible detail, then a different close-up of the same object.",Show shoe clearance beside the moving step.,reviewed,"{""reviewed_at"": ""2026-09-16T10:45:35.731122+00:00"", ""method"": ""Editorial comparison of stated mechanism with retrieved primary text"", ""finding"": ""Skirt brushes discourage contact near the step-side gap."", ""scope"": ""Escalator skirt-brush design example; the bristles discourage proximity and do not make the gap safe to touch.""}","{""recognition"": 3, ""overlooked_detail"": 3, ""payoff"": 3, ""evidence"": 3, ""visuals"": 3}",,"[{""url"": ""https://www.schindler.com/content/dam/website/us/docs/modernization/escalator-safety-kit.pdf/_jcr_content/renditions/original./escalator-safety-kit.pdf"", ""publisher"": ""schindler.com"", ""passage"": ""keep shoes, feet and hands from getting near the gap in the ﬁrst place."", ""retrieved_at"": ""2026-09-16T05:03:31.596207+00:00""}]",escalators,mechanism-6129089b82318547
buildings-037,buildings,travel,Why moving walkways need a long flat exit,moving walkways need a long flat exit,The landing transition lets passengers step from moving tread to fixed floor.,The landing transition lets passengers step from moving tread to fixed floor.,The specific product construction or system described by the primary source; not all designs.,Global where this design is used; verify local requirements before naming a rule.,"Film moving walkways need a long flat exit; start with the visible detail, then a different close-up of the same object.",Track a foot across the comb plate.,pending_review,,"{""recognition"": 3, ""overlooked_detail"": 3, ""payoff"": 3, ""evidence"": 0, ""visuals"": 3}",,"[{""url"": ""https://www.otis.com/en/us/tools-resources/escalator-moving-walk-safety"", ""publisher"": ""otis.com""}, {""url"": ""https://www.otis.com/documents/256045/33806712/Escalator%20safe%20usage.pdf/8b1a835d-58c0-d11d-395b-29d03cb705bc?t=1596642606268"", ""publisher"": ""otis.com""}, {""url"": ""https://www.otis.com/documents/256045/35474965/Escalator%20safe%20usage.pdf/3036f81a-780b-26ea-ab22-08101b033c1d?t=1596807610403"", ""publisher"": ""otis.com""}]",escalators,mechanism-55f48c7899e8e291
buildings-038,buildings,travel,Why automatic doors sometimes ignore you when you stand still,automatic doors sometimes ignore you when you stand still,"Motion-based detection responds to changes, while presence sensors use other detection methods.","Motion-based detection responds to changes, while presence sensors use other detection methods.",The specific product construction or system described by the primary source; not all designs.,Global where this design is used; verify local requirements before naming a rule.,"Film automatic doors sometimes ignore you when you stand still; start with the visible detail, then a different close-up of the same object.",Compare motion detection with a presence zone.,pending_review,,"{""recognition"": 3, ""overlooked_detail"": 3, ""payoff"": 3, ""evidence"": 0, ""visuals"": 3}",,"[{""url"": ""https://asia.beasensors.com/en/blog/beyond-simple-motion-detection-next-generation-smart-intention-aware-sensors/"", ""publisher"": ""beasensors.com""}, {""url"": ""https://us.beasensors.com/en/product/lzr-microscan/"", ""publisher"": ""beasensors.com""}, {""url"": ""https://asia.beasensors.com/en/blog/select-hygienic-safety-sensors-for-hospital-automatic-doors/"", ""publisher"": ""beasensors.com""}]",doors,mechanism-3ac17399bef6b588
buildings-039,buildings,travel,Why a glass door can open before you reach it,a glass door can open before you reach it,An approach sensor detects a person within a monitored zone.,An approach sensor detects a person within a monitored zone.,The specific product construction or system described by the primary source; not all designs.,Global where this design is used; verify local requirements before naming a rule.,"Film a glass door can open before you reach it; start with the visible detail, then a different close-up of the same object.",Draw the detection footprint ahead of the door.,pending_review,,"{""recognition"": 3, ""overlooked_detail"": 3, ""payoff"": 3, ""evidence"": 0, ""visuals"": 3}",,"[{""url"": ""https://my.dormakaba.com/medias/DL0741-050-ESA500-OWN.pdf?context=bWFzdGVyfGltYWdlc3wxNTQ3Nzh8YXBwbGljYXRpb24vcGRmfGltYWdlcy9oZTMvaGI0Lzg5ODg1NzA2ODEzNzQucGRmfGZkYWFlYThjZTUwNWFhNzU5YWYyYTg4YmRkYjg1NGUyZmYyZDdiMjg4YmYzMjkxMWEwNmI0NDU2NzU0NWZjYWQ"", ""publisher"": ""dormakaba.com""}, {""url"": ""https://www.dormakaba.com/gb-en/services-and-support/maintenance-and-service/occupier-safety-checks/swing-doors"", ""publisher"": ""dormakaba.com""}, {""url"": ""https://www.dormakaba.com/gb-en/services-and-support/maintenance-and-service/occupier-safety-checks/sliding-doors"", ""publisher"": ""dormakaba.com""}]",architectural-glazing,mechanism-9a145a1c4cd64563
buildings-040,buildings,travel,Why supermarket security gates beep for unpaid tags,supermarket security gates beep for unpaid tags,Detection systems respond to active tags that have not been deactivated or removed.,Detection systems respond to active tags that have not been deactivated or removed.,The specific product construction or system described by the primary source; not all designs.,Global where this design is used; verify local requirements before naming a rule.,"Film supermarket security gates beep for unpaid tags; start with the visible detail, then a different close-up of the same object.",Trace a tag through detection antennas.,pending_review,,"{""recognition"": 3, ""overlooked_detail"": 3, ""payoff"": 3, ""evidence"": 0, ""visuals"": 3}",,"[{""url"": ""https://www.sensormatic.com/-/media/project/jci-global/retail/sensormatic/page-specific-images/resources/product-catalog/files/2020_catalog_sensormatic-_en_web.pdf"", ""publisher"": ""sensormatic.com""}, {""url"": ""https://www.sensormatic.com/en_uk/loss-prevention-liability/eas/detachers-and-deactivators"", ""publisher"": ""sensormatic.com""}, {""url"": ""https://www.sensormatic.com/en_hk/-/media/project/jci-global/retail/sensormatic/page-specific-images/resources/infographic/files/sensormatic_full_cat_03-2019_en.pdf"", ""publisher"": ""sensormatic.com""}]",supermarket-security-gates-beep-for-unpaid-tags,mechanism-2d4c91c33be4c203
buildings-041,buildings,travel,Why library security tags can be switched on again,library security tags can be switched on again,"An RFID library tag can store a security bit that changes at checkout and check-in, allowing the same tag to be reused.",Reusable electromagnetic security markers can be activated and desensitized during circulation.,RFID library tags described by the source; electromagnetic strips use a different mechanism.,Global where the specified design is used,"Film library security tags can be switched on again; start with the visible detail, then a different close-up of the same object.",Compare active and inactive magnetic strips.,reviewed,"{""reviewed_at"": ""2026-09-16T10:45:35.731122+00:00"", ""method"": ""Editorial comparison of stated mechanism with retrieved primary text"", ""finding"": ""An RFID library tag can store a security bit that changes at checkout and check-in, allowing the same tag to be reused."", ""scope"": ""RFID library tags described by the source; electromagnetic strips use a different mechanism.""}","{""recognition"": 3, ""overlooked_detail"": 3, ""payoff"": 3, ""evidence"": 3, ""visuals"": 3}",,"[{""url"": ""https://www.bibliotheca.com/rfid-in-libraries-after-conversion/"", ""publisher"": ""bibliotheca.com"", ""passage"": ""The tag also carries a security bit. It is turned on during tagging, turned off at checkout, and turned back on at check-in."", ""retrieved_at"": ""2026-09-16T05:03:40.696889+00:00""}]",cans,mechanism-ddf4fab22d513f9e
buildings-042,buildings,travel,Why security bollards can stop cars despite their narrow shape,security bollards can stop cars despite their narrow shape,Their foundations and energy-management design are critical to impact resistance.,Their foundations and energy-management design are critical to impact resistance.,The specific product construction or system described by the primary source; not all designs.,Global where this design is used; verify local requirements before naming a rule.,"Film security bollards can stop cars despite their narrow shape; start with the visible detail, then a different close-up of the same object.",Show force transferring into an anchored foundation.,pending_review,,"{""recognition"": 3, ""overlooked_detail"": 3, ""payoff"": 3, ""evidence"": 0, ""visuals"": 3}",,"[{""url"": ""https://bsi.com/2026-payroll-tax-rates-updated-social-security-wage-bases-and-fica-rates/"", ""publisher"": ""bsi.com""}, {""url"": ""https://bsi.com/how-bsi-tools-reduce-payroll-team-workload/"", ""publisher"": ""bsi.com""}, {""url"": ""https://bsi.com/sui-vs-suta-key-differences-you-should-know/"", ""publisher"": ""bsi.com""}]",cans,mechanism-35a16d48a985f72b
buildings-043,buildings,travel,Why parking barriers have flexible breakaway arms,parking barriers have flexible breakaway arms,Some arms release or flex during impact to reduce damage to the barrier mechanism.,Some arms release or flex during impact to reduce damage to the barrier mechanism.,The specific product construction or system described by the primary source; not all designs.,Global where this design is used; verify local requirements before naming a rule.,"Film parking barriers have flexible breakaway arms; start with the visible detail, then a different close-up of the same object.",Animate an arm releasing at its coupling.,pending_review,,"{""recognition"": 3, ""overlooked_detail"": 3, ""payoff"": 3, ""evidence"": 0, ""visuals"": 3}",,"[{""url"": ""https://www.faac.co.uk/productfiles/84_Manual_radD9129.pdf"", ""publisher"": ""faac.co.uk""}, {""url"": ""https://www.faac.co.uk/barriers"", ""publisher"": ""faac.co.uk""}, {""url"": ""https://www.faac.co.uk/productfiles/251_DataSheet_rad6013C.pdf"", ""publisher"": ""faac.co.uk""}]",parking-barriers-have-flexible-breakaway-arms,mechanism-84c3e92c9713ae1f
buildings-044,buildings,travel,Why some street drains use slots parallel to the kerb,some street drains use slots parallel to the kerb,"Inlet geometry balances water capture, wheel interaction and maintenance requirements.","Inlet geometry balances water capture, wheel interaction and maintenance requirements.",The specific product construction or system described by the primary source; not all designs.,Global where this design is used; verify local requirements before naming a rule.,"Film some street drains use slots parallel to the kerb; start with the visible detail, then a different close-up of the same object.",Compare runoff crossing differently oriented slots.,pending_review,,"{""recognition"": 3, ""overlooked_detail"": 3, ""payoff"": 3, ""evidence"": 0, ""visuals"": 3}",,"[{""url"": ""https://www.fhwa.dot.gov/engineering/hydraulics/pubs/10009/10009.pdf"", ""publisher"": ""fhwa.dot.gov""}, {""url"": ""https://www.fhwa.dot.gov/engineering/hydraulics/pubs/hif24006.pdf"", ""publisher"": ""fhwa.dot.gov""}, {""url"": ""https://www.fhwa.dot.gov/engineering/hydraulics/pubs/hec/hec12.pdf"", ""publisher"": ""fhwa.dot.gov""}]",drain-traps,mechanism-b6e679c3746da722
buildings-045,buildings,travel,Why manhole covers have patterned tops,manhole covers have patterned tops,Surface texture improves traction on a walking or driving surface.,Surface texture improves traction on a walking or driving surface.,The specific product construction or system described by the primary source; not all designs.,Global where this design is used; verify local requirements before naming a rule.,"Film manhole covers have patterned tops; start with the visible detail, then a different close-up of the same object.",Compare contact on smooth and patterned metal.,pending_review,,"{""recognition"": 3, ""overlooked_detail"": 3, ""payoff"": 3, ""evidence"": 0, ""visuals"": 3}",,"[{""url"": ""https://www.ejco.com/content-files/emea/static-industry-ressource/BS-7903-2020.pdf"", ""publisher"": ""ejco.com""}, {""url"": ""https://www.ejco.com/content-files/emea/static-industry-ressource/SSG.pdf"", ""publisher"": ""ejco.com""}, {""url"": ""https://www.ejco.com/About%20Us_files/EN%20124%202015%20Part%202%20Product%20Conformance.pdf"", ""publisher"": ""ejco.com""}]",manhole-covers-have-patterned-tops,mechanism-5e5acf58043a92b0
buildings-046,buildings,travel,Why drain covers often sit in a separate frame,drain covers often sit in a separate frame,The frame transfers loads into the surrounding structure and provides a seating surface.,The frame transfers loads into the surrounding structure and provides a seating surface.,The specific product construction or system described by the primary source; not all designs.,Global where this design is used; verify local requirements before naming a rule.,"Film drain covers often sit in a separate frame; start with the visible detail, then a different close-up of the same object.",Show load paths through cover and frame.,pending_review,,"{""recognition"": 3, ""overlooked_detail"": 3, ""payoff"": 3, ""evidence"": 0, ""visuals"": 3}",,"[{""url"": ""https://www.ejco.com/content-files/emea/static-industry-ressource/BS-7903-2020.pdf"", ""publisher"": ""ejco.com""}, {""url"": ""https://www.ejco.com/content-files/emea/static-industry-ressource/SSG.pdf"", ""publisher"": ""ejco.com""}, {""url"": ""https://dwp-radius-calculator.ejco.com/DWPCalculator/"", ""publisher"": ""ejco.com""}]",drain-traps,mechanism-e1ddfbee267464c7
buildings-047,buildings,travel,Why streetlights look white while older ones look orange,streetlights look white while older ones look orange,Different lamp technologies produce different emission spectra.,Different lamp technologies produce different emission spectra.,The specific product construction or system described by the primary source; not all designs.,Global where this design is used; verify local requirements before naming a rule.,"Film streetlights look white while older ones look orange; start with the visible detail, then a different close-up of the same object.",Compare sodium emission with a white LED spectrum.,pending_review,,"{""recognition"": 3, ""overlooked_detail"": 3, ""payoff"": 3, ""evidence"": 0, ""visuals"": 3}",,"[{""url"": ""https://www.energy.gov/sites/prod/files/maprod/documents/Energy_Savings_Light_Emitting_Diodes_Niche_Lighting_Apps.pdf"", ""publisher"": ""energy.gov""}, {""url"": ""https://www.energy.gov/cmei/ssl/led-basics"", ""publisher"": ""energy.gov""}, {""url"": ""https://www.energy.gov/documents/2017led-impact-sky-glowpdf"", ""publisher"": ""energy.gov""}]",streetlights-look-white-while-older-ones-look-orange,mechanism-dd6463b93431bb83
buildings-048,buildings,travel,Why some streetlights brighten only as people approach,some streetlights brighten only as people approach,Controls combine scheduling and sensing to adjust output when needed.,Controls combine scheduling and sensing to adjust output when needed.,The specific product construction or system described by the primary source; not all designs.,Global where this design is used; verify local requirements before naming a rule.,"Film some streetlights brighten only as people approach; start with the visible detail, then a different close-up of the same object.",Animate a pedestrian moving through dimmed zones.,pending_review,,"{""recognition"": 3, ""overlooked_detail"": 3, ""payoff"": 3, ""evidence"": 0, ""visuals"": 3}",,"[{""url"": ""https://www.assets.signify.com/is/content/PhilipsConsumer/PDFDownloads/United%20States/spacewise/ODLI20150807_001-UPD-en_US-PLt-1482BR_SpaceWise_DesignGuide_Digital.pdf"", ""publisher"": ""signify.com""}, {""url"": ""https://www.signify.com/en-gb/our-company/news/press-release-archive/2012/20121009-connected-public-lighting-philips-cisco"", ""publisher"": ""signify.com""}, {""url"": ""https://www.assets.signify.com/is/content/PhilipsConsumer/PDFDownloads/Global/ODLI20171117_001-PDF-en_AA-SpaceWise_wireless_Brochure_EU_update_2017.pdf"", ""publisher"": ""signify.com""}]",some-streetlights-brighten-only-as-people-approach,mechanism-6cb46253a3a7ad83
buildings-049,buildings,travel,Why road signs shine back at your headlights,road signs shine back at your headlights,Retroreflective materials redirect much of the incident light toward its source.,Retroreflective materials redirect much of the incident light toward its source.,Retroreflective sign materials; not ordinary glossy surfaces or a claim that all incoming light returns.,Global where the specified design is used,"Film road signs shine back at your headlights; start with the visible detail, then a different close-up of the same object.",Trace rays through a reflective element.,reviewed,"{""reviewed_at"": ""2026-09-16T10:45:35.731122+00:00"", ""method"": ""Editorial comparison of stated mechanism with retrieved primary text"", ""finding"": ""Retroreflective materials redirect much of the incident light toward its source."", ""scope"": ""Retroreflective sign materials; not ordinary glossy surfaces or a claim that all incoming light returns.""}","{""recognition"": 3, ""overlooked_detail"": 3, ""payoff"": 3, ""evidence"": 3, ""visuals"": 3}",,"[{""url"": ""https://multimedia.3m.com/mws/media/2607035O/maximizing-brightness-of-retroreflective-traffic-signs-to-help-serve-the-driving-population.pdf?fn=3m-cbt-ts-maximizing-brightness-type-xi-white-paper-ada-en-us.pdf"", ""publisher"": ""3m.com"", ""passage"": ""they redirect the light provided by the vehicle headlamps back to the driver"", ""retrieved_at"": ""2026-09-16T05:04:00.775976+00:00""}]",road-signs-shine-back-at-your-headlights,mechanism-9e5ab12afdd27ea9
buildings-050,buildings,travel,Why emergency exit signs remain visible after power fails,emergency exit signs remain visible after power fails,Emergency systems use backup power or qualifying photoluminescent material depending on installation.,Emergency systems use backup power or qualifying photoluminescent material depending on installation.,The specific product construction or system described by the primary source; not all designs.,Global where this design is used; verify local requirements before naming a rule.,"Film emergency exit signs remain visible after power fails; start with the visible detail, then a different close-up of the same object.",Compare battery-backed and light-storing signs.,pending_review,,"{""recognition"": 3, ""overlooked_detail"": 3, ""payoff"": 3, ""evidence"": 0, ""visuals"": 3}",,"[{""url"": ""https://content.nfpa.org/-/media/Project/Storefront/Catalog/Files/Research/Research-Foundation/Reports/RFDynamicExitSignage.pdf?rev=672e36d2bfc4449985711dcfe0575390"", ""publisher"": ""nfpa.org""}, {""url"": ""https://content.nfpa.org/-/media/Project/Storefront/Catalog/Files/Research/Research-Foundation/Reports/RFDynamicExitSignage.pdf"", ""publisher"": ""nfpa.org""}, {""url"": ""https://content.nfpa.org/-/media/Project/Storefront/Catalog/Files/Research/Research-Foundation/Reports/RFDynamicExitSignage.pdf?rev=61da411998d1474f8db6a4494e667b7a"", ""publisher"": ""nfpa.org""}]",emergency-exit-signs-remain-visible-after-power-fails,mechanism-83be90b4fc4877bd
buildings-051,buildings,travel,Why photoluminescent stair strips glow after lights go out,photoluminescent stair strips glow after lights go out,Stored excitation energy is released gradually as visible light.,Stored excitation energy is released gradually as visible light.,The specific product construction or system described by the primary source; not all designs.,Global where this design is used; verify local requirements before naming a rule.,"Film photoluminescent stair strips glow after lights go out; start with the visible detail, then a different close-up of the same object.",Show charging and afterglow on a stair edge.,pending_review,,"{""recognition"": 3, ""overlooked_detail"": 3, ""payoff"": 3, ""evidence"": 0, ""visuals"": 3}",,"[{""url"": ""https://www.jessupmfg.com/blog/photoluminescent-exit-tape-the-ultimate-glow-safety-guide.html"", ""publisher"": ""jessupmfg.com""}, {""url"": ""https://www.jessupmfg.com/blog/luminous-egress-path-markings-the-compliance-and-cost-saving-guide.html"", ""publisher"": ""jessupmfg.com""}, {""url"": ""https://www.jessupmfg.com/products-solutions/photoluminescent-sign-tapes/globrite-stairwell-egress-system/glo-briter-aluminum-strip-w-7650-photoluminescent-tape1-rd.html"", ""publisher"": ""jessupmfg.com""}]",stair-nosings,mechanism-73bdbcc7814a27e4
buildings-052,buildings,travel,Why office ceilings are covered with tiny holes,office ceilings are covered with tiny holes,Perforated or porous acoustic materials dissipate sound energy rather than reflecting it all.,Perforated or porous acoustic materials dissipate sound energy rather than reflecting it all.,The specific product construction or system described by the primary source; not all designs.,Global where this design is used; verify local requirements before naming a rule.,"Film office ceilings are covered with tiny holes; start with the visible detail, then a different close-up of the same object.",Trace sound into an absorptive ceiling.,pending_review,,"{""recognition"": 3, ""overlooked_detail"": 3, ""payoff"": 3, ""evidence"": 0, ""visuals"": 3}",,"[{""url"": ""https://www.armstrongceilings.com/content/dam/armstrongceilings/commercial/north-america/brochures/office-acoustics-attaining-speech-privacy-in-open-and-closed-plan-environments.pdf"", ""publisher"": ""armstrongceilings.com""}, {""url"": ""https://www.armstrongceilings.com/content/dam/armstrongceilings/commercial/north-america/brochures/metalworks-ceilings-perforations-brochure.pdf"", ""publisher"": ""armstrongceilings.com""}, {""url"": ""https://www.armstrongceilings.com/commercial/en/technical-downloads/ceiling-installation-painting-faqs.html"", ""publisher"": ""armstrongceilings.com""}]",office-ceilings-are-covered-with-tiny-holes,mechanism-b3bae3307cba0ae6
buildings-053,buildings,travel,Why an empty room sounds more echoey,an empty room sounds more echoey,Removing sound-absorbing furnishings increases reflected sound persistence.,Removing sound-absorbing furnishings increases reflected sound persistence.,The specific product construction or system described by the primary source; not all designs.,Global where this design is used; verify local requirements before naming a rule.,"Film an empty room sounds more echoey; start with the visible detail, then a different close-up of the same object.",Compare reflection paths in furnished and bare rooms.,pending_review,,"{""recognition"": 3, ""overlooked_detail"": 3, ""payoff"": 3, ""evidence"": 0, ""visuals"": 3}",,"[{""url"": ""https://www.rockfon.com/en-us/our-story/articles-and-insights/2021/2021-01-29-improving-with-well/"", ""publisher"": ""rockfon.com""}, {""url"": ""https://www.rockfon.com/en-us/design-inspiration/case-studies/heritage-e-stem-magnet-school/"", ""publisher"": ""rockfon.com""}, {""url"": ""https://www.rockfon.com/syssiteassets/documents-eee/inspiration/product-catalogue/eee-rockfon-product-catalogue_d_10_2023.pdf?f=20231024124558"", ""publisher"": ""rockfon.com""}]",an-empty-room-sounds-more-echoey,mechanism-dd429e6daa1e9afb
buildings-054,buildings,travel,Why double doors can make a room quieter,double doors can make a room quieter,Separated doors and a sealed intervening space reduce sound transmission paths.,Separated doors and a sealed intervening space reduce sound transmission paths.,The specific product construction or system described by the primary source; not all designs.,Global where this design is used; verify local requirements before naming a rule.,"Film double doors can make a room quieter; start with the visible detail, then a different close-up of the same object.",Trace sound through two sealed barriers.,pending_review,,"{""recognition"": 3, ""overlooked_detail"": 3, ""payoff"": 3, ""evidence"": 0, ""visuals"": 3}",,"[{""url"": ""https://www.assaabloy.com/content/assa-abloy/com/it/en/solutions/topics/door-closers/close-motion-technology"", ""publisher"": ""assaabloy.com""}, {""url"": ""https://www.assaabloy.com/pl/en/solutions/topics/door-closers/technologies/close-motion"", ""publisher"": ""assaabloy.com""}, {""url"": ""https://www.assaabloy.com/uk/en/stories/knowledge-centre/door-controls/close-motion"", ""publisher"": ""assaabloy.com""}]",doors,mechanism-3f42e067892f36f6
buildings-055,buildings,travel,Why acoustic doors need seals underneath too,acoustic doors need seals underneath too,Small air gaps can undermine the sound isolation of a heavier door.,Small air gaps can undermine the sound isolation of a heavier door.,"Acoustic door installations; a complete tested doorset matters, not just door mass.",Global where the specified design is used,"Film acoustic doors need seals underneath too; start with the visible detail, then a different close-up of the same object.",Show sound bypassing a door through its bottom gap.,reviewed,"{""reviewed_at"": ""2026-09-16T10:45:35.742649+00:00"", ""method"": ""Editorial comparison of stated mechanism with retrieved primary text"", ""finding"": ""Small air gaps can undermine the sound isolation of a heavier door."", ""scope"": ""Acoustic door installations; a complete tested doorset matters, not just door mass.""}","{""recognition"": 3, ""overlooked_detail"": 3, ""payoff"": 3, ""evidence"": 3, ""visuals"": 3}",,"[{""url"": ""https://www.lorientuk.com/files/resources/Brochures/Lorient-Guide-to-sealing-systems-2024_2024-10-02-095920_bgbl.pdf"", ""publisher"": ""lorientuk.com"", ""passage"": ""Sound can also pass through any gaps around the edges of the door"", ""retrieved_at"": ""2026-09-16T05:04:38.324754+00:00""}]",doors,mechanism-c8160788ce650a70
buildings-056,buildings,travel,Why roofs often have vents along the ridge,roofs often have vents along the ridge,Ridge and lower intake vents can support airflow through an attic space.,Ridge and lower intake vents can support airflow through an attic space.,The specific product construction or system described by the primary source; not all designs.,Global where this design is used; verify local requirements before naming a rule.,"Film roofs often have vents along the ridge; start with the visible detail, then a different close-up of the same object.",Trace intake-to-ridge airflow.,pending_review,,"{""recognition"": 3, ""overlooked_detail"": 3, ""payoff"": 3, ""evidence"": 0, ""visuals"": 3}",,"[{""url"": ""https://www2.owenscorning.com/reinsulation/docs/10009802-A-TOTH-Contractor-Training-Manual.pdf"", ""publisher"": ""owenscorning.com""}, {""url"": ""https://www2.owenscorning.com/around/ventilation/pdfs/unheated_attics.pdf"", ""publisher"": ""owenscorning.com""}, {""url"": ""https://www2.owenscorning.com/literature/pdfs/ventsure-strip-weather-protector.pdf"", ""publisher"": ""owenscorning.com""}]",roofs-often-have-vents-along-the-ridge,mechanism-3f52989969e68e21
buildings-057,buildings,travel,Why roof tiles overlap instead of meeting edge to edge,roof tiles overlap instead of meeting edge to edge,Overlaps shed water over successive tiles rather than directing it into open seams.,Overlaps shed water over successive tiles rather than directing it into open seams.,The specific product construction or system described by the primary source; not all designs.,Global where this design is used; verify local requirements before naming a rule.,"Film roof tiles overlap instead of meeting edge to edge; start with the visible detail, then a different close-up of the same object.",Follow rain across an overlapping roof section.,pending_review,,"{""recognition"": 3, ""overlooked_detail"": 3, ""payoff"": 3, ""evidence"": 0, ""visuals"": 3}",,"[{""url"": ""https://www.marley.co.uk/britishstandards/bs5534"", ""publisher"": ""marley.co.uk""}, {""url"": ""https://www.marley.co.uk/support/latest/weather-resistance-rain-and-snow"", ""publisher"": ""marley.co.uk""}, {""url"": ""https://www.marley.co.uk/-/media/files/brochures/marley-roof-system-specification-guide.ashx?hash=E864DBB9125D0BBC50745CB0F76A431C&rev=a6d21252248f491ba0df08ace2fce7d6"", ""publisher"": ""marley.co.uk""}]",roof-tiles-overlap-instead-of-meeting-edge-to-edge,mechanism-b6df2ccb3065344a
buildings-058,buildings,travel,Why roofing felt goes under tiles that already stop rain,roofing felt goes under tiles that already stop rain,An underlay provides a secondary weather barrier for water passing the outer covering.,An underlay provides a secondary weather barrier for water passing the outer covering.,Marley pitched-roof underlay example; underlay is not the primary waterproof covering.,Global where the specified design is used,"Film roofing felt goes under tiles that already stop rain; start with the visible detail, then a different close-up of the same object.",Trace wind-driven rain onto the underlay.,reviewed,"{""reviewed_at"": ""2026-09-16T10:45:35.742649+00:00"", ""method"": ""Editorial comparison of stated mechanism with retrieved primary text"", ""finding"": ""An underlay provides a secondary weather barrier for water passing the outer covering."", ""scope"": ""Marley pitched-roof underlay example; underlay is not the primary waterproof covering.""}","{""recognition"": 3, ""overlooked_detail"": 3, ""payoff"": 3, ""evidence"": 3, ""visuals"": 3}",,"[{""url"": ""https://www.marley.co.uk/-/media/files/fixing-instructions/universal-underlays-fixing-guide.ashx?hash=7120E4702664B3C90A2D75C6156E7040&rev=71b3af7a3bd54b09bc13cd468d35508c"", ""publisher"": ""marley.co.uk"", ""passage"": ""designed as a secondary barrier to wind driven rain and snow"", ""retrieved_at"": ""2026-09-16T05:04:44.585104+00:00""}]",roofing-felt-goes-under-tiles-that-already-stop-rain,mechanism-a35929f9ad115758
buildings-059,buildings,travel,Why flat roofs are not completely flat,flat roofs are not completely flat,A small designed fall directs water toward drains.,A small designed fall directs water toward drains.,The specific product construction or system described by the primary source; not all designs.,Global where this design is used; verify local requirements before naming a rule.,"Film flat roofs are not completely flat; start with the visible detail, then a different close-up of the same object.",Animate water moving along a shallow roof slope.,pending_review,,"{""recognition"": 3, ""overlooked_detail"": 3, ""payoff"": 3, ""evidence"": 0, ""visuals"": 3}",,"[{""url"": ""https://www.nhbc.co.uk/binaries/content/assets/nhbc/tech-zone/nhbc-standards/nhbc-standards-2023---conversions-and-renovations.pdf"", ""publisher"": ""nhbc.co.uk""}, {""url"": ""https://www.nhbc.co.uk/binaries/content/assets/nhbc/tech-zone/nhbc-standards/tech-guidance-and-support/balconies---revised-05-20.pdf"", ""publisher"": ""nhbc.co.uk""}, {""url"": ""https://www.nhbc.co.uk/binaries/content/assets/nhbc/tech-zone/nhbc-standards/r470c---nhbc-standards-2021---website-copy-update_7.1_v1.pdf"", ""publisher"": ""nhbc.co.uk""}]",flat-roofs-are-not-completely-flat,mechanism-506d1af0decde867
buildings-060,buildings,travel,Why gutters have a slight slope you barely notice,gutters have a slight slope you barely notice,The gradient directs runoff toward outlets instead of leaving standing water.,The gradient directs runoff toward outlets instead of leaving standing water.,The specific product construction or system described by the primary source; not all designs.,Global where this design is used; verify local requirements before naming a rule.,"Film gutters have a slight slope you barely notice; start with the visible detail, then a different close-up of the same object.",Show a level line above a sloped gutter.,pending_review,,"{""recognition"": 3, ""overlooked_detail"": 3, ""payoff"": 3, ""evidence"": 0, ""visuals"": 3}",,"[{""url"": ""https://cm.marley.co.uk/blog/what-are-lead-valleys-and-their-alternatives"", ""publisher"": ""marley.co.uk""}, {""url"": ""https://www.marley.co.uk/support/latest/what-are-bonding-gutters"", ""publisher"": ""marley.co.uk""}, {""url"": ""https://www.marley.co.uk/accessories/contour-in-line-vents"", ""publisher"": ""marley.co.uk""}]",gutters-have-a-slight-slope-you-barely-notice,mechanism-a59c2bbbf4ac1140
buildings-061,buildings,travel,Why downpipes sometimes end above a visible drain,downpipes sometimes end above a visible drain,An open discharge can provide a visible flow path and separation where the drainage design permits it.,An open discharge can provide a visible flow path and separation where the drainage design permits it.,The specific product construction or system described by the primary source; not all designs.,Global where this design is used; verify local requirements before naming a rule.,"Film downpipes sometimes end above a visible drain; start with the visible detail, then a different close-up of the same object.",Trace water across a labelled drainage arrangement.,pending_review,,"{""recognition"": 3, ""overlooked_detail"": 3, ""payoff"": 3, ""evidence"": 0, ""visuals"": 3}",,"[{""url"": ""https://www.marley.co.uk/accessories/modern-universal-contour-tile-vent"", ""publisher"": ""marley.co.uk""}, {""url"": ""https://www.marley.co.uk/accessories/contour-in-line-vents"", ""publisher"": ""marley.co.uk""}, {""url"": ""https://www.marley.co.uk/blog/what-are-the-different-parts-of-a-roof"", ""publisher"": ""marley.co.uk""}]",drain-traps,mechanism-2636e803b8cc936b
buildings-062,buildings,travel,Why a roof garden needs a barrier below the soil,a roof garden needs a barrier below the soil,A roof garden can include a root barrier to keep growing roots from penetrating the waterproofing membrane underneath.,Growing plants and keeping water out of a building need different layers below the visible soil.,Green-roof layer example in the EPA heat-island compendium draft; some membranes are root-resistant without a separate barrier.,Global where the specified design is used,Show an established roof garden and an approved diagram of its hidden layers.,Peel back a schematic roof garden to show roots above a root barrier and waterproof membrane; do not imply every system has a separate barrier.,reviewed,"{""reviewed_at"": ""2026-09-17T15:22:03.322968+00:00"", ""method"": ""Editorial comparison of stated mechanism with retrieved primary text"", ""finding"": ""A roof garden can include a root barrier to keep growing roots from penetrating the waterproofing membrane underneath."", ""scope"": ""Green-roof layer example in the EPA heat-island compendium draft; some membranes are root-resistant without a separate barrier.""}","{""recognition"": 3, ""overlooked_detail"": 3, ""payoff"": 3, ""evidence"": 3, ""visuals"": 4}",,"[{""url"": ""https://www.epa.gov/sites/default/files/2014-08/documents/greenroofscompendium_ch3.pdf"", ""publisher"": ""epa.gov"", ""passage"": ""A root barrier can protect the roof membrane from aggressiv e plant roots"", ""retrieved_at"": ""2026-09-16T05:04:55.699098+00:00""}]",green-roofs,mechanism-29c9802b2f8580d6
buildings-063,buildings,travel,Why building insulation is mostly trapped air,building insulation is mostly trapped air,Restricting air movement within a low-conductivity material reduces heat transfer.,Restricting air movement within a low-conductivity material reduces heat transfer.,The specific product construction or system described by the primary source; not all designs.,Global where this design is used; verify local requirements before naming a rule.,"Film building insulation is mostly trapped air; start with the visible detail, then a different close-up of the same object.",Compare free circulation with tiny trapped pockets.,pending_review,,"{""recognition"": 3, ""overlooked_detail"": 3, ""payoff"": 3, ""evidence"": 0, ""visuals"": 3}",,"[{""url"": ""https://bsesc.energy.gov/problem-sets/how-insulation-works"", ""publisher"": ""energy.gov""}, {""url"": ""https://bsesc.energy.gov/energy-basics/building-envelope-building-science-intro-heat-flow"", ""publisher"": ""energy.gov""}, {""url"": ""https://bsesc.energy.gov/energy-basics/heat-flow"", ""publisher"": ""energy.gov""}]",building-insulation-is-mostly-trapped-air,mechanism-28e56b504e0693ba
buildings-064,buildings,travel,Why foil insulation needs an air gap to work as a radiant barrier,foil insulation needs an air gap to work as a radiant barrier,Its reflective surface reduces radiant exchange across a space rather than replacing all insulation.,A shiny layer pressed against another surface loses the air-space condition that makes it a radiant barrier.,Radiant barriers and reflective insulation; not a replacement for every insulation function.,Global where the specified design is used,"Film foil insulation needs an air gap to work as a radiant barrier; start with the visible detail, then a different close-up of the same object.",Compare radiation across an air gap.,reviewed,"{""reviewed_at"": ""2026-09-16T10:45:35.742649+00:00"", ""method"": ""Editorial comparison of stated mechanism with retrieved primary text"", ""finding"": ""Its reflective surface reduces radiant exchange across a space rather than replacing all insulation."", ""scope"": ""Radiant barriers and reflective insulation; not a replacement for every insulation function.""}","{""recognition"": 3, ""overlooked_detail"": 4, ""payoff"": 4, ""evidence"": 3, ""visuals"": 3}",,"[{""url"": ""https://bsesc.energy.gov/energy-basics/types-insulation"", ""publisher"": ""energy.gov"", ""passage"": ""to work properly, the reflective surface must be in contact with an air space."", ""retrieved_at"": ""2026-09-16T05:04:51.316003+00:00""}]",foil-insulation-needs-an-air-gap-to-work-as-a-radiant-barrier,mechanism-7a5f265215cf758a
buildings-065,buildings,travel,Why wall sockets can let cold air into a room,wall sockets can let cold air into a room,Air leakage can travel through wall cavities and unsealed penetrations.,Air leakage can travel through wall cavities and unsealed penetrations.,The specific product construction or system described by the primary source; not all designs.,Global where this design is used; verify local requirements before naming a rule.,"Film wall sockets can let cold air into a room; start with the visible detail, then a different close-up of the same object.",Trace outdoor air through a leaky wall penetration.,pending_review,,"{""recognition"": 3, ""overlooked_detail"": 3, ""payoff"": 3, ""evidence"": 0, ""visuals"": 3}",,"[{""url"": ""https://bsesc.energy.gov/energy-basics/electrial-wiring-and-air-sealing"", ""publisher"": ""energy.gov""}, {""url"": ""https://bsesc.energy.gov/energy-basics/vents-drains-waste-air-sealing-piping"", ""publisher"": ""energy.gov""}, {""url"": ""https://www.energy.gov/cmei/buildings/articles/building-america-best-practices-series-volume-12-energy-renovations"", ""publisher"": ""energy.gov""}]",cans,mechanism-feb1da91605a9fc5
buildings-066,buildings,travel,Why the room feels colder beside a cold window,the room feels colder beside a cold window,"A cold window surface changes radiant heat exchange with your body, so comfortable room-air temperature alone does not guarantee comfort beside it.",The air temperature can stay the same while your comfort changes beside the window.,"Cold-window radiant comfort example; temperature, glazing and distance affect the sensation.",Global where the specified design is used,"Film the room feels colder beside a cold window; start with the visible detail, then a different close-up of the same object.",Show heat radiating from a person toward glass.,reviewed,"{""reviewed_at"": ""2026-09-16T10:45:35.747270+00:00"", ""method"": ""Editorial comparison of stated mechanism with retrieved primary text"", ""finding"": ""A cold window surface changes radiant heat exchange with your body, so comfortable room-air temperature alone does not guarantee comfort beside it."", ""scope"": ""Cold-window radiant comfort example; temperature, glazing and distance affect the sensation.""}","{""recognition"": 3, ""overlooked_detail"": 4, ""payoff"": 4, ""evidence"": 3, ""visuals"": 3}",,"[{""url"": ""https://www1.eere.energy.gov/buildings/publications/pdfs/building_america/measure_guide_windows.pdf"", ""publisher"": ""energy.gov"", ""passage"": ""occupants may experience significant discomfort from the radiant heat exchange with window surfaces."", ""retrieved_at"": ""2026-09-16T05:05:03.011944+00:00""}]",architectural-glazing,mechanism-2437ccc0666233e3
buildings-067,buildings,travel,Why fire-alarm strobes flash together,fire-alarm strobes flash together,Compatible notification devices use synchronization signals to coordinate their flashes.,Compatible notification devices use synchronization signals to coordinate their flashes.,The specific product construction or system described by the primary source; not all designs.,Global where this design is used; verify local requirements before naming a rule.,"Film fire-alarm strobes flash together; start with the visible detail, then a different close-up of the same object.",Compare independent flashing with a synchronized sequence.,pending_review,,"{""recognition"": 3, ""overlooked_detail"": 3, ""payoff"": 3, ""evidence"": 0, ""visuals"": 3}",,"[{""url"": ""https://fireprotection.gentex.com/products/gtsm-series"", ""publisher"": ""gentex.com""}, {""url"": ""https://fireprotection.gentex.com/products/avsm-series"", ""publisher"": ""gentex.com""}, {""url"": ""https://fireprotection.gentex.com/files/%28550-0636-AAA%29_GE3_12V_Series_Manual.pdf"", ""publisher"": ""gentex.com""}]",fire-alarm-strobes-flash-together,mechanism-6ab1bbd612831820
buildings-068,buildings,travel,Why hotel keycards stop working after checkout,hotel keycards stop working after checkout,Access permissions can be time-limited or superseded by newly issued credentials.,Access permissions can be time-limited or superseded by newly issued credentials.,The specific product construction or system described by the primary source; not all designs.,Global where this design is used; verify local requirements before naming a rule.,"Film hotel keycards stop working after checkout; start with the visible detail, then a different close-up of the same object.",Show a lock comparing a credential with permitted time.,pending_review,,"{""recognition"": 3, ""overlooked_detail"": 3, ""payoff"": 3, ""evidence"": 0, ""visuals"": 3}",,"[{""url"": ""https://www.assaabloy.com/cz/cs/product-assets/pristupove-systemy/tesa-hotel/tesa-hotel/assets/documents/MANUAL_TESA_SOFTWARE_TESA_HOTEL_USER_MANUAL.pdf"", ""publisher"": ""assaabloy.com""}, {""url"": ""https://www.assaabloy.com/it/en/solutions/topics/access-control/tesa-hotel/tesa-hotel-openow"", ""publisher"": ""assaabloy.com""}, {""url"": ""https://www.assaabloy.com/it/en/product-assets/access-control/tesa-hotel/documents/openow/TESA_Hotel_Openow_Datasheet_ENG_2024_02_web.pdf"", ""publisher"": ""assaabloy.com""}]",hotel-keycards-stop-working-after-checkout,mechanism-2e63c44888c70215
buildings-069,buildings,travel,Why some hotel rooms use a card slot for electricity,some hotel rooms use a card slot for electricity,A presence-control system enables selected room circuits when a card or credential is detected.,A presence-control system enables selected room circuits when a card or credential is detected.,The specific product construction or system described by the primary source; not all designs.,Global where this design is used; verify local requirements before naming a rule.,"Film some hotel rooms use a card slot for electricity; start with the visible detail, then a different close-up of the same object.",Trace control power separately from lighting power.,pending_review,,"{""recognition"": 3, ""overlooked_detail"": 3, ""payoff"": 3, ""evidence"": 0, ""visuals"": 3}",,"[{""url"": ""https://www.legrand.com/ecatalogue/en/catalog/products/mosaic-push-button-for-hotel-for-selecting-room-status-2-modules-white-077048"", ""publisher"": ""legrand.com""}, {""url"": ""https://www.legrand.com/ecatalogue/en/catalog/products/obria-12v-keycard-switch-rfid-dark-silver-mec27075sl?category_id=71901"", ""publisher"": ""legrand.com""}, {""url"": ""https://www.legrand.com/ecatalogue/en/catalog/products/obria-key-card-220v-electronic-switch-matt-black-mec27016bl?category_id=71901"", ""publisher"": ""legrand.com""}]",payments,mechanism-d49d9cda8440620d
buildings-070,buildings,travel,Why touchless taps stop even while water is still needed,touchless taps stop even while water is still needed,A timed safety shutoff can override continuous sensor detection.,A timed safety shutoff can override continuous sensor detection.,The specific product construction or system described by the primary source; not all designs.,Global where this design is used; verify local requirements before naming a rule.,"Film touchless taps stop even while water is still needed; start with the visible detail, then a different close-up of the same object.",Show presence sensing and maximum-run timer.,pending_review,,"{""recognition"": 3, ""overlooked_detail"": 3, ""payoff"": 3, ""evidence"": 0, ""visuals"": 3}",,"[{""url"": ""https://www.sloan.com/sites/default/files/2015-12/0816302.pdf"", ""publisher"": ""sloan.com""}, {""url"": ""https://www.sloan.com/sites/default/files/2015-12/0816323.pdf"", ""publisher"": ""sloan.com""}, {""url"": ""https://www.sloan.com/sites/default/files/2015-12/0816318.pdf"", ""publisher"": ""sloan.com""}]",taps,mechanism-e0a6d2db678a4160
buildings-071,buildings,travel,Why public hand dryers make such different sounds,public hand dryers make such different sounds,The airflow path through a hand-dryer motor affects turbulence noise; motor mounting and foam silencers can further reduce noise.,"Air speed, nozzle geometry and motor design shape the noise spectrum.","Dyson Airblade motor design example, not a ranking of all hand dryers.",Global where the specified design is used,"Film public hand dryers make such different sounds; start with the visible detail, then a different close-up of the same object.",Compare broad airflow with narrow high-speed jets.,reviewed,"{""reviewed_at"": ""2026-09-16T10:45:35.747270+00:00"", ""method"": ""Editorial comparison of stated mechanism with retrieved primary text"", ""finding"": ""The airflow path through a hand-dryer motor affects turbulence noise; motor mounting and foam silencers can further reduce noise."", ""scope"": ""Dyson Airblade motor design example, not a ranking of all hand dryers.""}","{""recognition"": 3, ""overlooked_detail"": 3, ""payoff"": 3, ""evidence"": 3, ""visuals"": 3}",,"[{""url"": ""https://www.dyson.com/discover/innovation/new-machines/dyson-launches-the-airblade-9kj-hand-dryer"", ""publisher"": ""dyson.com"", ""passage"": ""The motor housing of the Dyson digital motor V4 regulates airflow paths through the motor, reducing noisy turbulence."", ""retrieved_at"": ""2026-09-16T05:05:05.432899+00:00""}]",dryers,mechanism-dc1b0f595a095283
buildings-072,buildings,travel,Why a sprinkler head has a small coloured glass bulb,a sprinkler head has a small coloured glass bulb,Heat expands liquid in the bulb until it breaks and releases the mechanism.,Heat expands liquid in the bulb until it breaks and releases the mechanism.,The specific product construction or system described by the primary source; not all designs.,Global where this design is used; verify local requirements before naming a rule.,"Film a sprinkler head has a small coloured glass bulb; start with the visible detail, then a different close-up of the same object.",Show a labelled bulb releasing a valve.,pending_review,,"{""recognition"": 3, ""overlooked_detail"": 3, ""payoff"": 3, ""evidence"": 0, ""visuals"": 3}",,"[{""url"": ""https://www.nfpa.org/api/files?path=%2Ffiles%2FAboutTheCodes%2F13%2F13_A2021_AUT_SSI_PIResponses.pdf"", ""publisher"": ""nfpa.org""}, {""url"": ""https://docinfofiles.nfpa.org/files/AboutTheCodes/13R/13R_A2024_AUT_RSS_FD_Agenda_7_22.pdf"", ""publisher"": ""nfpa.org""}, {""url"": ""https://docinfofiles.nfpa.org/files/AboutTheCodes/13R/13R_A2027_AUT_RSS_FD_PI_Report.pdf"", ""publisher"": ""nfpa.org""}]",a-sprinkler-head-has-a-small-coloured-glass-bulb,mechanism-e86c23276b4d50a5
buildings-073,buildings,travel,Why one hot sprinkler does not usually trigger every sprinkler,one hot sprinkler does not usually trigger every sprinkler,"Typical home sprinkler heads respond independently to heat at their location, rather than all opening when a smoke alarm sounds.",The familiar movie scene of every sprinkler opening at once does not describe typical individually operated home heads.,Typical individually heat-operated home sprinklers; deluge and other specialized systems differ. No activation-temperature or success-rate numbers.,Global where the specified design is used,"Film one hot sprinkler does not usually trigger every sprinkler; start with the visible detail, then a different close-up of the same object.",Heat one head in a multi-head pipe diagram.,reviewed,"{""reviewed_at"": ""2026-09-16T15:57:56.709853+00:00"", ""method"": ""Editorial comparison of stated mechanism with retrieved primary text"", ""finding"": ""Typical home sprinkler heads respond independently to heat at their location, rather than all opening when a smoke alarm sounds."", ""scope"": ""Typical individually heat-operated home sprinklers; deluge and other specialized systems differ. No activation-temperature or success-rate numbers.""}","{""recognition"": 3, ""overlooked_detail"": 3, ""payoff"": 3, ""evidence"": 3, ""visuals"": 3}",,"[{""url"": ""https://content.nfpa.org/-/media/project/storefront/catalog/files/fire-sprinkler-initiative/sprinkler-myths-and-facts.pdf?rev=9ffa003adce542e0965df177266424ce"", ""publisher"": ""nfpa.org"", ""passage"": ""Home fire sprinklers operate independently."", ""retrieved_at"": ""2026-09-16T05:05:07.706962+00:00""}]",one-hot-sprinkler-does-not-usually-trigger-every-sprinkler,mechanism-7ae0c50990d8b9ee
buildings-074,buildings,travel,Why fire extinguishers have a pressure gauge but not all types do,fire extinguishers have a pressure gauge but not all types do,"Stored-pressure units can indicate pressure directly, while some other designs use different checks.","Stored-pressure units can indicate pressure directly, while some other designs use different checks.",The specific product construction or system described by the primary source; not all designs.,Global where this design is used; verify local requirements before naming a rule.,"Film fire extinguishers have a pressure gauge but not all types do; start with the visible detail, then a different close-up of the same object.",Compare labelled extinguisher operating designs.,pending_review,,"{""recognition"": 3, ""overlooked_detail"": 3, ""payoff"": 3, ""evidence"": 0, ""visuals"": 3}",,"[{""url"": ""https://www.kidde.com/products/fire-extinguishers/multipurpose-fire-extinguisher-multipurpose-10-mp"", ""publisher"": ""kidde.com""}, {""url"": ""https://www.kidde.com/products/marine-fire-extinguishers"", ""publisher"": ""kidde.com""}, {""url"": ""https://www.kidde.com/products/fire-extinguishers/multipurpose-fire-extinguisher-multipurpose-20-mp"", ""publisher"": ""kidde.com""}]",fire-extinguishers-have-a-pressure-gauge-but-not-all-types-do,mechanism-3041432f9032daed
buildings-075,buildings,travel,Why an exit stairwell door can feel unusually hard to open,an exit stairwell door can feel unusually hard to open,Stair pressurization can create a pressure difference across the door.,Stair pressurization can create a pressure difference across the door.,The specific product construction or system described by the primary source; not all designs.,Global where this design is used; verify local requirements before naming a rule.,"Film an exit stairwell door can feel unusually hard to open; start with the visible detail, then a different close-up of the same object.",Draw pressure arrows on both door faces.,pending_review,,"{""recognition"": 3, ""overlooked_detail"": 3, ""payoff"": 3, ""evidence"": 0, ""visuals"": 3}",,"[{""url"": ""https://www.nfpa.org/api/files?path=%2Ffiles%2FAboutTheCodes%2F92A%2F92A-A2008-ROP.pdf"", ""publisher"": ""nfpa.org""}, {""url"": ""https://www.nfpa.org/api/files?path=%2Ffiles%2FAboutTheCodes%2F101%2F101_A2023_SAF_MEA_FD_CIReport.pdf"", ""publisher"": ""nfpa.org""}, {""url"": ""https://www.nfpa.org/api/files?path=%2Ffiles%2FAboutTheCodes%2F130%2F130_A2022_FKT_AAA_PIResponses.pdf"", ""publisher"": ""nfpa.org""}]",doors,mechanism-34e20b5d8335a0a0
buildings-076,buildings,travel,Why shopping-centre maps sometimes rotate your viewpoint,shopping-centre maps sometimes rotate your viewpoint,Heads-up orientation aligns the map with the direction the viewer faces.,Heads-up orientation aligns the map with the direction the viewer faces.,The specific product construction or system described by the primary source; not all designs.,Global where this design is used; verify local requirements before naming a rule.,"Film shopping-centre maps sometimes rotate your viewpoint; start with the visible detail, then a different close-up of the same object.",Rotate a floor plan to match a person's view.,pending_review,,"{""recognition"": 3, ""overlooked_detail"": 3, ""payoff"": 3, ""evidence"": 0, ""visuals"": 3}",,"[{""url"": ""https://seewayfinding.com/"", ""publisher"": ""seewayfinding.com"", ""research_lead_only"": true}]",shopping-centre-maps-sometimes-rotate-your-viewpoint,mechanism-2203a9328ca978e4
buildings-077,buildings,travel,Why a corridor sign is easier to read from farther away than expected,a corridor sign is easier to read from farther away than expected,"Letter size, contrast and viewing distance determine legibility targets.","Letter size, contrast and viewing distance determine legibility targets.",The specific product construction or system described by the primary source; not all designs.,Global where this design is used; verify local requirements before naming a rule.,"Film a corridor sign is easier to read from farther away than expected; start with the visible detail, then a different close-up of the same object.",Scale a sign against viewing distance.,pending_review,,"{""recognition"": 3, ""overlooked_detail"": 3, ""payoff"": 3, ""evidence"": 0, ""visuals"": 3}",,"[{""url"": ""https://www.access-board.gov/adaag-1991-2002.html"", ""publisher"": ""access-board.gov""}, {""url"": ""https://www.access-board.gov/files/ada/guides/signs-ADA.pdf"", ""publisher"": ""access-board.gov""}, {""url"": ""https://www.access-board.gov/ada/"", ""publisher"": ""access-board.gov""}]",a-corridor-sign-is-easier-to-read-from-farther-away-than-expected,mechanism-eced76e0bf1c6f6d
buildings-078,buildings,travel,Why the lower drinking fountain is not just for children,the lower drinking fountain is not just for children,"The low unit provides wheelchair access while the taller unit serves standing people, including those who have difficulty bending.","The height difference serves two adult access needs, not just a taller and shorter child.",United States ADA drinking-fountain guide example; not a claim that every pair is installed for this reason in every country.,United States (ADA/ABA example),Show a high-low drinking fountain pair with clear space at the low basin.,"Compare wheelchair approach space with the height of the standing fountain, using simple silhouettes.",reviewed,"{""reviewed_at"": ""2026-09-17T15:22:03.320004+00:00"", ""method"": ""Editorial comparison of stated mechanism with retrieved primary text"", ""finding"": ""The low unit provides wheelchair access while the taller unit serves standing people, including those who have difficulty bending."", ""scope"": ""United States ADA drinking-fountain guide example; not a claim that every pair is installed for this reason in every country.""}","{""recognition"": 3, ""overlooked_detail"": 3, ""payoff"": 3, ""evidence"": 3, ""visuals"": 4}",,"[{""url"": ""https://www.access-board.gov/ada/guides/chapter-6-drinking-fountains/"", ""publisher"": ""access-board.gov"", ""passage"": ""access is required for both people who use wheelchairs and for standing persons."", ""retrieved_at"": ""2026-09-16T05:05:23.605054+00:00""}]",drinking-fountains,mechanism-b0febff78229f57d
buildings-079,buildings,travel,Why some wall-mounted objects have a panel below them,some wall-mounted objects have a panel below them,A lower detectable barrier can prevent a cane user walking into a higher projection.,A lower detectable barrier can prevent a cane user walking into a higher projection.,US accessibility design example; exact placement and dimensions depend on the applicable standard.,United States (ADA/ABA example),"Film some wall-mounted objects have a panel below them; start with the visible detail, then a different close-up of the same object.",Trace cane contact before body contact.,reviewed,"{""reviewed_at"": ""2026-09-16T10:45:35.747270+00:00"", ""method"": ""Editorial comparison of stated mechanism with retrieved primary text"", ""finding"": ""A lower detectable barrier can prevent a cane user walking into a higher projection."", ""scope"": ""US accessibility design example; exact placement and dimensions depend on the applicable standard.""}","{""recognition"": 3, ""overlooked_detail"": 3, ""payoff"": 3, ""evidence"": 3, ""visuals"": 3}",,"[{""url"": ""https://www.access-board.gov/files/aba/guides/protruding-objects-ABA.pdf"", ""publisher"": ""access-board.gov"", ""passage"": ""fixed elements below objects that are within cane sweep"", ""retrieved_at"": ""2026-09-16T05:05:28.233756+00:00""}]",some-wall-mounted-objects-have-a-panel-below-them,mechanism-ebca1c6a2c07e742
buildings-080,buildings,travel,Why playground rubber feels softer than ordinary paving,playground rubber feels softer than ordinary paving,Impact-attenuating surfaces deform to reduce the peak impact of a fall.,Impact-attenuating surfaces deform to reduce the peak impact of a fall.,The specific product construction or system described by the primary source; not all designs.,Global where this design is used; verify local requirements before naming a rule.,"Film playground rubber feels softer than ordinary paving; start with the visible detail, then a different close-up of the same object.",Compare deceleration over two stopping distances.,pending_review,,"{""recognition"": 3, ""overlooked_detail"": 3, ""payoff"": 3, ""evidence"": 0, ""visuals"": 3}",,"[{""url"": ""https://www.cpsc.gov/Regulations-Laws--Standards/Voluntary-Standards/Playground-Surfacing"", ""publisher"": ""cpsc.gov""}, {""url"": ""https://www.cpsc.gov/s3fs-public/Playground_Surfacing_Focus_Group_Report_2018.pdf"", ""publisher"": ""cpsc.gov""}, {""url"": ""https://www.cpsc.gov/Safety-Education/Safety-Education-Centers/Crumb-Rubber-Safety-Information-Center/status-report-on-tire-crumb-rubber-full-questions-and-answers"", ""publisher"": ""cpsc.gov""}]",playground-rubber-feels-softer-than-ordinary-paving,mechanism-b4add93745b1e059
technology-001,technology,technology,Why phone videos show bands across an LED sign,phone videos show bands across an LED sign,Camera exposure timing can interact with a display's refresh or brightness modulation.,Camera exposure timing can interact with a display's refresh or brightness modulation.,The specific product construction or system described by the primary source; not all designs.,Global where this design is used; verify local requirements before naming a rule.,"Film phone videos show bands across an LED sign; start with the visible detail, then a different close-up of the same object.",Slide a rolling shutter across a pulsing sign.,pending_review,,"{""recognition"": 3, ""overlooked_detail"": 3, ""payoff"": 3, ""evidence"": 0, ""visuals"": 3}",,"[{""url"": ""https://www.sony.com/electronics/support/memory-camcorders-hdr-cx-series/hdr-cx360v/articles/00008839"", ""publisher"": ""sony.com""}, {""url"": ""https://www.sony.com/electronics/support/camcorders-and-video-cameras-hard-drive-camcorders/articles/00122281"", ""publisher"": ""sony.com""}, {""url"": ""https://www.sony.com/electronics/support/e-mount-body-ilce-6000-series/ilce-6700l/articles/00122281"", ""publisher"": ""sony.com""}]",phone-videos-show-bands-across-an-led-sign,mechanism-4e16e6e6c636b642
technology-002,technology,technology,Why a spinning wheel can look as if it turns backward on video,a spinning wheel can look as if it turns backward on video,Discrete frames can sample repeating spokes at misleading positions.,Discrete frames can sample repeating spokes at misleading positions.,The specific product construction or system described by the primary source; not all designs.,Global where this design is used; verify local requirements before naming a rule.,"Film a spinning wheel can look as if it turns backward on video; start with the visible detail, then a different close-up of the same object.",Advance spokes between labelled frame snapshots.,pending_review,,"{""recognition"": 3, ""overlooked_detail"": 3, ""payoff"": 3, ""evidence"": 0, ""visuals"": 3}",,"[{""url"": ""https://annex.exploratorium.edu/cycling/gears1.html"", ""publisher"": ""exploratorium.edu""}, {""url"": ""https://annex.exploratorium.edu/exhibits/squirming_palm/"", ""publisher"": ""exploratorium.edu""}, {""url"": ""https://annex.exploratorium.edu/xref/exhibits/zoetrope.html"", ""publisher"": ""exploratorium.edu""}]",cans,mechanism-ce8014ee4e1813da
technology-003,technology,technology,Why your phone camera switches lenses when you get close,your phone camera switches lenses when you get close,Some phones use a different camera for macro focusing at short distances.,The visible camera jump can be a switch to a different lens rather than a failed attempt to focus.,Apple iPhone models supporting automatic macro switching; not all phones.,Global where the specified design is used,"Film your phone camera switches lenses when you get close; start with the visible detail, then a different close-up of the same object.",Show the active camera changing near a subject.,reviewed,"{""reviewed_at"": ""2026-09-16T10:38:58.670988+00:00"", ""method"": ""Editorial comparison of stated mechanism with retrieved primary text"", ""finding"": ""Some phones use a different camera for macro focusing at short distances."", ""scope"": ""Apple iPhone models supporting automatic macro switching; not all phones.""}","{""recognition"": 3, ""overlooked_detail"": 4, ""payoff"": 4, ""evidence"": 3, ""visuals"": 3}",,"[{""url"": ""https://support.apple.com/en-sg/guide/iphone/iphfaacf2eb0/27/ios/27"", ""publisher"": ""support.apple.com"", ""passage"": ""Camera automatically switches to the Ultra Wide camera for capturing macro photos and videos."", ""retrieved_at"": ""2026-09-16T05:18:10.501046+00:00""}]",camera,mechanism-186d41b6909275d5
technology-004,technology,technology,Why portrait mode can keep your cup sharp along with your face,portrait mode can keep your cup sharp along with your face,"Portrait processing can combine a learned foreground mask with estimated depth, so objects classified with the person may stay sharp.",Software may treat the object you hold as part of you when deciding what stays sharp.,The Pixel 2 portrait-processing example documented by Google; other implementations and newer devices can behave differently.,Global where the specified design is used,"Use a consented portrait-style shot of someone holding a cup, then an original neutral editing interface showing the mask.","Overlay a labelled illustrative foreground mask on a person holding a cup, then blur the background while the mask remains sharp.",reviewed,"{""reviewed_at"": ""2026-09-17T03:27:30.657366+00:00"", ""method"": ""Editorial comparison of stated mechanism with retrieved primary text"", ""finding"": ""Portrait processing can combine a learned foreground mask with estimated depth, so objects classified with the person may stay sharp."", ""scope"": ""The Pixel 2 portrait-processing example documented by Google; other implementations and newer devices can behave differently.""}","{""recognition"": 3, ""overlooked_detail"": 3, ""payoff"": 3, ""evidence"": 3, ""visuals"": 3}",,"[{""url"": ""https://research.google/blog/portrait-mode-on-the-pixel-2-and-pixel-2-xl-smartphones/"", ""publisher"": ""research.google"", ""passage"": ""our neural network recognizes the woman's hair and her teacup as being part of the foreground, so it can keep them sharp."", ""retrieved_at"": ""2026-09-16T05:18:10.393541+00:00""}]",cans,mechanism-b4b46c36330d7376
technology-005,technology,technology,Why night-mode photos take several seconds,night-mode photos take several seconds,Multi-frame capture combines information across exposures to improve low-light results.,One shutter press can collect and align a stack of frames before showing the result.,"Google's documented Pixel Night Sight approach; frame count and capture time vary, so do not invent one fixed duration.",Global where the specified design is used,"Film night-mode photos take several seconds; start with the visible detail, then a different close-up of the same object.",Stack short exposures into one final image.,reviewed,"{""reviewed_at"": ""2026-09-17T03:27:30.659788+00:00"", ""method"": ""Editorial comparison of stated mechanism with retrieved primary text"", ""finding"": ""Multi-frame capture combines information across exposures to improve low-light results."", ""scope"": ""Google's documented Pixel Night Sight approach; frame count and capture time vary, so do not invent one fixed duration.""}","{""recognition"": 3, ""overlooked_detail"": 3, ""payoff"": 3, ""evidence"": 3, ""visuals"": 3}",,"[{""url"": ""https://research.google/blog/night-sight-seeing-in-the-dark-on-pixel-phones/"", ""publisher"": ""research.google"", ""passage"": ""The idea of averaging frames to reduce imaging noise is as old as digital imaging."", ""retrieved_at"": ""2026-09-16T05:18:11.599217+00:00""}]",camera,mechanism-c8771d8b1dc5ee92
technology-006,technology,technology,Why bright lights turn into stars in some photos,bright lights turn into stars in some photos,Diffraction around the aperture shape can create rays around bright points.,Diffraction around the aperture shape can create rays around bright points.,"Photographic starbursts from aperture diffraction; lens and aperture dependent, not every flare.",Global where the specified design is used,"Film bright lights turn into stars in some photos; start with the visible detail, then a different close-up of the same object.",Show aperture edges and a diffraction pattern.,reviewed,"{""reviewed_at"": ""2026-09-16T10:38:58.670988+00:00"", ""method"": ""Editorial comparison of stated mechanism with retrieved primary text"", ""finding"": ""Diffraction around the aperture shape can create rays around bright points."", ""scope"": ""Photographic starbursts from aperture diffraction; lens and aperture dependent, not every flare.""}","{""recognition"": 3, ""overlooked_detail"": 3, ""payoff"": 3, ""evidence"": 3, ""visuals"": 3}",,"[{""url"": ""https://www.nikonusa.com/learn-and-explore/c/tips-and-techniques/bright-idea-adding-star-power"", ""publisher"": ""nikonusa.com"", ""passage"": ""The effect results from diffraction, the bending of light waves around the aperture blades of your lens"", ""retrieved_at"": ""2026-09-16T05:18:12.259174+00:00""}]",camera,mechanism-25d7838d485026e6
technology-007,technology,technology,Why phone photos can look sharper after you stop moving,phone photos can look sharper after you stop moving,Stabilization and multi-frame processing depend on motion and available image data.,Stabilization and multi-frame processing depend on motion and available image data.,The specific product construction or system described by the primary source; not all designs.,Global where this design is used; verify local requirements before naming a rule.,"Film phone photos can look sharper after you stop moving; start with the visible detail, then a different close-up of the same object.",Compare aligned and misaligned image stacks.,pending_review,,"{""recognition"": 3, ""overlooked_detail"": 3, ""payoff"": 3, ""evidence"": 0, ""visuals"": 3}",,"[{""url"": ""https://research.google/blog/fused-video-stabilization-on-the-pixel-2-and-pixel-2-xl/?hl=nl"", ""publisher"": ""research.google""}, {""url"": ""https://research.google/pubs/handheld-multi-frame-super-resolution/"", ""publisher"": ""research.google""}, {""url"": ""https://research.google/blog/night-sight-seeing-in-the-dark-on-pixel-phones/"", ""publisher"": ""research.google""}]",camera,mechanism-09b18e83c7db34f0
technology-008,technology,technology,Why your selfie preview and saved photo can face different ways,your selfie preview and saved photo can face different ways,Preview mirroring and saved-image settings can use different orientations.,The preview and saved image can deliberately use opposite orientations; nothing in the scene moved.,iPhone front-camera mirror setting; behaviour differs across apps and selected settings. No claim that one orientation is inherently more accurate.,Global where the specified design is used,"Film your selfie preview and saved photo can face different ways; start with the visible detail, then a different close-up of the same object.",Flip a labelled letter between preview and photo.,reviewed,"{""reviewed_at"": ""2026-09-17T03:27:30.659788+00:00"", ""method"": ""Editorial comparison of stated mechanism with retrieved primary text"", ""finding"": ""Preview mirroring and saved-image settings can use different orientations."", ""scope"": ""iPhone front-camera mirror setting; behaviour differs across apps and selected settings. No claim that one orientation is inherently more accurate.""}","{""recognition"": 3, ""overlooked_detail"": 3, ""payoff"": 3, ""evidence"": 3, ""visuals"": 3}",,"[{""url"": ""https://support.apple.com/en-asia/guide/iphone/iph1b88429a6/ios"", ""publisher"": ""support.apple.com"", ""passage"": ""To take a selfie that captures the shot as you see it in the front-facing camera frame, rather than reversing it"", ""retrieved_at"": ""2026-09-16T05:18:14.451892+00:00""}]",camera,mechanism-aa74db82cbafdff5
technology-009,technology,technology,Why indoor white walls look orange in a camera,indoor white walls look orange in a camera,White balance must compensate for the spectrum of the light source.,White balance must compensate for the spectrum of the light source.,Digital white balance example; the colour cast depends on illumination and camera settings.,Global where the specified design is used,"Film indoor white walls look orange in a camera; start with the visible detail, then a different close-up of the same object.",Compare raw colour cast with corrected neutral grey.,reviewed,"{""reviewed_at"": ""2026-09-16T10:38:58.670988+00:00"", ""method"": ""Editorial comparison of stated mechanism with retrieved primary text"", ""finding"": ""White balance must compensate for the spectrum of the light source."", ""scope"": ""Digital white balance example; the colour cast depends on illumination and camera settings.""}","{""recognition"": 3, ""overlooked_detail"": 3, ""payoff"": 3, ""evidence"": 3, ""visuals"": 3}",,"[{""url"": ""https://files.canon-europe.com/files/soft24318/manual/EOS1Ds_CUG_EN.pdf"", ""publisher"": ""canon-europe.com"", ""passage"": ""you can digitally compensate (based on a standard white color) the color temperature"", ""retrieved_at"": ""2026-09-16T05:18:35.550134+00:00""}]",camera,mechanism-6e9124b81a09ec82
technology-010,technology,technology,Why autofocus hunts through a fence,autofocus hunts through a fence,The camera must choose a focus target among competing distance and contrast cues.,The camera must choose a focus target among competing distance and contrast cues.,The specific product construction or system described by the primary source; not all designs.,Global where this design is used; verify local requirements before naming a rule.,"Film autofocus hunts through a fence; start with the visible detail, then a different close-up of the same object.",Move the focus plane between fence and subject.,pending_review,,"{""recognition"": 3, ""overlooked_detail"": 3, ""payoff"": 3, ""evidence"": 0, ""visuals"": 3}",,"[{""url"": ""https://us.community.sony.com/s/question/0D50B00004IKpeNSAT/best-settings-to-shoot-through-fencemesh?language=en_US"", ""publisher"": ""sony.com""}, {""url"": ""https://www.sony.com/electronics/support/articles/DITU26200110"", ""publisher"": ""sony.com""}, {""url"": ""https://www.sony.com/electronics/support/cameras-camcorders/articles/00081258"", ""publisher"": ""sony.com""}]",camera,mechanism-f6f6b05e4af03979
technology-011,technology,technology,Why a television picture disappears behind some sunglasses,a television picture disappears behind some sunglasses,Polarized lenses can block polarized light emerging from a display.,Polarized lenses can block polarized light emerging from a display.,The specific product construction or system described by the primary source; not all designs.,Global where this design is used; verify local requirements before naming a rule.,"Film a television picture disappears behind some sunglasses; start with the visible detail, then a different close-up of the same object.",Rotate sunglasses in front of a screen.,pending_review,,"{""recognition"": 3, ""overlooked_detail"": 3, ""payoff"": 3, ""evidence"": 0, ""visuals"": 3}",,"[{""url"": ""https://www.sony.com/electronics/support/television-projector-accessories-3d-glasses/tdg-br200/articles/00011139"", ""publisher"": ""sony.com""}, {""url"": ""https://www.sony.com/electronics/support/televisions-projectors-oled-tvs-android-/k-77a60/articles/00012039?category=televisions-projectors-oled-tvs-android-&model=K-77A60"", ""publisher"": ""sony.com""}, {""url"": ""https://www.sony.com/electronics/support/televisions-projectors-home-cinema-projectors/vpl-vw90es/articles/00021765"", ""publisher"": ""sony.com""}]",eyewear,mechanism-0b0b143ade13d19f
technology-012,technology,technology,Why an OLED screen can use less power with a dark image,an OLED screen can use less power with a dark image,"Its pixels emit their own light, so darker pixels can require less emission power.",Changing the image can change the display power even when the brightness slider stays put.,"Self-emissive OLED displays; total device savings depend on content, brightness and hardware. Do not promise a percentage or apply this to all LCD systems.",Global where the specified design is used,Show a real OLED device switching between the same light and dark interface; do not display an invented battery measurement.,Show individual self-emitting pixels switching off in a black region; contrast with a labelled backlight schematic.,reviewed,"{""reviewed_at"": ""2026-09-17T15:15:25.085620+00:00"", ""method"": ""Editorial comparison of stated mechanism with retrieved primary text"", ""finding"": ""Its pixels emit their own light, so darker pixels can require less emission power."", ""scope"": ""Self-emissive OLED displays; total device savings depend on content, brightness and hardware. Do not promise a percentage or apply this to all LCD systems.""}","{""recognition"": 3, ""overlooked_detail"": 3, ""payoff"": 3, ""evidence"": 3, ""visuals"": 4}",,"[{""url"": ""https://global.samsungdisplay.com/27598"", ""publisher"": ""samsungdisplay.com"", ""passage"": ""displaying black on OLED screens uses less power because the LEDs that make up each pixel turn off completely."", ""retrieved_at"": ""2026-09-17T15:14:31.026850+00:00""}]",displays,mechanism-067b6006b5479548
technology-013,technology,technology,Why an LCD can look grey even when the picture is black,an LCD can look grey even when the picture is black,A backlight and imperfect light blocking can leave residual illumination.,A backlight and imperfect light blocking can leave residual illumination.,Backlit LCD displays; local dimming and panel design affect the visible result.,Global where the specified design is used,"Film an LCD can look grey even when the picture is black; start with the visible detail, then a different close-up of the same object.",Show backlight leakage through closed pixels.,reviewed,"{""reviewed_at"": ""2026-09-16T10:38:58.679777+00:00"", ""method"": ""Editorial comparison of stated mechanism with retrieved primary text"", ""finding"": ""A backlight and imperfect light blocking can leave residual illumination."", ""scope"": ""Backlit LCD displays; local dimming and panel design affect the visible result.""}","{""recognition"": 3, ""overlooked_detail"": 3, ""payoff"": 3, ""evidence"": 3, ""visuals"": 3}",,"[{""url"": ""https://www.eizo.com/library/basics/oled/"", ""publisher"": ""eizo.com"", ""passage"": ""LCDs are also unable to fully block out the light produced by the backlight"", ""retrieved_at"": ""2026-09-16T05:18:36.640624+00:00""}]",displays,mechanism-a07788bfac763cd6
technology-014,technology,technology,Why one video looks brighter than the buttons around it,one video looks brighter than the buttons around it,An HDR-capable display can render video highlights above standard interface white using available brightness headroom.,The screen can give a picture brighter highlights without giving every interface element the same brightness.,Apple EDR on supported displays and apps with available headroom; output varies with device and brightness conditions.,Global where the specified design is used,"Use a phone close-up with an original neutral video interface, then a closer view of the picture beside its controls.",Show a phone interface and video region on a labelled illustrative brightness scale; do not pretend the SDR Short reproduces actual HDR highlights.,reviewed,"{""method"": ""Primary-text comparison and channel-history replacement"", ""reviewed_at"": ""2026-09-16T15:46:54.781659+00:00"", ""finding"": ""An HDR-capable display can render video highlights above standard interface white using available brightness headroom."", ""scope"": ""Apple EDR on supported displays and apps with available headroom; output varies with device and brightness conditions.""}","{""recognition"": 3, ""overlooked_detail"": 4, ""payoff"": 4, ""evidence"": 3, ""visuals"": 3}",Replaces thermal screen dimming already covered by the channel on 2026-08-22.,"[{""url"": ""https://developer.apple.com/videos/play/wwdc2022/10113/"", ""publisher"": ""developer.apple.com"", ""passage"": ""values above 1 represent content brighter than SDR."", ""retrieved_at"": ""2026-09-16T15:27:41.102856+00:00""}]",one-video-looks-brighter-than-the-buttons-around-it,mechanism-c928601beaaf6ecd
technology-015,technology,technology,Why a phone screen reacts to your finger but not a pencil,a phone screen reacts to your finger but not a pencil,Capacitive touch sensing detects electrical changes that an ordinary dry pencil may not produce.,Capacitive touch sensing detects electrical changes that an ordinary dry pencil may not produce.,The specific product construction or system described by the primary source; not all designs.,Global where this design is used; verify local requirements before naming a rule.,"Film a phone screen reacts to your finger but not a pencil; start with the visible detail, then a different close-up of the same object.",Compare capacitance changes under two contact objects.,pending_review,,"{""recognition"": 3, ""overlooked_detail"": 3, ""payoff"": 3, ""evidence"": 0, ""visuals"": 3}",,"[{""url"": ""https://developerhelp.microchip.com/xwiki/bin/view/applications/touch/calculating-snr-guidelines/"", ""publisher"": ""microchip.com""}, {""url"": ""https://www.microchip.com/content/dam/mchp/documents/OTH/ProductDocuments/SupportingCollateral/Article_AC9_Capacitive-Touch-Technology.pdf"", ""publisher"": ""microchip.com""}, {""url"": ""https://ww1.microchip.com/downloads/en/DeviceDoc/Article_AC9_Capacitive-Touch-Technology.pdf"", ""publisher"": ""microchip.com""}]",displays,mechanism-af437f30dc8dd4f3
technology-016,technology,technology,Why water drops can make a touchscreen misbehave,water drops can make a touchscreen misbehave,Conductive droplets can disturb capacitive measurements and resemble touches.,"A droplet changes the electrical measurement, so the screen must distinguish liquid from a finger.",Capacitive touchscreen example; controllers differ in their ability to reject water signals.,Global where the specified design is used,"Film water drops can make a touchscreen misbehave; start with the visible detail, then a different close-up of the same object.",Show a droplet bridging sensing regions.,reviewed,"{""reviewed_at"": ""2026-09-16T10:38:58.681512+00:00"", ""method"": ""Editorial comparison of stated mechanism with retrieved primary text"", ""finding"": ""Conductive droplets can disturb capacitive measurements and resemble touches."", ""scope"": ""Capacitive touchscreen example; controllers differ in their ability to reject water signals.""}","{""recognition"": 3, ""overlooked_detail"": 4, ""payoff"": 4, ""evidence"": 3, ""visuals"": 3}",,"[{""url"": ""https://www.infineon.com/assets/row/public/documents/30/59/infineon-industrial-capacitive-touchscreen-design-made-simpler-whitepaper-en.pdf"", ""publisher"": ""infineon.com"", ""passage"": ""Water or other electrically conductive liquids on the surface of a touchscreen can also drastically change the measured capacitance"", ""retrieved_at"": ""2026-09-16T05:18:48.263797+00:00""}]",cans,mechanism-fc7d46310f4118db
technology-017,technology,technology,Why some gloves work on touchscreens,some gloves work on touchscreens,Conductive fibres can couple a finger's electrical influence to the screen.,Conductive fibres can couple a finger's electrical influence to the screen.,The specific product construction or system described by the primary source; not all designs.,Global where this design is used; verify local requirements before naming a rule.,"Film some gloves work on touchscreens; start with the visible detail, then a different close-up of the same object.",Trace coupling through a conductive fingertip.,pending_review,,"{""recognition"": 3, ""overlooked_detail"": 3, ""payoff"": 3, ""evidence"": 0, ""visuals"": 3}",,"[{""url"": ""https://www.3m.com/3M/en_US/consumer-electronics-us/applications/emi-management/"", ""publisher"": ""3m.com""}, {""url"": ""https://multimedia.3m.com/mws/media/1232928O/3m-optically-clear-adhesive-8171-and-8172-technical-data-sheet.pdf"", ""publisher"": ""3m.com""}, {""url"": ""https://multimedia.3m.com/mws/media/1746534O/sos-podcast-ep-57-linda-apthorpe-asbestos-in-soil-transcript.pdf"", ""publisher"": ""3m.com""}]",some-gloves-work-on-touchscreens,mechanism-479f4eb927588c4d
technology-018,technology,technology,Why your phone charges quickly at first and slowly near full,your phone charges quickly at first and slowly near full,Charging controls reduce current near full charge to reduce heat and protect the battery.,Charging controls reduce current as the battery approaches its voltage limit.,"Apple iPhone charging behaviour; actual speed also depends on temperature, charger and settings.",Global where the specified design is used,"Film your phone charges quickly at first and slowly near full; start with the visible detail, then a different close-up of the same object.",Plot current through constant-current and voltage stages.,reviewed,"{""reviewed_at"": ""2026-09-16T10:38:58.681512+00:00"", ""method"": ""Editorial comparison of stated mechanism with retrieved primary text"", ""finding"": ""Charging controls reduce current near full charge to reduce heat and protect the battery."", ""scope"": ""Apple iPhone charging behaviour; actual speed also depends on temperature, charger and settings.""}","{""recognition"": 3, ""overlooked_detail"": 3, ""payoff"": 3, ""evidence"": 3, ""visuals"": 3}",,"[{""url"": ""https://support.apple.com/en-ie/105105"", ""publisher"": ""support.apple.com"", ""passage"": ""iPhone gradually reduces the charging current as the battery approaches full charge"", ""retrieved_at"": ""2026-09-16T05:18:54.295756+00:00""}]",charging,mechanism-8e2c82d1b94ef3de
technology-019,technology,technology,Why a phone sometimes waits at 80 percent overnight,a phone sometimes waits at 80 percent overnight,Optimized charging can delay completion based on charging habits and settings.,Optimized charging can delay completion based on charging habits and settings.,Apple Optimized Battery Charging when enabled and a routine has been learned; not all charging sessions.,Global where the specified design is used,"Film a phone sometimes waits at 80 percent overnight; start with the visible detail, then a different close-up of the same object.",Show a planned hold before wake-up time.,reviewed,"{""reviewed_at"": ""2026-09-16T10:38:58.681512+00:00"", ""method"": ""Editorial comparison of stated mechanism with retrieved primary text"", ""finding"": ""Optimized charging can delay completion based on charging habits and settings."", ""scope"": ""Apple Optimized Battery Charging when enabled and a routine has been learned; not all charging sessions.""}","{""recognition"": 3, ""overlooked_detail"": 3, ""payoff"": 3, ""evidence"": 3, ""visuals"": 3}",,"[{""url"": ""https://support.apple.com/guide/iphone/optimize-battery-charging-iph9202bbd07/27/ios/27"", ""publisher"": ""support.apple.com"", ""passage"": ""charging may pause at 80% overnight and finish just before that time"", ""retrieved_at"": ""2026-09-16T05:18:59.464615+00:00""}]",a-phone-sometimes-waits-at-80-percent-overnight,mechanism-75c4ab2074b3362f
technology-020,technology,technology,Why cold weather can make a phone shut down early,cold weather can make a phone shut down early,Low temperature can reduce available battery power and increase voltage drop under load.,Low temperature can reduce available battery power and increase voltage drop under load.,"Lithium-ion battery behaviour illustrated by Apple's iPhone guidance; shutdown is conditional, not inevitable.",Global where the specified design is used,"Film cold weather can make a phone shut down early; start with the visible detail, then a different close-up of the same object.",Compare loaded battery voltage in warm and cold conditions.,reviewed,"{""reviewed_at"": ""2026-09-16T10:38:58.681512+00:00"", ""method"": ""Editorial comparison of stated mechanism with retrieved primary text"", ""finding"": ""Low temperature can reduce available battery power and increase voltage drop under load."", ""scope"": ""Lithium-ion battery behaviour illustrated by Apple's iPhone guidance; shutdown is conditional, not inevitable.""}","{""recognition"": 3, ""overlooked_detail"": 3, ""payoff"": 3, ""evidence"": 3, ""visuals"": 3}",,"[{""url"": ""https://support.apple.com/en-nz/101575"", ""publisher"": ""support.apple.com"", ""passage"": ""A battery’s impedance will temporarily increase at a low state of charge and in a cold temperature environment."", ""retrieved_at"": ""2026-09-16T05:19:00.521343+00:00""}]",cans,mechanism-9073dceae12110a4
technology-021,technology,technology,Why wireless charging is fussy about where the phone sits,wireless charging is fussy about where the phone sits,Coil alignment affects magnetic coupling and power transfer efficiency.,"Placement controls how the hidden coils line up, even if the phone appears to cover the pad.",Inductive charging systems described by the Wireless Power Consortium; coil layout and alignment tolerance vary. No distance or efficiency percentage claimed.,Global where the specified design is used,"Film wireless charging is fussy about where the phone sits; start with the visible detail, then a different close-up of the same object.",Slide receiving and transmitting coils out of alignment.,reviewed,"{""reviewed_at"": ""2026-09-17T03:27:30.659788+00:00"", ""method"": ""Editorial comparison of stated mechanism with retrieved primary text"", ""finding"": ""Coil alignment affects magnetic coupling and power transfer efficiency."", ""scope"": ""Inductive charging systems described by the Wireless Power Consortium; coil layout and alignment tolerance vary. No distance or efficiency percentage claimed.""}","{""recognition"": 3, ""overlooked_detail"": 3, ""payoff"": 3, ""evidence"": 3, ""visuals"": 3}",,"[{""url"": ""https://www.wirelesspowerconsortium.com/blog-pages/how-do-magnetic-chargers-work/"", ""publisher"": ""wirelesspowerconsortium.com"", ""passage"": ""Wireless charging transfers energy efficiently only when the coil in the phone sits centered over the coil in the pad."", ""retrieved_at"": ""2026-09-16T05:19:01.982168+00:00""}]",charging,mechanism-5dda6bf3050eedde
technology-022,technology,technology,Why two USB-C cables charge at different speeds,two USB-C cables charge at different speeds,Cable capabilities and electronic identification can limit negotiated power.,Matching plugs conceal different current capabilities inside the cable.,USB Type-C power providers capable of supplying more than 3 A; cable is one constraint among device and charger capabilities.,Global where the specified design is used,"Film two USB-C cables charge at different speeds; start with the visible detail, then a different close-up of the same object.",Compare two labelled cable power negotiations.,reviewed,"{""reviewed_at"": ""2026-09-16T10:38:58.692182+00:00"", ""method"": ""Editorial comparison of stated mechanism with retrieved primary text"", ""finding"": ""Cable capabilities and electronic identification can limit negotiated power."", ""scope"": ""USB Type-C power providers capable of supplying more than 3 A; cable is one constraint among device and charger capabilities.""}","{""recognition"": 3, ""overlooked_detail"": 4, ""payoff"": 4, ""evidence"": 3, ""visuals"": 3}",,"[{""url"": ""https://www.usb.org/sites/default/files/USB%20Type%20C%20Functional%20Test%20Specification%202021%2005%2020.pdf"", ""publisher"": ""usb.org"", ""passage"": ""use the USB-PD Discovery Identity to determine the current carrying capacity of the cable"", ""retrieved_at"": ""2026-09-16T05:19:10.497139+00:00""}]",charging,mechanism-8ba339d8310af9ec
technology-023,technology,technology,Why a USB-C port does not guarantee video output,a USB-C port does not guarantee video output,Connector shape does not establish support for optional data or display modes.,Connector shape does not establish support for optional data or display modes.,The specific product construction or system described by the primary source; not all designs.,Global where this design is used; verify local requirements before naming a rule.,"Film a USB-C port does not guarantee video output; start with the visible detail, then a different close-up of the same object.",Separate connector shape from capability icons.,pending_review,,"{""recognition"": 3, ""overlooked_detail"": 3, ""payoff"": 3, ""evidence"": 0, ""visuals"": 3}",,"[{""url"": ""https://www.usb.org/document-library/usb-type-cr-locking-connector-specification"", ""publisher"": ""usb.org""}, {""url"": ""https://www.usb.org/document-library/usb-type-cr-connectors-and-cable-assemblies-compliance-document-rev-21b"", ""publisher"": ""usb.org""}, {""url"": ""https://www.usb.org/document-library/usb-type-cr-cable-and-connector-specification-release-25"", ""publisher"": ""usb.org""}]",charging,mechanism-e388330fba0cb024
technology-024,technology,technology,Why a USB plug can work for charging but not file transfer,a USB plug can work for charging but not file transfer,Some cables omit data conductors or do not support the required data connection.,Some cables omit data conductors or do not support the required data connection.,The specific product construction or system described by the primary source; not all designs.,Global where this design is used; verify local requirements before naming a rule.,"Film a USB plug can work for charging but not file transfer; start with the visible detail, then a different close-up of the same object.",Compare power-only and data cable wiring.,pending_review,,"{""recognition"": 3, ""overlooked_detail"": 3, ""payoff"": 3, ""evidence"": 0, ""visuals"": 3}",,"[{""url"": ""https://www.usb.org/usb-charger-pd"", ""publisher"": ""usb.org""}, {""url"": ""https://www.usb.org/document-library/usb-type-cr-connectors-and-cable-assemblies-compliance-document-rev-21b"", ""publisher"": ""usb.org""}, {""url"": ""https://www.usb.org/sites/default/files/usb_type-c_language_product_and_packaging_guidelines_20230320.pdf"", ""publisher"": ""usb.org""}]",charging,mechanism-7f916c517186aeed
technology-025,technology,technology,Why wireless headphones can play a sound after you tap,wireless headphones can play a sound after you tap,"Bluetooth Classic Audio uses buffering during wireless transport, which can delay audio relative to an immediate action.","Encoding, buffering, transmission and decoding add delay; some apps compensate visually.",Bluetooth Classic Audio buffering; do not generalize exact latency or imply all apps behave identically.,Global where the specified design is used,"Film Bluetooth headphones lag more in some apps; start with the visible detail, then a different close-up of the same object.",Draw the audio path beside a compensated video timeline.,reviewed,"{""reviewed_at"": ""2026-09-16T10:38:58.692182+00:00"", ""method"": ""Editorial comparison of stated mechanism with retrieved primary text"", ""finding"": ""Bluetooth Classic Audio uses buffering during wireless transport, which can delay audio relative to an immediate action."", ""scope"": ""Bluetooth Classic Audio buffering; do not generalize exact latency or imply all apps behave identically.""}","{""recognition"": 3, ""overlooked_detail"": 3, ""payoff"": 3, ""evidence"": 3, ""visuals"": 3}",,"[{""url"": ""https://www.bluetooth.com/blog/improving-latency-and-broadening-audio-horizons-with-le-audio/"", ""publisher"": ""bluetooth.com"", ""passage"": ""requires many buffers that may cause some delays"", ""retrieved_at"": ""2026-09-16T05:19:09.888202+00:00""}]",taps,mechanism-f9322cd5c41221b1
technology-026,technology,technology,Why a Bluetooth mouse can run for months on a small battery,a Bluetooth mouse can run for months on a small battery,Low-duty-cycle communication allows the device to sleep between short transmissions.,Low-duty-cycle communication allows the device to sleep between short transmissions.,The specific product construction or system described by the primary source; not all designs.,Global where this design is used; verify local requirements before naming a rule.,"Film a Bluetooth mouse can run for months on a small battery; start with the visible detail, then a different close-up of the same object.",Show brief radio bursts separated by sleep.,pending_review,,"{""recognition"": 3, ""overlooked_detail"": 3, ""payoff"": 3, ""evidence"": 0, ""visuals"": 3}",,"[{""url"": ""https://www.bluetooth.com/blog/how-bluetooth-revolutionized-data-transfer/"", ""publisher"": ""bluetooth.com""}, {""url"": ""https://www.bluetooth.com/blog/new-core-specification-v5-3-feature-enhancements/"", ""publisher"": ""bluetooth.com""}, {""url"": ""https://www.bluetooth.com/bluetooth-le-primer/"", ""publisher"": ""bluetooth.com""}]",computer-mice,mechanism-002669fcc9927394
technology-027,technology,technology,Why wireless earbuds pause when you take one out,wireless earbuds pause when you take one out,Wear-detection sensors infer whether the earbud is being worn.,Wear-detection sensors infer whether the earbud is being worn.,The specific product construction or system described by the primary source; not all designs.,Global where this design is used; verify local requirements before naming a rule.,"Film wireless earbuds pause when you take one out; start with the visible detail, then a different close-up of the same object.",Compare sensor signals in and out of an ear.,pending_review,,"{""recognition"": 3, ""overlooked_detail"": 3, ""payoff"": 3, ""evidence"": 0, ""visuals"": 3}",,"[{""url"": ""https://support.apple.com/guide/airpods/change-settings-for-airpods-or-airpods-pro-dev57e5b7e58/27/web/27"", ""publisher"": ""support.apple.com""}, {""url"": ""https://support.apple.com/en-gb/108764"", ""publisher"": ""support.apple.com""}, {""url"": ""https://support.apple.com/en-in/guide/airpods/dev57e5b7e58/web"", ""publisher"": ""support.apple.com""}]",wireless-earbuds-pause-when-you-take-one-out,mechanism-bb476789717e8f4a
technology-028,technology,technology,Why noise cancellation works better on a steady engine than a sudden voice,noise cancellation works better on a steady engine than a sudden voice,"Predictability, frequency and processing delay affect active cancellation performance.","Predictability, frequency and processing delay affect active cancellation performance.",The specific product construction or system described by the primary source; not all designs.,Global where this design is used; verify local requirements before naming a rule.,"Film noise cancellation works better on a steady engine than a sudden voice; start with the visible detail, then a different close-up of the same object.",Compare steady and rapidly changing waveforms.,pending_review,,"{""recognition"": 3, ""overlooked_detail"": 3, ""payoff"": 3, ""evidence"": 0, ""visuals"": 3}",,"[{""url"": ""https://www.bose.com/stories/what-is-active-noise-cancellation"", ""publisher"": ""bose.com""}, {""url"": ""https://www.bose.com/stories/how-do-noise-cancelling-headphones-work"", ""publisher"": ""bose.com""}, {""url"": ""https://www.bose.com/stories/quietcomfort-ultra-vs-other-noise-cancelling-headphones"", ""publisher"": ""bose.com""}]",noise-cancellation-works-better-on-a-steady-engine-than-a-sudden-voice,mechanism-7be20644539f0e6e
technology-029,technology,technology,Why headphones sound different when their seal breaks,headphones sound different when their seal breaks,An acoustic leak changes low-frequency pressure and the earphone's response.,An acoustic leak changes low-frequency pressure and the earphone's response.,The specific product construction or system described by the primary source; not all designs.,Global where this design is used; verify local requirements before naming a rule.,"Film headphones sound different when their seal breaks; start with the visible detail, then a different close-up of the same object.",Open a small gap in an ear-pad seal.,pending_review,,"{""recognition"": 3, ""overlooked_detail"": 3, ""payoff"": 3, ""evidence"": 0, ""visuals"": 3}",,"[{""url"": ""https://content-files.shure.com/KnowledgeBaseFiles/troubleshooting-rfi-jim-brown-ham.pdf"", ""publisher"": ""shure.com""}, {""url"": ""https://www.shure.com/en-US/insights/earphone-headphone-specifications-explained"", ""publisher"": ""shure.com""}, {""url"": ""https://www.shure.com/en-EU/insights/top-8-earphone-and-headphone-myths-exposed"", ""publisher"": ""shure.com""}]",headphones-sound-different-when-their-seal-breaks,mechanism-4bdcaae35cfc1bf9
technology-030,technology,technology,Why a phone speaker sounds fuller on a table,a phone speaker sounds fuller on a table,Nearby surfaces can alter sound radiation and reflections.,Nearby surfaces can alter sound radiation and reflections.,The specific product construction or system described by the primary source; not all designs.,Global where this design is used; verify local requirements before naming a rule.,"Film a phone speaker sounds fuller on a table; start with the visible detail, then a different close-up of the same object.",Compare free-space and tabletop sound paths.,pending_review,,"{""recognition"": 3, ""overlooked_detail"": 3, ""payoff"": 3, ""evidence"": 0, ""visuals"": 3}",,"[{""url"": ""https://www.jbl.com/blog/aiming-for-accuracy.html"", ""publisher"": ""jbl.com""}, {""url"": ""https://in.jbl.com/on/demandware.static/-/Sites-masterCatalog_Harman/default/dw79ad54cf/pdfs/560GTI-660GTI%5EJBL%5Eom%5E%5E%5E%5E.pdf"", ""publisher"": ""jbl.com""}, {""url"": ""https://www.jbl.com/on/demandware.static/-/Sites-masterCatalog_Harman/default/dw4520feb0/pdfs/L88P-om.pdf"", ""publisher"": ""jbl.com""}]",a-phone-speaker-sounds-fuller-on-a-table,mechanism-63afd1257cd685ed
technology-031,technology,technology,Why Wi-Fi can show full bars with no internet,Wi-Fi can show full bars with no internet,"Signal strength measures the local radio connection, not the upstream internet service.","Signal strength measures the local radio connection, not the upstream internet service.",The specific product construction or system described by the primary source; not all designs.,Global where this design is used; verify local requirements before naming a rule.,"Film Wi-Fi can show full bars with no internet; start with the visible detail, then a different close-up of the same object.",Separate device-router and router-internet links.,pending_review,,"{""recognition"": 3, ""overlooked_detail"": 3, ""payoff"": 3, ""evidence"": 0, ""visuals"": 3}",,"[{""url"": ""https://support.google.com/googleplay/answer/2651367?hl=en"", ""publisher"": ""support.google.com""}, {""url"": ""https://support.google.com/android/answer/2651367?hl=en-na"", ""publisher"": ""support.google.com""}, {""url"": ""https://support.google.com/fi/answer/6195552?hl=en"", ""publisher"": ""support.google.com""}]",wifi,mechanism-fffbf4a4e1ca4a79
technology-032,technology,technology,Why 5 GHz Wi-Fi can be worse through walls,5 GHz Wi-Fi can be worse through walls,Propagation loss and obstruction effects differ with frequency and environment.,Propagation loss and obstruction effects differ with frequency and environment.,The specific product construction or system described by the primary source; not all designs.,Global where this design is used; verify local requirements before naming a rule.,"Film 5 GHz Wi-Fi can be worse through walls; start with the visible detail, then a different close-up of the same object.",Compare attenuated signals crossing the same wall.,pending_review,,"{""recognition"": 3, ""overlooked_detail"": 3, ""payoff"": 3, ""evidence"": 0, ""visuals"": 3}",,"[{""url"": ""https://www.cisco.com/c/en/us/td/docs/wireless/controller/9800/technical-reference/c9800-best-practices.html"", ""publisher"": ""cisco.com""}, {""url"": ""https://www.cisco.com/c/en/us/support/docs/wireless/catalyst-9800-series-wireless-controllers/223061-migrate-to-wi-fi-7-and-6ghz.html"", ""publisher"": ""cisco.com""}, {""url"": ""https://www.cisco.com/c/en/us/support/docs/wireless-mobility/wireless-lan-wlan/8630-rf-problems.html"", ""publisher"": ""cisco.com""}]",wifi,mechanism-d33c13f311ef37a2
technology-033,technology,technology,Why a microwave can disturb nearby Wi-Fi,a microwave can disturb nearby Wi-Fi,"A microwave oven can produce interference in radio spectrum also used by a nearby Wi-Fi network, disrupting reception while the oven runs.","The interruption can come from another device sharing radio spectrum, without any change to the internet subscription.","Radio interference described in Cisco CleanAir documentation; not every oven or wireless setup is affected, and a Wi-Fi interruption is not a radiation-safety diagnosis.",Global where the specified design is used,"Show an ordinary closed microwave running, then a nearby router; no appliance disassembly.",Use a labelled illustrative spectrum to show an interfering signal overlapping a Wi-Fi channel; avoid measured signal claims.,reviewed,"{""reviewed_at"": ""2026-09-17T15:15:25.085620+00:00"", ""method"": ""Editorial comparison of stated mechanism with retrieved primary text"", ""finding"": ""A microwave oven can produce interference in radio spectrum also used by a nearby Wi-Fi network, disrupting reception while the oven runs."", ""scope"": ""Radio interference described in Cisco CleanAir documentation; not every oven or wireless setup is affected, and a Wi-Fi interruption is not a radiation-safety diagnosis.""}","{""recognition"": 3, ""overlooked_detail"": 3, ""payoff"": 4, ""evidence"": 3, ""visuals"": 4}",,"[{""url"": ""https://www.cisco.com/c/en/us/td/docs/switches/lan/catalyst3650/software/release/16-3/configuration_guide/b_163_consolidated_3650_cg/b_163_consolidated_3650_cg_chapter_0100.pdf"", ""publisher"": ""cisco.com"", ""passage"": ""Many devices,such as microwave ovens, cordless phones, and Bluetooth devices also operate in these bands and can negatively affect the Wi-Fi operations."", ""retrieved_at"": ""2026-09-16T05:19:33.673779+00:00""}]",microwave-ovens,mechanism-de39e2df5212f28c
technology-034,technology,technology,Why a mesh network can slow down at the far node,a mesh network can slow down at the far node,Wireless backhaul and repeated transmissions consume shared airtime.,Wireless backhaul and repeated transmissions consume shared airtime.,The specific product construction or system described by the primary source; not all designs.,Global where this design is used; verify local requirements before naming a rule.,"Film a mesh network can slow down at the far node; start with the visible detail, then a different close-up of the same object.",Trace a packet across multiple wireless hops.,pending_review,,"{""recognition"": 3, ""overlooked_detail"": 3, ""payoff"": 3, ""evidence"": 0, ""visuals"": 3}",,"[{""url"": ""https://support.google.com/googlehome/answer/7182746?hl=en-AU"", ""publisher"": ""support.google.com""}, {""url"": ""https://support.google.com/googlehome/thread/451188386/slow-speed?hl=en"", ""publisher"": ""support.google.com""}, {""url"": ""https://support.google.com/fiber/thread/157867439/mesh-extender-in-ethernet-only-mode?hl=en"", ""publisher"": ""support.google.com""}]",wifi,mechanism-20421ca86b6ef84e
technology-035,technology,technology,Why a video buffers even after a speed test looks good,a video buffers even after a speed test looks good,"A speed test and a video service can use different network paths and servers, so a good test does not guarantee smooth video.","Sustained throughput, latency variation and the route to the media server can differ from a speed test.","A speed test describes one path at one time, not every video service connection.",Global where the specified design is used,"Film a video buffers even after a speed test looks good; start with the visible detail, then a different close-up of the same object.",Compare steady delivery with bursts and gaps.,reviewed,"{""reviewed_at"": ""2026-09-16T10:38:58.692182+00:00"", ""method"": ""Editorial comparison of stated mechanism with retrieved primary text"", ""finding"": ""A speed test and a video service can use different network paths and servers, so a good test does not guarantee smooth video."", ""scope"": ""A speed test describes one path at one time, not every video service connection.""}","{""recognition"": 3, ""overlooked_detail"": 3, ""payoff"": 3, ""evidence"": 3, ""visuals"": 3}",,"[{""url"": ""https://blog.cloudflare.com/how-does-cloudflares-speed-test-really-work/"", ""publisher"": ""cloudflare.com"", ""passage"": ""where the server is in the network, differs from test to test. These variances can impact results dramatically."", ""retrieved_at"": ""2026-09-16T05:19:43.566439+00:00""}]",wifi,mechanism-91b84fd93311d2bf
technology-036,technology,technology,Why sending a photo can make the file much smaller,sending a photo can make the file much smaller,An app may resize or recompress the image before transmission.,An app may resize or recompress the image before transmission.,The specific product construction or system described by the primary source; not all designs.,Global where this design is used; verify local requirements before naming a rule.,"Film sending a photo can make the file much smaller; start with the visible detail, then a different close-up of the same object.",Compare pixel counts and compression stages.,pending_review,,"{""recognition"": 3, ""overlooked_detail"": 3, ""payoff"": 3, ""evidence"": 0, ""visuals"": 3}",,"[{""url"": ""https://support.google.com/photos/thread/453379377/need-to-make-pic-more-compressed-not-cropped?hl=en"", ""publisher"": ""support.google.com""}, {""url"": ""https://support.google.com/photos/thread/165607108/need-to-reduce-picture-file-size?hl=en"", ""publisher"": ""support.google.com""}, {""url"": ""https://support.google.com/photos/thread/107349102/pictures-after-recording-play-fine-on-my-phone-but-when-i-send-them-mms-they-are-pixelated-why?hl=en"", ""publisher"": ""support.google.com""}]",camera,mechanism-d59eff5713f40176
technology-037,technology,technology,Why a screenshot can look different on another screen,a screenshot can look different on another screen,"Colour profiles, display capabilities and viewing settings change colour reproduction.","Colour profiles, display capabilities and viewing settings change colour reproduction.",The specific product construction or system described by the primary source; not all designs.,Global where this design is used; verify local requirements before naming a rule.,"Film a screenshot can look different on another screen; start with the visible detail, then a different close-up of the same object.",Show one image through two display profiles.,pending_review,,"{""recognition"": 3, ""overlooked_detail"": 3, ""payoff"": 3, ""evidence"": 0, ""visuals"": 3}",,"[{""url"": ""https://www.eizo.com/library/management/web-color-management/"", ""publisher"": ""eizo.com""}, {""url"": ""https://www.eizo.com/library/management/color-management-mobile-devices/"", ""publisher"": ""eizo.com""}, {""url"": ""https://www.eizo.com/library/management/color-management-summary/"", ""publisher"": ""eizo.com""}]",displays,mechanism-4a50a0b6f63134cb
technology-038,technology,technology,Why deleted files can remain in the recycle bin,deleted files can remain in the recycle bin,Deletion can first move a file into a recoverable state instead of erasing its contents.,Deletion can first move a file into a recoverable state instead of erasing its contents.,The specific product construction or system described by the primary source; not all designs.,Global where this design is used; verify local requirements before naming a rule.,"Film deleted files can remain in the recycle bin; start with the visible detail, then a different close-up of the same object.","Trace a file through live, trashed and removed states.",pending_review,,"{""recognition"": 3, ""overlooked_detail"": 3, ""payoff"": 3, ""evidence"": 0, ""visuals"": 3}",,"[{""url"": ""https://support.microsoft.com/en-us/office/collab-files/delete-a-file"", ""publisher"": ""support.microsoft.com""}, {""url"": ""https://support.microsoft.com/en-us/topic/how-to-bypass-the-recycle-bin-when-deleting-files-36aa9c63-c12a-988f-43c4-e4347e2b2825"", ""publisher"": ""support.microsoft.com""}, {""url"": ""https://support.microsoft.com/en-us/windows/experience/storage-filemanagement/free-up-drive-space-in-windows"", ""publisher"": ""support.microsoft.com""}]",cans,mechanism-91112dea0aa62ac8
technology-039,technology,technology,Why a computer reports less storage than the box advertises,a computer reports less storage than the box advertises,Different unit conventions can describe the same byte count with different-looking capacities; this does not mean bytes vanished.,The same stored byte count can get two different-looking capacity labels.,Storage manufacturers and operating systems that display binary-based capacity; formatting and reserved space are separate effects.,Global where the specified design is used,"Film a computer reports less storage than the box advertises; start with the visible detail, then a different close-up of the same object.",Keep one byte counter unchanged while switching its displayed unit convention; label any example values as illustrative.,reviewed,"{""reviewed_at"": ""2026-09-16T15:51:30.468138+00:00"", ""method"": ""Editorial comparison of stated mechanism with retrieved primary text"", ""finding"": ""Different unit conventions can describe the same byte count with different-looking capacities; this does not mean bytes vanished."", ""scope"": ""Storage manufacturers and operating systems that display binary-based capacity; formatting and reserved space are separate effects.""}","{""recognition"": 3, ""overlooked_detail"": 3, ""payoff"": 3, ""evidence"": 3, ""visuals"": 3}",,"[{""url"": ""https://www.seagate.com/support/kb/storage-capacity-measurement-standards-194563en/"", ""publisher"": ""seagate.com"", ""passage"": ""The storage industry standard is to display capacity in decimal."", ""retrieved_at"": ""2026-09-16T10:33:43.251153+00:00""}]",a-computer-reports-less-storage-than-the-box-advertises,mechanism-d1c574b86ef7ad1d
technology-040,technology,technology,Why copying thousands of tiny files is slower than one big file,copying thousands of tiny files is slower than one big file,"Each small file repeats file-creation and protocol work before its data can transfer, so equal total bytes need not take equal copying time.",The file count adds work that a total size figure hides.,Windows network file copying over SMB with single-threaded tools; not a universal timing claim for every device or transfer method.,Global where the specified design is used,Show a genuine file manager with one large file beside many small files; keep any timing comparison clearly illustrative.,Compare one create-transfer-close sequence with repeated short sequences containing the same total data.,reviewed,"{""reviewed_at"": ""2026-09-17T15:15:25.107066+00:00"", ""method"": ""Editorial comparison of stated mechanism with retrieved primary text"", ""finding"": ""Each small file repeats file-creation and protocol work before its data can transfer, so equal total bytes need not take equal copying time."", ""scope"": ""Windows network file copying over SMB with single-threaded tools; not a universal timing claim for every device or transfer method.""}","{""recognition"": 3, ""overlooked_detail"": 3, ""payoff"": 4, ""evidence"": 3, ""visuals"": 4}",,"[{""url"": ""https://learn.microsoft.com/en-us/troubleshoot/windows-server/networking/slow-smb-file-transfer"", ""publisher"": ""learn.microsoft.com"", ""passage"": ""SMB must perform multiple protocol operations to create a file before any data can be transmitted."", ""retrieved_at"": ""2026-09-17T15:13:44.647290+00:00""}]",copying-thousands-of-tiny-files-is-slower-than-one-big-file,mechanism-fed8b263b3cdd30f
technology-041,technology,technology,Why an app update needs more free space than its download,an app update needs more free space than its download,Installation can require unpacked files and temporary working space in addition to the download.,Installation can require unpacked files and temporary working space in addition to the download.,The specific product construction or system described by the primary source; not all designs.,Global where this design is used; verify local requirements before naming a rule.,"Film an app update needs more free space than its download; start with the visible detail, then a different close-up of the same object.","Show download, expansion and replacement stages.",pending_review,,"{""recognition"": 3, ""overlooked_detail"": 3, ""payoff"": 3, ""evidence"": 0, ""visuals"": 3}",,"[{""url"": ""https://support.apple.com/en-us/108905"", ""publisher"": ""support.apple.com""}, {""url"": ""https://support.apple.com/guide/deployment/about-software-updates-depc4c80847a/1/web/1.0"", ""publisher"": ""support.apple.com""}, {""url"": ""https://support.apple.com/en-ca/108429"", ""publisher"": ""support.apple.com""}]",an-app-update-needs-more-free-space-than-its-download,mechanism-3bc04a10863fa1f7
technology-042,technology,technology,Why a progress bar can jump backward,a progress bar can jump backward,Estimates may change as the system discovers more work or enters a different phase.,Estimates may change as the system discovers more work or enters a different phase.,The specific product construction or system described by the primary source; not all designs.,Global where this design is used; verify local requirements before naming a rule.,"Film a progress bar can jump backward; start with the visible detail, then a different close-up of the same object.",Add newly discovered tasks to a progress total.,pending_review,,"{""recognition"": 3, ""overlooked_detail"": 3, ""payoff"": 3, ""evidence"": 0, ""visuals"": 3}",,"[{""url"": ""https://learn.microsoft.com/en-us/windows/win32/uxguide/progress-bars"", ""publisher"": ""learn.microsoft.com""}, {""url"": ""https://learn.microsoft.com/en-us/windows/win32/controls/progress-bar-control-styles"", ""publisher"": ""learn.microsoft.com""}, {""url"": ""https://learn.microsoft.com/nb-no/windows/win32/controls/progress-bar-control-styles"", ""publisher"": ""learn.microsoft.com""}]",cans,mechanism-60a6b935750bf331
technology-043,technology,technology,Why restarting fixes some devices without changing any settings,restarting fixes some devices without changing any settings,Restarting clears transient process state and reinitializes hardware and services.,Restarting clears transient process state and reinitializes hardware and services.,The specific product construction or system described by the primary source; not all designs.,Global where this design is used; verify local requirements before naming a rule.,"Film restarting fixes some devices without changing any settings; start with the visible detail, then a different close-up of the same object.",Compare a stuck running state with a fresh startup.,pending_review,,"{""recognition"": 3, ""overlooked_detail"": 3, ""payoff"": 3, ""evidence"": 0, ""visuals"": 3}",,"[{""url"": ""https://support.microsoft.com/en-us/windows/experience/performance-optimization/troubleshooting-windows-unexpected-restarts-and-stop-code-errors"", ""publisher"": ""support.microsoft.com""}, {""url"": ""https://support.microsoft.com/en-us/windows/experience/backup-recovery/recovery-options-in-windows"", ""publisher"": ""support.microsoft.com""}, {""url"": ""https://support.microsoft.com/en-us/windows/experience/backup-recovery/point-time-restore-for-windows"", ""publisher"": ""support.microsoft.com""}]",restarting-fixes-some-devices-without-changing-any-settings,mechanism-8cccc5cfd4ceefa5
technology-044,technology,technology,Why a laptop fan speeds up during a video call,a laptop fan speeds up during a video call,"Camera processing, encoding and other workloads increase heat that cooling must remove.","Camera processing, encoding and other workloads increase heat that cooling must remove.",The specific product construction or system described by the primary source; not all designs.,Global where this design is used; verify local requirements before naming a rule.,"Film a laptop fan speeds up during a video call; start with the visible detail, then a different close-up of the same object.",Trace video tasks to processor heat and airflow.,pending_review,,"{""recognition"": 3, ""overlooked_detail"": 3, ""payoff"": 3, ""evidence"": 0, ""visuals"": 3}",,"[{""url"": ""https://support.apple.com/en-au/101576"", ""publisher"": ""support.apple.com""}, {""url"": ""https://support.apple.com/en-ca/101613"", ""publisher"": ""support.apple.com""}, {""url"": ""https://support.apple.com/id-id/101576"", ""publisher"": ""support.apple.com""}]",a-laptop-fan-speeds-up-during-a-video-call,mechanism-93e33ac8b0788e3d
technology-045,technology,technology,Why a laptop can wake when you open its lid,a laptop can wake when you open its lid,A lid-position sensor signals a power-state transition to the system.,A lid-position sensor signals a power-state transition to the system.,The specific product construction or system described by the primary source; not all designs.,Global where this design is used; verify local requirements before naming a rule.,"Film a laptop can wake when you open its lid; start with the visible detail, then a different close-up of the same object.",Move a magnet past a lid sensor.,pending_review,,"{""recognition"": 3, ""overlooked_detail"": 3, ""payoff"": 3, ""evidence"": 0, ""visuals"": 3}",,"[{""url"": ""https://www.dell.com/support/kbdoc/en-us/000124946/how-to-enable-or-disable-the-power-on-lid-open-feature-on-your-newer-notebook?msockid=21d3754ae72966cb244b6325e6ec6716"", ""publisher"": ""dell.com""}, {""url"": ""https://www.dell.com/support/kbdoc/en-uk/000143832/latitude-notebooks-an-explanation-of-why-some-latitude-notebooks-don-t-power-on-with-the-lid-closed"", ""publisher"": ""dell.com""}, {""url"": ""https://www.dell.com/support/kbdoc/en-us/000149580/why-is-my-system-not-going-to-sleep-mode"", ""publisher"": ""dell.com""}]",cans,mechanism-610abd027da84e0a
technology-046,technology,technology,Why your inkjet can clean itself before the first page,your inkjet can clean itself before the first page,Some inkjet maintenance cycles clear or protect nozzles so droplets eject reliably.,The activity before the paper moves can be maintenance of tiny nozzles rather than printing the page.,Epson inkjet models with configurable automatic cleaning before or after printing; other printer designs differ.,Global where the specified design is used,Show an inkjet preparing to print and a close-up of its paper path; do not open covers during a cleaning cycle.,"Magnify a schematic nozzle row, mark a blocked outlet, then show the clean-and-check stage before the page.",reviewed,"{""reviewed_at"": ""2026-09-17T15:15:25.171586+00:00"", ""method"": ""Editorial comparison of stated mechanism with retrieved primary text"", ""finding"": ""Some inkjet maintenance cycles clear or protect nozzles so droplets eject reliably."", ""scope"": ""Epson inkjet models with configurable automatic cleaning before or after printing; other printer designs differ.""}","{""recognition"": 3, ""overlooked_detail"": 3, ""payoff"": 2, ""evidence"": 3, ""visuals"": 3}",,"[{""url"": ""https://files.support.epson.com/docid/cpd6/cpd63622/source/printers/source/ink_functions/tasks/amc400_550/auto_cleaning_lcd_amc400_550.html"", ""publisher"": ""epson.com"", ""passage"": ""check for clogged nozzles and perform print head cleaning, if needed."", ""retrieved_at"": ""2026-09-16T10:33:45.453194+00:00""}]",cans,mechanism-98f9293f954a67c4
technology-047,technology,technology,Why printers mix colour ink into some black areas,printers mix colour ink into some black areas,Print modes can use composite black for particular media or tonal effects.,Print modes can use composite black for particular media or tonal effects.,The specific product construction or system described by the primary source; not all designs.,Global where this design is used; verify local requirements before naming a rule.,"Film printers mix colour ink into some black areas; start with the visible detail, then a different close-up of the same object.",Compare pigment black with a composite colour mix.,pending_review,,"{""recognition"": 3, ""overlooked_detail"": 3, ""payoff"": 3, ""evidence"": 0, ""visuals"": 3}",,"[{""url"": ""https://files.canon-europe.com/files/soft03-48706/Manual/imagePRESS_C1plus_Direct_Printing_Guide_EN.pdf"", ""publisher"": ""canon-europe.com""}, {""url"": ""https://acc-sfcc-service.canon-europe.com/3114C009/3114C009.html"", ""publisher"": ""canon-europe.com""}, {""url"": ""https://sfcc-service.canon-europe.com/printers-office/"", ""publisher"": ""canon-europe.com""}]",printers-mix-colour-ink-into-some-black-areas,mechanism-b78cdc5ff9e5f0f2
technology-048,technology,technology,Why laser printers deliver warm paper,laser printers deliver warm paper,A fuser uses heat and pressure to bond toner to the sheet.,A fuser uses heat and pressure to bond toner to the sheet.,Laser printers using a heated fuser; not inkjet printing.,Global where the specified design is used,"Film laser printers deliver warm paper; start with the visible detail, then a different close-up of the same object.",Trace a page through toner transfer and fusing.,reviewed,"{""reviewed_at"": ""2026-09-16T15:51:30.476652+00:00"", ""method"": ""Editorial comparison of stated mechanism with retrieved primary text"", ""finding"": ""A fuser uses heat and pressure to bond toner to the sheet."", ""scope"": ""Laser printers using a heated fuser; not inkjet printing.""}","{""recognition"": 3, ""overlooked_detail"": 3, ""payoff"": 3, ""evidence"": 3, ""visuals"": 3}",,"[{""url"": ""https://h10032.www1.hp.com/ctg/Manual/c05193073.pdf"", ""publisher"": ""hp.com"", ""passage"": ""the fuser unit applies heat and pressure to ensure that the toner stays on the paper permanently"", ""retrieved_at"": ""2026-09-16T10:37:01.551783+00:00""}]",laser-printers-deliver-warm-paper,mechanism-553b74bc9c34183d
technology-049,technology,technology,Why a scanner light moves across the page,a scanner light moves across the page,A scanning assembly samples successive lines to construct the full image.,The moving assembly builds the image a line at a time instead of photographing the page all at once.,"Flatbed scanners with a moving sensor carriage, as described by Epson; sheet-fed and camera-based scanners differ.",Global where the specified design is used,"Film a scanner light moves across the page; start with the visible detail, then a different close-up of the same object.",Build an image one scanned line at a time.,reviewed,"{""reviewed_at"": ""2026-09-17T03:27:30.663290+00:00"", ""method"": ""Editorial comparison of stated mechanism with retrieved primary text"", ""finding"": ""A scanning assembly samples successive lines to construct the full image."", ""scope"": ""Flatbed scanners with a moving sensor carriage, as described by Epson; sheet-fed and camera-based scanners differ.""}","{""recognition"": 3, ""overlooked_detail"": 3, ""payoff"": 3, ""evidence"": 3, ""visuals"": 3}",,"[{""url"": ""https://files.support.epson.com/pdf/es800c/es800cu1.pdf"", ""publisher"": ""epson.com"", ""passage"": ""The sensor on the carriage scans a line of pixels, and as the carriage moves, the succeeding lines of pixels are scanned."", ""retrieved_at"": ""2026-09-16T10:33:54.318995+00:00""}]",a-scanner-light-moves-across-the-page,mechanism-d955a9867760f6c7
technology-050,technology,technology,Why optical mice struggle on some glass desks,optical mice struggle on some glass desks,The sensor needs usable surface features or optical returns to estimate movement.,A perfectly smooth-looking desk removes the tiny landmarks a conventional mouse tracks.,Conventional optical and laser mice on clear glass; specialized glass-tracking sensors are exceptions.,Global where the specified design is used,"Film optical mice struggle on some glass desks; start with the visible detail, then a different close-up of the same object.",Compare tracked texture with transparent glass.,reviewed,"{""reviewed_at"": ""2026-09-16T15:51:30.482602+00:00"", ""method"": ""Editorial comparison of stated mechanism with retrieved primary text"", ""finding"": ""The sensor needs usable surface features or optical returns to estimate movement."", ""scope"": ""Conventional optical and laser mice on clear glass; specialized glass-tracking sensors are exceptions.""}","{""recognition"": 3, ""overlooked_detail"": 3, ""payoff"": 3, ""evidence"": 3, ""visuals"": 3}",,"[{""url"": ""https://www.logitech.com/assets/52537/logitech-business-product-catalog.pdf"", ""publisher"": ""logitech.com"", ""passage"": ""there just aren’t enough imperfections for it to work."", ""retrieved_at"": ""2026-09-16T10:34:56.748904+00:00""}]",computer-mice,mechanism-f23cd31640f1c039
technology-051,technology,technology,Why a mechanical keyboard can register before the key bottoms out,a mechanical keyboard can register before the key bottoms out,The switch's actuation point occurs before the end of its travel.,The computer can receive the keypress before the key reaches the bottom of its travel.,The described mechanical switches; actuation distance varies by switch and is not a universal keyboard specification.,Global where the specified design is used,"Film a mechanical keyboard can register before the key bottoms out; start with the visible detail, then a different close-up of the same object.",Show contact closure partway through a keystroke.,reviewed,"{""reviewed_at"": ""2026-09-16T15:51:30.492580+00:00"", ""method"": ""Editorial comparison of stated mechanism with retrieved primary text"", ""finding"": ""The switch's actuation point occurs before the end of its travel."", ""scope"": ""The described mechanical switches; actuation distance varies by switch and is not a universal keyboard specification.""}","{""recognition"": 3, ""overlooked_detail"": 3, ""payoff"": 3, ""evidence"": 3, ""visuals"": 3}",,"[{""url"": ""https://www.cherry.de/en-gb/company/cherry-technologies/mechanical-technology"", ""publisher"": ""cherry.de"", ""passage"": ""Mechanical switch technology allows the signal to be triggered during key actuation, even before the key is fully pressed"", ""retrieved_at"": ""2026-09-16T10:34:39.873219+00:00""}]",cans,mechanism-892f27ba7af5396a
technology-052,technology,technology,Why a quiet mouse can still feel clicky,a quiet mouse can still feel clicky,"A rubber actuator damps switch vibration and sound, while a cap over it helps preserve tactile feedback, so a quiet mouse can still feel clicky.",Tactile feedback and audible clicking can be changed separately inside the switch.,Logitech M330 Silent Plus switch design described by its manufacturer; other silent mice may use other mechanisms.,Global where the specified design is used,Show a quiet mouse being clicked beside a normal mouse without claiming measured sound levels.,Animate the rubber actuator damping vibration beneath the cap while the button still travels through its click.,reviewed,"{""reviewed_at"": ""2026-09-17T15:15:25.171586+00:00"", ""method"": ""Editorial comparison of stated mechanism with retrieved primary text"", ""finding"": ""A rubber actuator damps switch vibration and sound, while a cap over it helps preserve tactile feedback, so a quiet mouse can still feel clicky."", ""scope"": ""Logitech M330 Silent Plus switch design described by its manufacturer; other silent mice may use other mechanisms.""}","{""recognition"": 3, ""overlooked_detail"": 3, ""payoff"": 4, ""evidence"": 3, ""visuals"": 4}",,"[{""url"": ""https://www.logitech.com/assets/64874/silent-mice-white-paper.pdf"", ""publisher"": ""logitech.com"", ""passage"": ""a rubber actuator that dampens both the vibration and the sound."", ""retrieved_at"": ""2026-09-16T10:34:48.957964+00:00""}]",computer-mice,mechanism-40e871998fa49211
technology-053,technology,technology,Why an e-reader can keep an image with its power off,an e-reader can keep an image with its power off,Bistable electronic ink can retain a pigment arrangement without continuous drive.,"The screen needs power to change its picture, but not necessarily to keep that picture.","Bistable E Ink display retention, not the power consumption of the entire reader or its front light.",Global where the specified design is used,"Film an e-reader can keep an image with its power off; start with the visible detail, then a different close-up of the same object.",Move pigment particles then remove the field.,reviewed,"{""reviewed_at"": ""2026-09-16T15:51:30.502486+00:00"", ""method"": ""Editorial comparison of stated mechanism with retrieved primary text"", ""finding"": ""Bistable electronic ink can retain a pigment arrangement without continuous drive."", ""scope"": ""Bistable E Ink display retention, not the power consumption of the entire reader or its front light.""}","{""recognition"": 3, ""overlooked_detail"": 3, ""payoff"": 3, ""evidence"": 3, ""visuals"": 3}",,"[{""url"": ""https://esg.eink.com/en/report/0322082417uc111886/2016-ESG-Report"", ""publisher"": ""eink.com"", ""passage"": ""Bistable: Retains images displayed without consuming power after disconnecting from the source."", ""retrieved_at"": ""2026-09-16T10:35:51.121287+00:00""}]",cans,mechanism-3491b5fb827a0e39
technology-054,technology,technology,Why e-readers flash black when changing pages,e-readers flash black when changing pages,A full refresh drives the ink particles through a reset rather than merely drawing the next page over the previous state.,The black flash is an intentional reset of the ink particles rather than a failed page turn.,Periodic black-to-white refresh of electronic ink displays; not every device flashes on every page.,Global where the specified design is used,"Film e-readers flash black when changing pages; start with the visible detail, then a different close-up of the same object.",Compare partial update residue with a full reset.,reviewed,"{""reviewed_at"": ""2026-09-16T15:51:30.507608+00:00"", ""method"": ""Editorial comparison of stated mechanism with retrieved primary text"", ""finding"": ""A full refresh drives the ink particles through a reset rather than merely drawing the next page over the previous state."", ""scope"": ""Periodic black-to-white refresh of electronic ink displays; not every device flashes on every page.""}","{""recognition"": 3, ""overlooked_detail"": 3, ""payoff"": 3, ""evidence"": 3, ""visuals"": 3}",,"[{""url"": ""https://blog.eink.com/history-of-e-ink"", ""publisher"": ""eink.com"", ""passage"": ""every so often we reset the ink particles back to start."", ""retrieved_at"": ""2026-09-16T10:34:48.694515+00:00""}]",e-readers,mechanism-9253ec0ae6295b20
technology-055,technology,technology,Why a stylus can work without a battery,a stylus can work without a battery,Some pen systems receive energy from the tablet's electromagnetic field.,"In the specified pen system, the tablet supplies energy across the gap to the pen.",Wacom EMR pen systems; other stylus technologies can require batteries.,Global where the specified design is used,"Film a stylus can work without a battery; start with the visible detail, then a different close-up of the same object.",Trace power and position signals between pen and tablet.,reviewed,"{""reviewed_at"": ""2026-09-16T15:51:30.516267+00:00"", ""method"": ""Editorial comparison of stated mechanism with retrieved primary text"", ""finding"": ""Some pen systems receive energy from the tablet's electromagnetic field."", ""scope"": ""Wacom EMR pen systems; other stylus technologies can require batteries.""}","{""recognition"": 3, ""overlooked_detail"": 3, ""payoff"": 3, ""evidence"": 3, ""visuals"": 3}",,"[{""url"": ""https://community.wacom.com/en-us/wacom-movink-13-oled-display/"", ""publisher"": ""wacom.com"", ""passage"": ""power can be supplied to a pen through LCD displays and protective surfaces without the need for any external power sources."", ""retrieved_at"": ""2026-09-16T10:34:53.981931+00:00""}]",cans,mechanism-23ab0395173d70b1
technology-056,technology,technology,Why a contactless card works without being charged,a contactless card works without being charged,The reader's field supplies energy to the passive card electronics.,The reader's field supplies energy to the passive card electronics.,The specific product construction or system described by the primary source; not all designs.,Global where this design is used; verify local requirements before naming a rule.,"Film a contactless card works without being charged; start with the visible detail, then a different close-up of the same object.",Show induction powering a card chip.,pending_review,,"{""recognition"": 3, ""overlooked_detail"": 3, ""payoff"": 3, ""evidence"": 0, ""visuals"": 3}",,"[{""url"": ""https://www.nxp.com/company/about-nxp/smarter-world-blog/BL-NFC-CONSUMERS-CRITICAL-LINK"", ""publisher"": ""nxp.com""}, {""url"": ""https://www.nxp.com/docs/en/application-note/AN14362.pdf"", ""publisher"": ""nxp.com""}, {""url"": ""https://community.nxp.com/pwmxy87654/attachments/pwmxy87654/nfc/1564/1/PN5180%20Antenna%20design%20guide.pdf"", ""publisher"": ""nxp.com""}]",payments,mechanism-2c0d2893ba4b03aa
technology-057,technology,technology,Why QR codes have three large corner squares,QR codes have three large corner squares,Finder patterns help locate and orient the code before decoding.,The three big squares give the reader a way to find orientation before decoding the data.,Standard QR Code finder patterns; other two-dimensional code families can look different.,Global where the specified design is used,"Film QR codes have three large corner squares; start with the visible detail, then a different close-up of the same object.",Rotate a code while its corners remain identifiable.,reviewed,"{""reviewed_at"": ""2026-09-16T15:51:30.522552+00:00"", ""method"": ""Editorial comparison of stated mechanism with retrieved primary text"", ""finding"": ""Finder patterns help locate and orient the code before decoding."", ""scope"": ""Standard QR Code finder patterns; other two-dimensional code families can look different.""}","{""recognition"": 3, ""overlooked_detail"": 3, ""payoff"": 3, ""evidence"": 3, ""visuals"": 3}",,"[{""url"": ""https://www.qrcode.com/en/about/featurePage/featurePage5.html"", ""publisher"": ""qrcode.com"", ""passage"": ""position detection patterns located at the three corners of the symbol."", ""retrieved_at"": ""2026-09-16T10:34:56.719138+00:00""}]",qr-codes,mechanism-6c0112ca0ebc539e
technology-058,technology,technology,Why a QR code can survive a small missing patch,a QR code can survive a small missing patch,Error-correcting information can recover some damaged data within the code's limits.,Redundant information can recover some missing data; a scan is not simply reading every visible square once.,Some damage can be corrected; recovery depends on damage location and error-correction level. No guaranteed recoverable area is asserted.,Global where the specified design is used,"Film a QR code can survive a small missing patch; start with the visible detail, then a different close-up of the same object.",Remove cells and reconstruct a labelled data block.,reviewed,"{""reviewed_at"": ""2026-09-16T15:51:30.522552+00:00"", ""method"": ""Editorial comparison of stated mechanism with retrieved primary text"", ""finding"": ""Error-correcting information can recover some damaged data within the code's limits."", ""scope"": ""Some damage can be corrected; recovery depends on damage location and error-correction level. No guaranteed recoverable area is asserted.""}","{""recognition"": 3, ""overlooked_detail"": 3, ""payoff"": 3, ""evidence"": 3, ""visuals"": 3}",,"[{""url"": ""https://www.qrcode.com/en/about/"", ""publisher"": ""qrcode.com"", ""passage"": ""Even if a QR Code is partly smeared or damaged, it has the capacity to correct itself and restore the original data."", ""retrieved_at"": ""2026-09-16T10:34:57.410952+00:00""}]",cans,mechanism-84ccc721142efd47
technology-059,technology,technology,Why a barcode needs blank space beside the stripes,a barcode needs blank space beside the stripes,Quiet zones help readers distinguish the symbol from surrounding graphics.,Quiet zones help readers distinguish the symbol from surrounding graphics.,The specific product construction or system described by the primary source; not all designs.,Global where this design is used; verify local requirements before naming a rule.,"Film a barcode needs blank space beside the stripes; start with the visible detail, then a different close-up of the same object.",Compare scanning with and without clear margins.,pending_review,,"{""recognition"": 3, ""overlooked_detail"": 3, ""payoff"": 3, ""evidence"": 0, ""visuals"": 3}",,"[{""url"": ""https://www.gs1.org/standards/barcodes/10-steps-to-barcode-your-product/english"", ""publisher"": ""gs1.org""}, {""url"": ""https://support.gs1.org/support/solutions/articles/43000734141-what-should-i-check-to-ensure-good-quality-barcodes-"", ""publisher"": ""gs1.org""}, {""url"": ""https://ref.gs1.org/docs/2025/GS1-2D-colour-guide-i10-f-25-02-10"", ""publisher"": ""gs1.org""}]",barcodes,mechanism-186053d446dd6b29
technology-060,technology,technology,Why a remote works when you point it at a wall,a remote works when you point it at a wall,Infrared light can reflect from surfaces and still reach the receiver.,Infrared light can reflect from surfaces and still reach the receiver.,The specific product construction or system described by the primary source; not all designs.,Global where this design is used; verify local requirements before naming a rule.,"Film a remote works when you point it at a wall; start with the visible detail, then a different close-up of the same object.",Trace a reflected infrared path.,pending_review,,"{""recognition"": 3, ""overlooked_detail"": 3, ""payoff"": 3, ""evidence"": 0, ""visuals"": 3}",,"[{""url"": ""https://www.sony.com/electronics/support/sound-bars-home-theater-systems-sound-bars-surround-speakers/ht-ct260h/articles/00223964?category=sound-bars-home-theater-systems-sound-bars-surround-speakers&model=HT-CT260H"", ""publisher"": ""sony.com""}, {""url"": ""https://www.sony.com/electronics/support/televisions-projectors-lcd-tvs/kdl-32w700b/articles/00223964"", ""publisher"": ""sony.com""}, {""url"": ""https://www.sony.com/electronics/support/televisions-projectors-lcd-tvs-android-/xbr-55x900e/articles/00006827"", ""publisher"": ""sony.com""}]",a-remote-works-when-you-point-it-at-a-wall,mechanism-26380cb60b3153de
technology-061,technology,technology,Why a phone camera can show a remote's flashing light,a phone camera can show a remote's flashing light,"Some image sensors detect near-infrared that human vision does not, depending on filtering.","Some image sensors detect near-infrared that human vision does not, depending on filtering.",The specific product construction or system described by the primary source; not all designs.,Global where this design is used; verify local requirements before naming a rule.,"Film a phone camera can show a remote's flashing light; start with the visible detail, then a different close-up of the same object.",Compare visible and near-infrared sensitivity.,pending_review,,"{""recognition"": 3, ""overlooked_detail"": 3, ""payoff"": 3, ""evidence"": 0, ""visuals"": 3}",,"[{""url"": ""https://www.sony.com/electronics/support/televisions-projectors-lcd-tvs-android-/kd-55x85k/articles/00223964?category=televisions-projectors-lcd-tvs-android-&model=KD-55X85K"", ""publisher"": ""sony.com""}, {""url"": ""https://www.sony.com/electronics/support/accessories-personal-computer-accessories/vgp-prsr1/articles/00025283"", ""publisher"": ""sony.com""}, {""url"": ""https://www.sony.com/electronics/support/articles/00020993"", ""publisher"": ""sony.com""}]",camera,mechanism-34b46ebb81fbce47
technology-062,technology,technology,Why a smartwatch light flashes green against your skin,a smartwatch light flashes green against your skin,Optical sensors estimate pulse from changes in reflected light associated with blood volume.,"The light is part of a changing optical measurement, rather than just an indicator that the watch is on.","Apple Watch optical heart sensing described by Apple; an explanation of sensing, not a claim of medical accuracy or diagnosis.",Global where the specified design is used,Show the underside of a smartwatch against a wrist without exposing private health records.,Animate green light entering a labelled schematic wrist and vary returned light with blood volume; no diagnostic values.,reviewed,"{""reviewed_at"": ""2026-09-17T15:15:25.196540+00:00"", ""method"": ""Editorial comparison of stated mechanism with retrieved primary text"", ""finding"": ""Optical sensors estimate pulse from changes in reflected light associated with blood volume."", ""scope"": ""Apple Watch optical heart sensing described by Apple; an explanation of sensing, not a claim of medical accuracy or diagnosis.""}","{""recognition"": 3, ""overlooked_detail"": 3, ""payoff"": 3, ""evidence"": 3, ""visuals"": 4}",,"[{""url"": ""https://support.apple.com/en-au/120277"", ""publisher"": ""support.apple.com"", ""passage"": ""When your heart beats, the blood flow in your wrist — and the green light absorption — is greater."", ""retrieved_at"": ""2026-09-16T10:35:03.924087+00:00""}]",a-smartwatch-light-flashes-green-against-your-skin,mechanism-a4ee964b7fdd4692
technology-063,technology,technology,Why step counters can count some non-walking movements,step counters can count some non-walking movements,Motion classifiers infer steps from sensor patterns rather than observing feet directly.,"The device recognizes motion patterns rather than watching your feet, so other movement can resemble steps.","Fitbit wrist-based step estimation, not a claim about every fitness device or a measurement of error rates.",Global where the specified design is used,"Film step counters can count some non-walking movements; start with the visible detail, then a different close-up of the same object.",Compare acceleration patterns and a classification threshold.,reviewed,"{""reviewed_at"": ""2026-09-16T15:51:30.522552+00:00"", ""method"": ""Editorial comparison of stated mechanism with retrieved primary text"", ""finding"": ""Motion classifiers infer steps from sensor patterns rather than observing feet directly."", ""scope"": ""Fitbit wrist-based step estimation, not a claim about every fitness device or a measurement of error rates.""}","{""recognition"": 3, ""overlooked_detail"": 3, ""payoff"": 3, ""evidence"": 3, ""visuals"": 3}",,"[{""url"": ""https://support.google.com/googlehealth/answer/14236920?hl=en"", ""publisher"": ""support.google.com"", ""passage"": ""When working at a desk, cooking, or performing other activities with arm movements, a device on your wrist may add some steps."", ""retrieved_at"": ""2026-09-16T10:35:16.735933+00:00""}]",cans,mechanism-ac37597f84cc74cb
technology-064,technology,technology,Why GPS directions can hesitate when you leave a tunnel,GPS directions can hesitate when you leave a tunnel,The receiver must reacquire usable satellite signals and update its position estimate.,The receiver must reacquire usable satellite signals and update its position estimate.,The specific product construction or system described by the primary source; not all designs.,Global where this design is used; verify local requirements before naming a rule.,"Film GPS directions can hesitate when you leave a tunnel; start with the visible detail, then a different close-up of the same object.",Show satellite visibility returning at a tunnel exit.,pending_review,,"{""recognition"": 3, ""overlooked_detail"": 3, ""payoff"": 3, ""evidence"": 0, ""visuals"": 3}",,"[{""url"": ""https://www.gps.gov/gps-accuracy-0"", ""publisher"": ""gps.gov""}, {""url"": ""https://www.gps.gov/gps-accuracy"", ""publisher"": ""gps.gov""}, {""url"": ""https://archive.gps.gov/systems/gps/performance/accuracy/"", ""publisher"": ""gps.gov""}]",cans,mechanism-73741869f4cb55c0
technology-065,technology,technology,Why airplane mode can still allow Wi-Fi,airplane mode can still allow Wi-Fi,"Cellular, Wi-Fi and Bluetooth radios can be controlled separately under device settings.",The flight icon does not necessarily mean every wireless radio must remain off.,"The documented Apple device settings; onboard use remains subject to operator rules, and radio defaults vary by device.",Global where the specified design is used,"Film airplane mode can still allow Wi-Fi; start with the visible detail, then a different close-up of the same object.",Switch radio blocks independently.,reviewed,"{""reviewed_at"": ""2026-09-17T03:27:30.663290+00:00"", ""method"": ""Editorial comparison of stated mechanism with retrieved primary text"", ""finding"": ""Cellular, Wi-Fi and Bluetooth radios can be controlled separately under device settings."", ""scope"": ""The documented Apple device settings; onboard use remains subject to operator rules, and radio defaults vary by device.""}","{""recognition"": 3, ""overlooked_detail"": 3, ""payoff"": 3, ""evidence"": 3, ""visuals"": 3}",,"[{""url"": ""https://support.apple.com/en-gb/108785"", ""publisher"": ""support.apple.com"", ""passage"": ""If the airline allows it, you can still use Wi-Fi and Bluetooth in Airplane Mode."", ""retrieved_at"": ""2026-09-16T10:35:21.474394+00:00""}]",wifi,mechanism-b2febade4c3d5b78
technology-066,technology,technology,Why phones ask for a passcode after restarting,phones ask for a passcode after restarting,Some encrypted data and biometric functions require the initial passcode unlock.,Some encrypted data and biometric functions require the initial passcode unlock.,The specific product construction or system described by the primary source; not all designs.,Global where this design is used; verify local requirements before naming a rule.,"Film phones ask for a passcode after restarting; start with the visible detail, then a different close-up of the same object.",Show startup encryption keys remaining locked.,pending_review,,"{""recognition"": 3, ""overlooked_detail"": 3, ""payoff"": 3, ""evidence"": 0, ""visuals"": 3}",,"[{""url"": ""https://support.apple.com/en-ca/guide/security/sec067eb0c9e/web"", ""publisher"": ""support.apple.com""}, {""url"": ""https://support.apple.com/en-qa/guide/security/sec9479035f1/web"", ""publisher"": ""support.apple.com""}, {""url"": ""https://support.apple.com/en-ie/guide/security/secc5227ff3c/web"", ""publisher"": ""support.apple.com""}]",phones-ask-for-a-passcode-after-restarting,mechanism-4925c9a5f347d3da
technology-067,technology,technology,Why passkeys work without sending your secret to a website,passkeys work without sending your secret to a website,Public-key authentication proves possession of a private key through a signed challenge.,Public-key authentication proves possession of a private key through a signed challenge.,The specific product construction or system described by the primary source; not all designs.,Global where this design is used; verify local requirements before naming a rule.,"Film passkeys work without sending your secret to a website; start with the visible detail, then a different close-up of the same object.",Trace challenge and signature while the key stays local.,pending_review,,"{""recognition"": 3, ""overlooked_detail"": 3, ""payoff"": 3, ""evidence"": 0, ""visuals"": 3}",,"[{""url"": ""https://fidoalliance.org/specifications/"", ""publisher"": ""fidoalliance.org""}, {""url"": ""https://fidoalliance.org/passkeys/"", ""publisher"": ""fidoalliance.org""}, {""url"": ""https://fidoalliance.org/fido-user-authentication-certification-programs/"", ""publisher"": ""fidoalliance.org""}]",passkeys-work-without-sending-your-secret-to-a-website,mechanism-65f80e8808a38e7a
technology-068,technology,technology,Why a download can resume where it stopped,a download can resume where it stopped,Servers and clients can use byte-range requests to retrieve the missing portion.,A resumed download can request only a missing byte range after checking that the file has not changed.,HTTP downloads when both ends support range requests and the resource still matches its validator.,Global where the specified design is used,"Film a download can resume where it stopped; start with the visible detail, then a different close-up of the same object.",Request only the unreceived range of a file.,reviewed,"{""reviewed_at"": ""2026-09-16T15:51:30.522552+00:00"", ""method"": ""Editorial comparison of stated mechanism with retrieved primary text"", ""finding"": ""Servers and clients can use byte-range requests to retrieve the missing portion."", ""scope"": ""HTTP downloads when both ends support range requests and the resource still matches its validator.""}","{""recognition"": 3, ""overlooked_detail"": 3, ""payoff"": 3, ""evidence"": 3, ""visuals"": 3}",,"[{""url"": ""https://developer.mozilla.org/en-US/docs/Web/HTTP/Reference/Headers/If-Range"", ""publisher"": ""developer.mozilla.org"", ""passage"": ""a 206 Partial Content response with part (or parts) of the resource in the body."", ""retrieved_at"": ""2026-09-16T10:35:29.782767+00:00""}]",cans,mechanism-c63e0fe4f309145b
technology-069,technology,technology,Why a web page loads faster the second time,a web page loads faster the second time,Caches can reuse valid stored resources instead of downloading every resource again.,A faster second visit can reuse stored responses instead of making the same trip back to the server.,Reusable cached web resources; not all pages are cacheable and network or server delays may dominate.,Global where the specified design is used,"Film a web page loads faster the second time; start with the visible detail, then a different close-up of the same object.",Compare first load with validated cached assets.,reviewed,"{""reviewed_at"": ""2026-09-16T15:51:30.522552+00:00"", ""method"": ""Editorial comparison of stated mechanism with retrieved primary text"", ""finding"": ""Caches can reuse valid stored resources instead of downloading every resource again."", ""scope"": ""Reusable cached web resources; not all pages are cacheable and network or server delays may dominate.""}","{""recognition"": 3, ""overlooked_detail"": 3, ""payoff"": 3, ""evidence"": 3, ""visuals"": 3}",,"[{""url"": ""https://developer.mozilla.org/en-US/docs/Web/HTTP/Guides/Caching"", ""publisher"": ""developer.mozilla.org"", ""passage"": ""The HTTP cache stores a response associated with a request and reuses the stored response for subsequent requests."", ""retrieved_at"": ""2026-09-16T10:35:31.314757+00:00""}]",a-web-page-loads-faster-the-second-time,mechanism-4353b1472d517bd6
technology-070,technology,technology,Why an online meeting can show video after audio drops,an online meeting can show video after audio drops,Audio and video streams have separate processing and network behaviours.,Audio and video streams have separate processing and network behaviours.,The specific product construction or system described by the primary source; not all designs.,Global where this design is used; verify local requirements before naming a rule.,"Film an online meeting can show video after audio drops; start with the visible detail, then a different close-up of the same object.",Split media into independently buffered streams.,pending_review,,"{""recognition"": 3, ""overlooked_detail"": 3, ""payoff"": 3, ""evidence"": 0, ""visuals"": 3}",,"[{""url"": ""https://issues.webrtc.org/42230250"", ""publisher"": ""webrtc.org""}, {""url"": ""https://codereview.webrtc.org/1757683002/"", ""publisher"": ""webrtc.org""}, {""url"": ""https://webrtc.org/getting-started/media-capture-and-constraints"", ""publisher"": ""webrtc.org""}]",cans,mechanism-8fa588e7de837a90
food-001,food,shopping,Why reheated bread goes hard again so quickly,reheated bread goes hard again so quickly,Starch retrogradation changes bread texture and reheating only temporarily reverses part of it.,Starch retrogradation changes bread texture and reheating only temporarily reverses part of it.,The specific product construction or system described by the primary source; not all designs.,Global where this design is used; verify local requirements before naming a rule.,"Film reheated bread goes hard again so quickly; start with the visible detail, then a different close-up of the same object.",Compare starch structure before and after reheating.,pending_review,,"{""recognition"": 3, ""overlooked_detail"": 3, ""payoff"": 3, ""evidence"": 0, ""visuals"": 3}",,"[{""url"": ""https://www.kingarthurbaking.com/blog/2024/10/14/boiling-water-flatbread"", ""publisher"": ""kingarthurbaking.com""}, {""url"": ""https://www.kingarthurbaking.com/blog/2022/03/07/leftover-oatmeal-soft-chewy-porridge-bread"", ""publisher"": ""kingarthurbaking.com""}, {""url"": ""https://www.kingarthurbaking.com/pro/reference/water"", ""publisher"": ""kingarthurbaking.com""}]",bread,mechanism-3c282b368f17c8d4
food-002,food,shopping,Why bread turns brown but its centre stays pale,bread turns brown but its centre stays pale,Surface drying permits higher temperatures and browning reactions than the moist interior.,Surface drying permits higher temperatures and browning reactions than the moist interior.,The specific product construction or system described by the primary source; not all designs.,Global where this design is used; verify local requirements before naming a rule.,"Film bread turns brown but its centre stays pale; start with the visible detail, then a different close-up of the same object.",Show crust and crumb temperature zones.,pending_review,,"{""recognition"": 3, ""overlooked_detail"": 3, ""payoff"": 3, ""evidence"": 0, ""visuals"": 3}",,"[{""url"": ""https://www.kingarthurbaking.com/pro/reference/water"", ""publisher"": ""kingarthurbaking.com""}, {""url"": ""https://www.kingarthurbaking.com/blog/2025/07/30/the-bottom-of-my-bread-gets-too-dark"", ""publisher"": ""kingarthurbaking.com""}, {""url"": ""https://www.kingarthurbaking.com/blog/2022/10/31/better-steam-bake-bread-with-towels"", ""publisher"": ""kingarthurbaking.com""}]",bread,mechanism-92b7edbaae77e935
food-003,food,shopping,Why bread dough springs back when you stretch it,bread dough springs back when you stretch it,A developed gluten network gives dough elasticity.,A developed gluten network gives dough elasticity.,Wheat dough with a developed gluten network; distinguish elasticity from extensibility.,Global where the specified design is used,"Film bread dough springs back when you stretch it; start with the visible detail, then a different close-up of the same object.",Stretch and release a labelled gluten network.,reviewed,"{""reviewed_at"": ""2026-09-16T05:12:56.532686+00:00"", ""method"": ""Editorial comparison of stated mechanism with retrieved primary text"", ""finding"": ""A developed gluten network gives dough elasticity."", ""scope"": ""Wheat dough with a developed gluten network; distinguish elasticity from extensibility.""}","{""recognition"": 3, ""overlooked_detail"": 3, ""payoff"": 3, ""evidence"": 3, ""visuals"": 3}",,"[{""url"": ""https://www.kingarthurbaking.com/blog/2021/08/18/a-beginners-guide-to-gluten"", ""publisher"": ""kingarthurbaking.com"", ""passage"": ""Glutenin gives the dough elasticity"", ""retrieved_at"": ""2026-09-16T05:09:19.944209+00:00""}]",bread,mechanism-a632f9ddf13e7b3a
food-004,food,shopping,Why bakers slash bread before it enters the oven,bakers slash bread before it enters the oven,Cuts create controlled expansion points during oven spring.,Cuts create controlled expansion points during oven spring.,Scored risen bread before baking; do not imply all breads require scoring.,Global where the specified design is used,"Film bakers slash bread before it enters the oven; start with the visible detail, then a different close-up of the same object.",Compare expansion through a score and a random tear.,reviewed,"{""reviewed_at"": ""2026-09-16T05:12:56.532686+00:00"", ""method"": ""Editorial comparison of stated mechanism with retrieved primary text"", ""finding"": ""Cuts create controlled expansion points during oven spring."", ""scope"": ""Scored risen bread before baking; do not imply all breads require scoring.""}","{""recognition"": 3, ""overlooked_detail"": 3, ""payoff"": 3, ""evidence"": 3, ""visuals"": 3}",,"[{""url"": ""https://www.kingarthurbaking.com/learn/guides/sourdough/bake"", ""publisher"": ""kingarthurbaking.com"", ""passage"": ""giving it a pre-designated spot"", ""retrieved_at"": ""2026-09-16T05:09:20.051613+00:00""}]",bread,mechanism-1548d63fa5b88934
food-005,food,shopping,Why steaming an oven changes a loaf's crust,steaming an oven changes a loaf's crust,Early steam delays surface setting and affects crust formation.,Early steam delays surface setting and affects crust formation.,Steam-injected bread baking; the effect depends on dough and the timing of steam.,Global where the specified design is used,"Film steaming an oven changes a loaf's crust; start with the visible detail, then a different close-up of the same object.",Compare expanding loaves with dry and moist surfaces.,reviewed,"{""reviewed_at"": ""2026-09-16T15:21:38.462783+00:00"", ""method"": ""Editorial comparison of stated mechanism with retrieved primary text"", ""finding"": ""Early steam delays surface setting and affects crust formation."", ""scope"": ""Steam-injected bread baking; the effect depends on dough and the timing of steam.""}","{""recognition"": 3, ""overlooked_detail"": 3, ""payoff"": 3, ""evidence"": 3, ""visuals"": 3}",,"[{""url"": ""https://www.kingarthurbaking.com/pro/reference/water"", ""publisher"": ""kingarthurbaking.com"", ""passage"": ""the surface of the dough remains moist longer, enabling greater oven spring to occur before the formation of a surface crust"", ""retrieved_at"": ""2026-09-16T05:09:18.649862+00:00""}]",bread,mechanism-242e123caf9fcc36
food-006,food,shopping,Why bread has different-sized holes inside,bread has different-sized holes inside,Fermentation supplies gas while the dough network holds and stretches around bubbles; their expansion helps determine the holes left in bread.,The holes record both gas production and how well the dough held expanding bubbles.,Yeast-leavened wheat bread; flour strength is one influence on crumb structure alongside fermentation and handling.,Global where the specified design is used,"Compare slices of two wheat loaves with different crumb sizes, then show dough rising.","Inflate gas bubbles inside an elastic dough network and freeze the resulting structure into a cut loaf; schematic, not recipe prediction.",reviewed,"{""reviewed_at"": ""2026-09-17T03:43:31.687914+00:00"", ""method"": ""Editorial comparison of stated mechanism with retrieved primary text"", ""finding"": ""Fermentation supplies gas while the dough network holds and stretches around bubbles; their expansion helps determine the holes left in bread."", ""scope"": ""Yeast-leavened wheat bread; flour strength is one influence on crumb structure alongside fermentation and handling.""}","{""recognition"": 3, ""overlooked_detail"": 3, ""payoff"": 3, ""evidence"": 3, ""visuals"": 4}",,"[{""url"": ""https://www.kingarthurbaking.com/blog/2022/09/22/bread-flour-vs-all-purpose-flour"", ""publisher"": ""kingarthurbaking.com"", ""passage"": ""The gas bubbles become trapped in the gluten and starch web, leavening the dough and making it big and fluffy."", ""retrieved_at"": ""2026-09-16T05:09:20.926002+00:00""}]",bread,mechanism-0322bb3b4c6a295a
food-007,food,shopping,Why biscuits go soft when left out,biscuits go soft when left out,Dry crisp biscuits can lose quality as they absorb moisture from their surroundings.,Moisture exchange affects dry crisp foods differently from starch-rich soft bread.,Moisture uptake in dry crisp biscuits; obtain separate support before making a bread-retrogradation comparison.,Global where the specified design is used,"Film stale biscuits soften while bread firms up; start with the visible detail, then a different close-up of the same object.",Track moisture entering a biscuit and starch changing in bread.,reviewed,"{""reviewed_at"": ""2026-09-16T05:12:56.532686+00:00"", ""method"": ""Editorial comparison of stated mechanism with retrieved primary text"", ""finding"": ""Dry crisp biscuits can lose quality as they absorb moisture from their surroundings."", ""scope"": ""Moisture uptake in dry crisp biscuits; obtain separate support before making a bread-retrogradation comparison.""}","{""recognition"": 3, ""overlooked_detail"": 3, ""payoff"": 3, ""evidence"": 3, ""visuals"": 3}",,"[{""url"": ""https://www.csiro.au/en/research/production/food/shelf-life"", ""publisher"": ""csiro.au"", ""passage"": ""Many biscuits and savoury snacks including nuts suffer in quality as a result of moisture gain"", ""retrieved_at"": ""2026-09-16T05:09:23.565224+00:00""}]",biscuits-go-soft-when-left-out,mechanism-e62f8ab593b16f60
food-008,food,shopping,Why crackers have neat rows of holes,crackers have neat rows of holes,Docking gives gas escape paths and limits large blisters during baking.,Docking gives gas escape paths and limits large blisters during baking.,The specific product construction or system described by the primary source; not all designs.,Global where this design is used; verify local requirements before naming a rule.,"Film crackers have neat rows of holes; start with the visible detail, then a different close-up of the same object.",Compare docked and undocked dough sheets.,pending_review,,"{""recognition"": 3, ""overlooked_detail"": 3, ""payoff"": 3, ""evidence"": 0, ""visuals"": 3}",,"[{""url"": ""https://www.bakerperkins.com/biscuit-cookie-cracker/fr/customer-services/the-truclean-standard/the-truclean-standard/"", ""publisher"": ""bakerperkins.com""}, {""url"": ""https://www.bakerperkins.com/news/forming-and-cutting-lines-upgraded-to-truclean-standards-to-benefit-maintenance-and-cut-costs/"", ""publisher"": ""bakerperkins.com""}, {""url"": ""https://www.bakerperkins.com/biscuit-cookie-cracker/products/cracker-lines/"", ""publisher"": ""bakerperkins.com""}]",crackers-have-neat-rows-of-holes,mechanism-11ee47185a2b693a
food-009,food,shopping,Why puff pastry has so many thin layers,puff pastry has so many thin layers,Separated dough and fat layers allow steam-driven lifting during baking.,Separated dough and fat layers allow steam-driven lifting during baking.,"Laminated puff pastry; steam comes from water in the dough and butter, not fat evaporating.",Global where the specified design is used,"Film puff pastry has so many thin layers; start with the visible detail, then a different close-up of the same object.",Expand a laminated dough cross-section.,reviewed,"{""reviewed_at"": ""2026-09-16T05:12:56.533686+00:00"", ""method"": ""Editorial comparison of stated mechanism with retrieved primary text"", ""finding"": ""Separated dough and fat layers allow steam-driven lifting during baking."", ""scope"": ""Laminated puff pastry; steam comes from water in the dough and butter, not fat evaporating.""}","{""recognition"": 3, ""overlooked_detail"": 3, ""payoff"": 3, ""evidence"": 3, ""visuals"": 3}",,"[{""url"": ""https://www.kingarthurbaking.com/recipes/classic-puff-pastry-pate-feuilletee-recipe"", ""publisher"": ""kingarthurbaking.com"", ""passage"": ""Each \""leaf\"" in this puff pastry consists of a layer of flour separated by a layer of butter"", ""retrieved_at"": ""2026-09-16T05:09:22.908136+00:00""}]",puff-pastry-has-so-many-thin-layers,mechanism-182d7c9f3190e77e
food-010,food,shopping,Why pancake bubbles remain as tiny holes,pancake bubbles remain as tiny holes,Gas bubbles rise and set as the batter structure cooks.,Gas bubbles rise and set as the batter structure cooks.,Leavened pancake batter on a griddle; do not generalize to every flatbread.,Global where the specified design is used,"Film pancake bubbles remain as tiny holes; start with the visible detail, then a different close-up of the same object.",Follow one bubble through setting batter.,reviewed,"{""reviewed_at"": ""2026-09-16T05:12:56.533686+00:00"", ""method"": ""Editorial comparison of stated mechanism with retrieved primary text"", ""finding"": ""Gas bubbles rise and set as the batter structure cooks."", ""scope"": ""Leavened pancake batter on a griddle; do not generalize to every flatbread.""}","{""recognition"": 3, ""overlooked_detail"": 3, ""payoff"": 3, ""evidence"": 3, ""visuals"": 3}",,"[{""url"": ""https://www.kingarthurbaking.com/blog/2021/10/26/best-pancake-tips"", ""publisher"": ""kingarthurbaking.com"", ""passage"": ""the pancake rises and the structure of tiny bubbles sets"", ""retrieved_at"": ""2026-09-16T05:09:24.068840+00:00""}]",pancake-bubbles-remain-as-tiny-holes,mechanism-1af24e83a146002b
food-011,food,shopping,Why cake sinks after looking tall in the oven,cake sinks after looking tall in the oven,An insufficiently set structure can collapse when expanding gas cools or escapes.,An insufficiently set structure can collapse when expanding gas cools or escapes.,An underbaked cake is one possible cause of collapse; do not diagnose every sunken cake this way.,Global where the specified design is used,"Film cake sinks after looking tall in the oven; start with the visible detail, then a different close-up of the same object.",Compare supported and unset bubble walls.,reviewed,"{""reviewed_at"": ""2026-09-16T05:12:56.533686+00:00"", ""method"": ""Editorial comparison of stated mechanism with retrieved primary text"", ""finding"": ""An insufficiently set structure can collapse when expanding gas cools or escapes."", ""scope"": ""An underbaked cake is one possible cause of collapse; do not diagnose every sunken cake this way.""}","{""recognition"": 3, ""overlooked_detail"": 3, ""payoff"": 3, ""evidence"": 3, ""visuals"": 3}",,"[{""url"": ""https://www.kingarthurbaking.com/blog/2025/05/22/why-did-my-cake-fall-flat"", ""publisher"": ""kingarthurbaking.com"", ""passage"": ""if you pull the cake out before it's really truly set"", ""retrieved_at"": ""2026-09-16T05:09:25.358920+00:00""}]",water-fixtures,mechanism-4436edac0a4d9818
food-012,food,shopping,Why more mixing can make a cake less tender,more mixing can make a cake less tender,Further mixing develops gluten bonds that can make a wheat cake less tender; bread often benefits from that same structure.,The structure that helps bread become chewy can work against a tender cake.,"Wheat-based cake batters where tender texture is intended; flour, recipe and mixing stage matter.",Global where the specified design is used,"Use two bowls of the same wheat cake batter and a split view of their baked crumb, without presenting uncontrolled results as measured evidence.","Compare gently mixed and repeatedly mixed wheat batter; animate a stronger protein network, labelled as a simplified illustration.",reviewed,"{""reviewed_at"": ""2026-09-17T03:24:08.981927+00:00"", ""method"": ""Editorial comparison of stated mechanism with retrieved primary text"", ""finding"": ""Further mixing develops gluten bonds that can make a wheat cake less tender; bread often benefits from that same structure."", ""scope"": ""Wheat-based cake batters where tender texture is intended; flour, recipe and mixing stage matter.""}","{""recognition"": 3, ""overlooked_detail"": 3, ""payoff"": 3, ""evidence"": 3, ""visuals"": 3}",,"[{""url"": ""https://www.kingarthurbaking.com/blog/2021/08/18/a-beginners-guide-to-gluten?page=1"", ""publisher"": ""kingarthurbaking.com"", ""passage"": ""Additional agitation — like kneading, folding, or mixing — continues to develop that gluten, making the protein bonds stronger."", ""retrieved_at"": ""2026-09-16T05:09:27.553333+00:00""}]",cans,mechanism-e9f08758f791ecca
food-013,food,shopping,Why the same cookie dough can spread into puddles,the same cookie dough can spread into puddles,"Butter that is too warm for the recipe can flow before the cookie structure sets, increasing spread.",Fat state influences dough structure and how it flows before setting.,Recipes designed for room-temperature butter; some recipes deliberately use melted butter.,Global where the specified design is used,"Film melted butter changes cookie spread; start with the visible detail, then a different close-up of the same object.",Compare two dough discs heating side by side.,reviewed,"{""reviewed_at"": ""2026-09-16T15:21:38.462783+00:00"", ""method"": ""Editorial comparison of stated mechanism with retrieved primary text"", ""finding"": ""Butter that is too warm for the recipe can flow before the cookie structure sets, increasing spread."", ""scope"": ""Recipes designed for room-temperature butter; some recipes deliberately use melted butter.""}","{""recognition"": 3, ""overlooked_detail"": 3, ""payoff"": 3, ""evidence"": 3, ""visuals"": 3}",,"[{""url"": ""https://www.kingarthurbaking.com/blog/2023/12/19/why-are-my-cookies-spreading"", ""publisher"": ""kingarthurbaking.com"", ""passage"": ""Too-warm butter will melt and spread in the oven before your cookies set."", ""retrieved_at"": ""2026-09-16T05:09:26.997864+00:00""}]",bread,mechanism-37725e4f0b6d9c5c
food-014,food,shopping,Why brown sugar turns into a hard block,brown sugar turns into a hard block,Loss of moisture can let the sugar crystals bind together.,Loss of moisture can let the sugar crystals bind together.,The specific product construction or system described by the primary source; not all designs.,Global where this design is used; verify local requirements before naming a rule.,"Film brown sugar turns into a hard block; start with the visible detail, then a different close-up of the same object.",Show moist coatings drying between crystals.,pending_review,,"{""recognition"": 3, ""overlooked_detail"": 3, ""payoff"": 3, ""evidence"": 0, ""visuals"": 3}",,"[{""url"": ""https://www.dominosugar.com/faq"", ""publisher"": ""dominosugar.com""}, {""url"": ""https://www.dominosugar.com/baking-tips-how-tos/usage-faqs"", ""publisher"": ""dominosugar.com""}, {""url"": ""https://www.dominosugar.com/baking-tips-how-tos/baking-product-faqs"", ""publisher"": ""dominosugar.com""}]",sugar,mechanism-e1fe2d0f5ae2edc5
food-015,food,shopping,Why honey becomes grainy without being spoiled,honey becomes grainy without being spoiled,Glucose can crystallize out of honey depending on composition and conditions.,Graininess can be a physical change in sugar crystals rather than a sign of spoilage.,Honey crystallization; avoid the source's absolute statement that honey never goes bad.,Global where the specified design is used,"Film honey becomes grainy without being spoiled; start with the visible detail, then a different close-up of the same object.",Grow crystals within a honey jar.,reviewed,"{""reviewed_at"": ""2026-09-16T05:12:56.533686+00:00"", ""method"": ""Editorial comparison of stated mechanism with retrieved primary text"", ""finding"": ""Glucose can crystallize out of honey depending on composition and conditions."", ""scope"": ""Honey crystallization; avoid the source's absolute statement that honey never goes bad.""}","{""recognition"": 3, ""overlooked_detail"": 4, ""payoff"": 4, ""evidence"": 3, ""visuals"": 3}",,"[{""url"": ""https://honey.com/images/files/NHB-Test-Myths.pdf"", ""publisher"": ""honey.com"", ""passage"": ""Crystallization is the natural process by which the glucose in honey precipitates out of the liquid honey"", ""retrieved_at"": ""2026-09-16T05:09:28.651974+00:00""}]",honey-becomes-grainy-without-being-spoiled,mechanism-4142f55529395df4
food-016,food,shopping,Why one sugar crystal can turn smooth syrup grainy,one sugar crystal can turn smooth syrup grainy,Seed crystals can trigger recrystallization in a supersaturated sugar syrup.,Seed crystals can trigger further crystallization in a supersaturated sugar solution.,"Sugar syrup recrystallization; apply to a smooth sugar syrup, not every caramel formulation.",Global where the specified design is used,"Film a small sugar crystal can spoil smooth caramel; start with the visible detail, then a different close-up of the same object.",Show crystallization spreading from one seed.,reviewed,"{""reviewed_at"": ""2026-09-16T05:12:56.533686+00:00"", ""method"": ""Editorial comparison of stated mechanism with retrieved primary text"", ""finding"": ""Seed crystals can trigger recrystallization in a supersaturated sugar syrup."", ""scope"": ""Sugar syrup recrystallization; apply to a smooth sugar syrup, not every caramel formulation.""}","{""recognition"": 3, ""overlooked_detail"": 3, ""payoff"": 3, ""evidence"": 3, ""visuals"": 3}",,"[{""url"": ""https://annex.exploratorium.edu/cooking/candy/fudge-pop.html"", ""publisher"": ""exploratorium.edu"", ""passage"": ""a single seed crystal of sugar clinging to the side of the pan"", ""retrieved_at"": ""2026-09-16T05:09:30.561069+00:00""}]",sugar,mechanism-32ddb1c1ed0348e7
food-017,food,shopping,Why some sweets stretch while others snap,some sweets stretch while others snap,"Water content and sugar structure affect whether a confection is glassy, chewy or crystalline.","Water content and sugar structure affect whether a confection is glassy, chewy or crystalline.",The specific product construction or system described by the primary source; not all designs.,Global where this design is used; verify local requirements before naming a rule.,"Film some sweets stretch while others snap; start with the visible detail, then a different close-up of the same object.",Compare three sugar structures under pulling.,pending_review,,"{""recognition"": 3, ""overlooked_detail"": 3, ""payoff"": 3, ""evidence"": 0, ""visuals"": 3}",,"[{""url"": ""https://annex.exploratorium.edu/cooking/candy/sugar.html"", ""publisher"": ""exploratorium.edu""}, {""url"": ""https://annex.exploratorium.edu/cooking/candy/softcrack.html"", ""publisher"": ""exploratorium.edu""}, {""url"": ""https://annex.exploratorium.edu/cooking/bread/activity-drops.html"", ""publisher"": ""exploratorium.edu""}]",sugar,mechanism-e773f5de51a4a05b
food-018,food,shopping,Why chocolate sometimes develops a pale dusty surface,chocolate sometimes develops a pale dusty surface,Fat or sugar bloom alters the surface without necessarily indicating mould.,"A pale surface can come from a change in the chocolate itself, not a coating added by the maker.",Fat bloom in chocolate; distinguish it from mould and sugar bloom without giving food-safety assurances.,Global where the specified design is used,"Film chocolate sometimes develops a pale dusty surface; start with the visible detail, then a different close-up of the same object.",Compare fat bloom and sugar bloom cross-sections.,reviewed,"{""reviewed_at"": ""2026-09-16T05:12:56.533686+00:00"", ""method"": ""Editorial comparison of stated mechanism with retrieved primary text"", ""finding"": ""Fat or sugar bloom alters the surface without necessarily indicating mould."", ""scope"": ""Fat bloom in chocolate; distinguish it from mould and sugar bloom without giving food-safety assurances.""}","{""recognition"": 3, ""overlooked_detail"": 4, ""payoff"": 4, ""evidence"": 3, ""visuals"": 3}",,"[{""url"": ""https://www.callebaut.com/en-AU/callebaut-chocolate-academy/troubleshooting/chocolate-bloom"", ""publisher"": ""callebaut.com"", ""passage"": ""Heat will make cocoa butter migrate to the surface of the chocolate shell"", ""retrieved_at"": ""2026-09-16T05:09:32.671364+00:00""}]",chocolate,mechanism-8ecb620d65a9679f
food-019,food,shopping,Why tempered chocolate snaps more cleanly,tempered chocolate snaps more cleanly,Controlled cocoa-butter crystallization affects firmness and appearance.,Controlled cocoa-butter crystallization affects firmness and appearance.,Tempering chocolate containing cocoa butter; omit an overly broad claim about all confectionery coatings.,Global where the specified design is used,"Film tempered chocolate snaps more cleanly; start with the visible detail, then a different close-up of the same object.",Compare organized crystals with an unstable mix.,reviewed,"{""reviewed_at"": ""2026-09-16T05:12:56.533686+00:00"", ""method"": ""Editorial comparison of stated mechanism with retrieved primary text"", ""finding"": ""Controlled cocoa-butter crystallization affects firmness and appearance."", ""scope"": ""Tempering chocolate containing cocoa butter; omit an overly broad claim about all confectionery coatings.""}","{""recognition"": 3, ""overlooked_detail"": 3, ""payoff"": 3, ""evidence"": 3, ""visuals"": 3}",,"[{""url"": ""https://www.callebaut.com/en-CA/callebaut-chocolate-academy/tutorials/tempering/cocoa-butter"", ""publisher"": ""callebaut.com"", ""passage"": ""a stable crystalline structure called the beta crystal form"", ""retrieved_at"": ""2026-09-16T05:09:34.100838+00:00""}]",chocolate,mechanism-2554d744d47d9c3f
food-020,food,shopping,Why chocolate can thicken suddenly after a little water,chocolate can thicken suddenly after a little water,"A little water can dissolve some sugar into a syrup that gathers cocoa particles into clumps, making melted chocolate seize.",A small amount of liquid can make melted chocolate thicker instead of thinner.,A small addition of water to melted chocolate containing sugar and cocoa particles; behavior varies with formulation and liquid quantity.,Global where the specified design is used,Show smooth melted chocolate beside a small seized batch and a close-up of the changed texture.,Animate a water droplet forming syrup around sugar and gathering cocoa particles; label the particle view as schematic.,reviewed,"{""reviewed_at"": ""2026-09-17T03:43:31.687914+00:00"", ""method"": ""Editorial comparison of stated mechanism with retrieved primary text"", ""finding"": ""A little water can dissolve some sugar into a syrup that gathers cocoa particles into clumps, making melted chocolate seize."", ""scope"": ""A small addition of water to melted chocolate containing sugar and cocoa particles; behavior varies with formulation and liquid quantity.""}","{""recognition"": 3, ""overlooked_detail"": 3, ""payoff"": 4, ""evidence"": 3, ""visuals"": 4}",,"[{""url"": ""https://www.kingarthurbaking.com/blog/2019/02/04/how-to-melt-chocolate"", ""publisher"": ""kingarthurbaking.com"", ""passage"": ""enough to turn some of the sugar into syrup, to which cocoa particles cling"", ""retrieved_at"": ""2026-09-17T03:40:30.466879+00:00""}]",chocolate,mechanism-d5831da912efe6c6
food-021,food,shopping,Why ice cream becomes icy after melting and refreezing,ice cream becomes icy after melting and refreezing,Melting and refreezing allow larger ice crystals to form.,Melting and refreezing allow larger ice crystals to form.,The specific product construction or system described by the primary source; not all designs.,Global where this design is used; verify local requirements before naming a rule.,"Film ice cream becomes icy after melting and refreezing; start with the visible detail, then a different close-up of the same object.",Compare fine crystals with enlarged refrozen crystals.,pending_review,,"{""recognition"": 3, ""overlooked_detail"": 3, ""payoff"": 3, ""evidence"": 0, ""visuals"": 3}",,"[{""url"": ""https://icecream.org/"", ""publisher"": ""icecream.org"", ""research_lead_only"": true}]",ice-cream-becomes-icy-after-melting-and-refreezing,mechanism-c82254ca9b1ecd91
food-022,food,shopping,Why soft-serve looks bigger than its liquid mix,soft-serve looks bigger than its liquid mix,Incorporated air increases volume and changes texture.,Incorporated air increases volume and changes texture.,The specific product construction or system described by the primary source; not all designs.,Global where this design is used; verify local requirements before naming a rule.,"Film soft-serve looks bigger than its liquid mix; start with the visible detail, then a different close-up of the same object.",Show air cells within a frozen mix.,pending_review,,"{""recognition"": 3, ""overlooked_detail"": 3, ""payoff"": 3, ""evidence"": 0, ""visuals"": 3}",,"[{""url"": ""https://www.tetrapak.com/content/dam/tetrapak/publicweb/gb/en/processing/documents/br20559_mixing.pdf"", ""publisher"": ""tetrapak.com""}, {""url"": ""https://dairyprocessinghandbook.tetrapak.com/chapter/ice-cream"", ""publisher"": ""tetrapak.com""}, {""url"": ""https://dairyprocessinghandbook.tetrapak.com/chapter/mixers"", ""publisher"": ""tetrapak.com""}]",soft-serve-looks-bigger-than-its-liquid-mix,mechanism-500ea052a4f960c3
food-023,food,shopping,Why ice cubes stick together in a warm freezer,ice cubes stick together in a warm freezer,Partial melting and refreezing can join stored ice cubes together.,"Surface melting, moisture deposition and refreezing can form ice bridges.",Ice clumping caused by partial melting and refreezing in a freezer; other causes require separate support.,Global where the specified design is used,"Film ice cubes stick together in the freezer; start with the visible detail, then a different close-up of the same object.",Grow a bridge between two touching cubes.,reviewed,"{""reviewed_at"": ""2026-09-16T05:12:56.534686+00:00"", ""method"": ""Editorial comparison of stated mechanism with retrieved primary text"", ""finding"": ""Partial melting and refreezing can join stored ice cubes together."", ""scope"": ""Ice clumping caused by partial melting and refreezing in a freezer; other causes require separate support.""}","{""recognition"": 3, ""overlooked_detail"": 3, ""payoff"": 3, ""evidence"": 3, ""visuals"": 3}",,"[{""url"": ""https://producthelp.whirlpool.com/Refrigeration/Freezers/Upright_Freezer/Operation/Ice_Concerns/Ice_Quality/Ice_Clumping_in_Ice_Bin_-_Upright_Freezer"", ""publisher"": ""whirlpool.com"", ""passage"": ""it could cause the ice cubes to slowly melt and clump together"", ""retrieved_at"": ""2026-09-16T05:09:38.883376+00:00""}]",freezers,mechanism-e63a203a93f65359
food-024,food,shopping,Why boiled eggs can have a green ring around the yolk,boiled eggs can have a green ring around the yolk,Sulfur and iron compounds react at the yolk boundary under certain cooking conditions.,Sulfur and iron compounds react at the yolk boundary under certain cooking conditions.,The specific product construction or system described by the primary source; not all designs.,Global where this design is used; verify local requirements before naming a rule.,"Film boiled eggs can have a green ring around the yolk; start with the visible detail, then a different close-up of the same object.",Show the reaction at the white-yolk interface.,pending_review,,"{""recognition"": 3, ""overlooked_detail"": 3, ""payoff"": 3, ""evidence"": 0, ""visuals"": 3}",,"[{""url"": ""https://ask.usda.gov/s/article/La-coccion-destruye-a-la-Listeria"", ""publisher"": ""ask.usda.gov""}, {""url"": ""https://ask.usda.gov/s/article/askFSIS-Public-Q-A-D"", ""publisher"": ""ask.usda.gov""}, {""url"": ""https://ask.usda.gov/s/article/What-are-food-safety-concerns-in-Europe"", ""publisher"": ""ask.usda.gov""}]",eggs,mechanism-a1c25c0fb516feae
food-025,food,shopping,Why an egg white changes from clear to opaque,an egg white changes from clear to opaque,Heating changes protein structure and forms a light-scattering network.,Heating changes protein structure and forms a light-scattering network.,The specific product construction or system described by the primary source; not all designs.,Global where this design is used; verify local requirements before naming a rule.,"Film an egg white changes from clear to opaque; start with the visible detail, then a different close-up of the same object.",Compare dispersed proteins with an aggregated network.,pending_review,,"{""recognition"": 3, ""overlooked_detail"": 3, ""payoff"": 3, ""evidence"": 0, ""visuals"": 3}",,"[{""url"": ""https://dev-annex.exploratorium.edu/cooking/eggs/explore-text.html"", ""publisher"": ""exploratorium.edu""}, {""url"": ""https://annex.exploratorium.edu/cooking/eggs/deviled-pop.html"", ""publisher"": ""exploratorium.edu""}, {""url"": ""https://annex.exploratorium.edu/cooking/icooks/11-03-03.html"", ""publisher"": ""exploratorium.edu""}]",eggs,mechanism-8a41eb3256bfe622
food-026,food,shopping,Why egg whites expand when you whisk them,egg whites expand when you whisk them,Proteins help stabilize air bubbles introduced by beating.,Proteins help stabilize air bubbles introduced by beating.,Egg-white foams formed by beating; do not claim all proteins behave identically.,Global where the specified design is used,"Film egg whites expand when you whisk them; start with the visible detail, then a different close-up of the same object.",Wrap proteins around newly added bubbles.,reviewed,"{""reviewed_at"": ""2026-09-16T05:12:56.534686+00:00"", ""method"": ""Editorial comparison of stated mechanism with retrieved primary text"", ""finding"": ""Proteins help stabilize air bubbles introduced by beating."", ""scope"": ""Egg-white foams formed by beating; do not claim all proteins behave identically.""}","{""recognition"": 3, ""overlooked_detail"": 3, ""payoff"": 3, ""evidence"": 3, ""visuals"": 3}",,"[{""url"": ""https://annex.exploratorium.edu/cooking/icooks/3-17-03.html"", ""publisher"": ""exploratorium.edu"", ""passage"": ""thin films that encase air bubbles and create foam"", ""retrieved_at"": ""2026-09-16T05:09:42.456158+00:00""}]",eggs,mechanism-165ac419d4c48072
food-027,food,shopping,Why a little yolk can stop egg whites whipping well,a little yolk can stop egg whites whipping well,Fat can interfere with the protein films stabilizing the foam.,Fat can interfere with the protein films stabilizing the foam.,The specific product construction or system described by the primary source; not all designs.,Global where this design is used; verify local requirements before naming a rule.,"Film a little yolk can stop egg whites whipping well; start with the visible detail, then a different close-up of the same object.",Show fat disrupting a bubble film.,pending_review,,"{""recognition"": 3, ""overlooked_detail"": 3, ""payoff"": 3, ""evidence"": 0, ""visuals"": 3}",,"[{""url"": ""https://annex.exploratorium.edu/cooking/eggs/deviled-pop.html"", ""publisher"": ""exploratorium.edu""}, {""url"": ""https://annex.exploratorium.edu/cooking/eggs/eggcomposition.html"", ""publisher"": ""exploratorium.edu""}, {""url"": ""https://annex.exploratorium.edu/cooking/eggs/hollandaise-pop.html"", ""publisher"": ""exploratorium.edu""}]",eggs,mechanism-2ea3c6e4fbee80d0
food-028,food,shopping,Why mayonnaise holds oil and water together,mayonnaise holds oil and water together,Egg-yolk emulsifiers help keep fine oil droplets dispersed in water instead of merging back into a separate oil layer.,The oil is still there as tiny droplets even when the sauce looks like one smooth substance.,Egg-yolk mayonnaise emulsions; other mayonnaise formulations may use different emulsifiers.,Global where the specified design is used,Compare separated oil and water with a close-up of finished mayonnaise; use a clean spoon to show texture.,Magnify oil droplets in water and add a labelled emulsifier boundary that prevents droplets merging.,reviewed,"{""reviewed_at"": ""2026-09-17T03:43:31.687914+00:00"", ""method"": ""Editorial comparison of stated mechanism with retrieved primary text"", ""finding"": ""Egg-yolk emulsifiers help keep fine oil droplets dispersed in water instead of merging back into a separate oil layer."", ""scope"": ""Egg-yolk mayonnaise emulsions; other mayonnaise formulations may use different emulsifiers.""}","{""recognition"": 3, ""overlooked_detail"": 3, ""payoff"": 3, ""evidence"": 3, ""visuals"": 4}",,"[{""url"": ""https://annex.exploratorium.edu/cooking/icooks/article_5-03.html"", ""publisher"": ""exploratorium.edu"", ""passage"": ""Tiny droplets of fat stay suspended throughout emulsions such as mayonnaise, hollandaise, and bearnaise when coated with a thin film of yolk."", ""retrieved_at"": ""2026-09-16T05:09:42.426589+00:00""}]",mayonnaise,mechanism-c95254277861b30d
food-029,food,shopping,Why an overbaked custard gets little holes,an overbaked custard gets little holes,"Prolonged high heat can tighten coagulated egg proteins and squeeze out liquid, making a custard rubbery and full of holes.",The little holes can be where liquid escaped from a tightening protein network.,The baked custard comparison described by the Exploratorium; no cooking-temperature or food-safety advice.,Global where the specified design is used,Show the texture of a smooth custard and a visibly porous overbaked example from distinct close-up angles.,Show an illustrative egg-protein network tightening and squeezing liquid into gaps; match it to a close-up of overbaked custard.,reviewed,"{""reviewed_at"": ""2026-09-17T03:24:08.981927+00:00"", ""method"": ""Editorial comparison of stated mechanism with retrieved primary text"", ""finding"": ""Prolonged high heat can tighten coagulated egg proteins and squeeze out liquid, making a custard rubbery and full of holes."", ""scope"": ""The baked custard comparison described by the Exploratorium; no cooking-temperature or food-safety advice.""}","{""recognition"": 3, ""overlooked_detail"": 3, ""payoff"": 3, ""evidence"": 3, ""visuals"": 3}",,"[{""url"": ""https://annex.exploratorium.edu/cooking/eggs/gentle.html"", ""publisher"": ""exploratorium.edu"", ""passage"": ""the egg proteins have coagulated, then toughened, squeezing out liquid as they're exposed to prolongued heat."", ""retrieved_at"": ""2026-09-16T05:09:44.135309+00:00""}]",eggs,mechanism-6d5fcdb941fca591
food-030,food,shopping,Why warm milk forms a skin,warm milk forms a skin,Surface evaporation and protein-fat concentration create a film.,Surface evaporation and protein-fat concentration create a film.,The specific product construction or system described by the primary source; not all designs.,Global where this design is used; verify local requirements before naming a rule.,"Film warm milk forms a skin; start with the visible detail, then a different close-up of the same object.",Build a concentrated film at the milk surface.,pending_review,,"{""recognition"": 3, ""overlooked_detail"": 3, ""payoff"": 3, ""evidence"": 0, ""visuals"": 3}",,"[{""url"": ""https://www.dairy.com.au/you-ask-we-answer/why-does-my-milk-not-froth-properly"", ""publisher"": ""dairy.com.au""}, {""url"": ""https://www.dairy.com.au/you-ask-we-answer/is-milk-a-solid-because-of-the-fats-and-proteins-it-contains"", ""publisher"": ""dairy.com.au""}, {""url"": ""https://www.dairy.com.au/you-ask-we-answer/why-is-milk-permeated"", ""publisher"": ""dairy.com.au""}]",milk,mechanism-d4e12432f1957a0b
food-031,food,shopping,Why changing milk changes your coffee foam,changing milk changes your coffee foam,"Milk composition affects foam: whole milk tends toward denser foam, while lower-fat milk can make a larger, lighter foam.","Protein, fat and processing affect foam formation and stability.","Dairy milk comparison; protein, freshness, temperature and frothing technique also matter.",Global where the specified design is used,"Film milk can foam differently after changing brands; start with the visible detail, then a different close-up of the same object.",Compare bubble films with different milk compositions.,reviewed,"{""reviewed_at"": ""2026-09-16T15:21:38.462783+00:00"", ""method"": ""Editorial comparison of stated mechanism with retrieved primary text"", ""finding"": ""Milk composition affects foam: whole milk tends toward denser foam, while lower-fat milk can make a larger, lighter foam."", ""scope"": ""Dairy milk comparison; protein, freshness, temperature and frothing technique also matter.""}","{""recognition"": 3, ""overlooked_detail"": 3, ""payoff"": 3, ""evidence"": 3, ""visuals"": 3}",,"[{""url"": ""https://www.dairy.com.au/you-ask-we-answer/why-does-my-milk-not-froth-properly"", ""publisher"": ""dairy.com.au"", ""passage"": ""Whole milks usually produce a creamier, denser foam, while skim or lite milks usually produce more volume and a lighter foam."", ""retrieved_at"": ""2026-09-16T05:09:47.748771+00:00""}]",milk,mechanism-f8ffc44dc4af8a90
food-032,food,shopping,Why UHT milk can sit on a shelf unopened,UHT milk can sit on a shelf unopened,Heat treatment and aseptic packaging jointly prevent recontamination before opening.,Heat treatment and aseptic packaging jointly prevent recontamination before opening.,Unopened commercially UHT-treated milk in intact aseptic packaging; follow storage instructions after opening.,Global where the specified design is used,"Film UHT milk can sit on a shelf unopened; start with the visible detail, then a different close-up of the same object.",Trace sterilized product into sterile packaging.,reviewed,"{""reviewed_at"": ""2026-09-16T05:12:56.534686+00:00"", ""method"": ""Editorial comparison of stated mechanism with retrieved primary text"", ""finding"": ""Heat treatment and aseptic packaging jointly prevent recontamination before opening."", ""scope"": ""Unopened commercially UHT-treated milk in intact aseptic packaging; follow storage instructions after opening.""}","{""recognition"": 3, ""overlooked_detail"": 3, ""payoff"": 3, ""evidence"": 3, ""visuals"": 3}",,"[{""url"": ""https://www.tetrapak.com/content/dam/tetrapak/publicweb/us/en/packaging/Infographic-Getting-shelf%20stable-milk-to%20you.pdf"", ""publisher"": ""tetrapak.com"", ""passage"": ""The combination of UHT treatment and sterile aseptic packaging makes this milk shelf-stable"", ""retrieved_at"": ""2026-09-16T05:09:54.100353+00:00""}]",milk,mechanism-1fc5955b8c75b20b
food-033,food,shopping,Why cheese stretches when some other cheese just melts,cheese stretches when some other cheese just melts,"Protein structure, moisture and acidity affect how the heated cheese flows.","Protein structure, moisture and acidity affect how the heated cheese flows.",The specific product construction or system described by the primary source; not all designs.,Global where this design is used; verify local requirements before naming a rule.,"Film cheese stretches when some other cheese just melts; start with the visible detail, then a different close-up of the same object.",Pull two differently structured protein networks.,pending_review,,"{""recognition"": 3, ""overlooked_detail"": 3, ""payoff"": 3, ""evidence"": 0, ""visuals"": 3}",,"[{""url"": ""https://www.dairy.com.au/products-and-recipes/dairy-products/cheese/stretched-curd-cheese"", ""publisher"": ""dairy.com.au""}, {""url"": ""https://www.dairy.com.au/products-and-recipes/dairy-products/cheese/white-mould-cheese"", ""publisher"": ""dairy.com.au""}, {""url"": ""https://www.dairy.com.au/you-ask-we-answer/why-is-my-milk-curdling-when-heated"", ""publisher"": ""dairy.com.au""}]",cheese,mechanism-e808835727c5a7de
food-034,food,shopping,Why grated cheese sometimes refuses to melt smoothly,grated cheese sometimes refuses to melt smoothly,Added anti-caking ingredients and cheese composition can change melting behaviour.,Added anti-caking ingredients and cheese composition can change melting behaviour.,The specific product construction or system described by the primary source; not all designs.,Global where this design is used; verify local requirements before naming a rule.,"Film grated cheese sometimes refuses to melt smoothly; start with the visible detail, then a different close-up of the same object.",Compare freshly grated cheese with coated shreds.,pending_review,,"{""recognition"": 3, ""overlooked_detail"": 3, ""payoff"": 3, ""evidence"": 0, ""visuals"": 3}",,"[{""url"": ""https://www.dairy.com.au/you-ask-we-answer/why-is-my-milk-curdling-when-heated"", ""publisher"": ""dairy.com.au""}, {""url"": ""https://www.dairy.com.au/products-and-recipes/the-dairy-kitchen/recipes/maker-and-mongers-fondue-grillz"", ""publisher"": ""dairy.com.au""}, {""url"": ""https://www.dairy.com.au/products-and-recipes/the-dairy-kitchen/recipes/raclette-potato-and-rosemary-pizza"", ""publisher"": ""dairy.com.au""}]",cheese,mechanism-f3889833b60df190
food-035,food,shopping,Why yoghurt releases clear liquid on top,yoghurt releases clear liquid on top,The protein gel can expel whey through syneresis.,The protein gel can expel whey through syneresis.,The specific product construction or system described by the primary source; not all designs.,Global where this design is used; verify local requirements before naming a rule.,"Film yoghurt releases clear liquid on top; start with the visible detail, then a different close-up of the same object.",Show liquid leaving a contracting gel.,pending_review,,"{""recognition"": 3, ""overlooked_detail"": 3, ""payoff"": 3, ""evidence"": 0, ""visuals"": 3}",,"[{""url"": ""https://www.dairy.com.au/you-ask-we-answer/is-greek-yoghurt-better-for-you"", ""publisher"": ""dairy.com.au""}, {""url"": ""https://www.dairy.com.au/you-ask-we-answer/what-is-glycomacropeptide-and-the-role-of-it-in-permeate"", ""publisher"": ""dairy.com.au""}, {""url"": ""https://www.dairy.com.au/products-and-recipes/dairy-products/yoghurt"", ""publisher"": ""dairy.com.au""}]",yoghurt,mechanism-13132e19ed773f65
food-036,food,shopping,Why coffee grounds swell and bubble when first wetted,coffee grounds swell and bubble when first wetted,Hot water releases trapped gas from roasted coffee.,Hot water releases trapped gas from roasted coffee.,The specific product construction or system described by the primary source; not all designs.,Global where this design is used; verify local requirements before naming a rule.,"Film coffee grounds swell and bubble when first wetted; start with the visible detail, then a different close-up of the same object.",Trace gas escaping from a wetted coffee particle.,pending_review,,"{""recognition"": 3, ""overlooked_detail"": 3, ""payoff"": 3, ""evidence"": 0, ""visuals"": 3}",,"[{""url"": ""https://sca.coffee/sca-news/podcast/81/the-science-of-coffee-freshness-samo-smrke-expo-lectures-2019-6lrbe"", ""publisher"": ""sca.coffee""}, {""url"": ""https://sca.coffee/sca-news/designing-flavor-ceado"", ""publisher"": ""sca.coffee""}, {""url"": ""https://sca.coffee/sca-news/coffee-decoded-9-fresh-coffee"", ""publisher"": ""sca.coffee""}]",coffee-grounds-swell-and-bubble-when-first-wetted,mechanism-146fc8e05c9f8479
food-037,food,shopping,Why espresso gets foam without adding milk,espresso gets foam without adding milk,"The drop in pressure after extraction lets dissolved gas form bubbles, which coffee components help stabilize.","The foam can come from gas already in the coffee, without whipping in milk.","Espresso extraction and crema formation; not a claim that more crema means better taste, nor a specified pressure for every machine.",Global where the specified design is used,Use one continuous espresso extraction close-up and a distinct view of its crema settling.,"Show gas dissolved under pressure becoming bubbles at the outlet, followed by a labelled simplified stabilizing film.",reviewed,"{""reviewed_at"": ""2026-09-17T03:24:08.981927+00:00"", ""method"": ""Editorial comparison of stated mechanism with retrieved primary text"", ""finding"": ""The drop in pressure after extraction lets dissolved gas form bubbles, which coffee components help stabilize."", ""scope"": ""Espresso extraction and crema formation; not a claim that more crema means better taste, nor a specified pressure for every machine.""}","{""recognition"": 3, ""overlooked_detail"": 3, ""payoff"": 3, ""evidence"": 3, ""visuals"": 3}",,"[{""url"": ""https://blog.illy.com/en-gb/hospitality/achieve-perfect-coffee-crema?hs_amp=true"", ""publisher"": ""illy.com"", ""passage"": ""creating bubbles that get stabilized by natural surfactants in the coffee."", ""retrieved_at"": ""2026-09-16T05:10:02.212548+00:00""}]",milk,mechanism-cfe1eed2222c12a9
food-038,food,shopping,Why tea can form a thin film that cracks when stirred,tea can form a thin film that cracks when stirred,Black tea compounds and minerals from water form a surface film whose properties change with water hardness.,Tea compounds interact with hard-water constituents at the surface.,Black tea surface films studied under specified water conditions; distinguish the surface film from cup staining.,Global where the specified design is used,"Film tea makes a film on some cups; start with the visible detail, then a different close-up of the same object.",Compare the surface in soft and hard water.,reviewed,"{""reviewed_at"": ""2026-09-16T15:21:38.462783+00:00"", ""method"": ""Editorial comparison of stated mechanism with retrieved primary text"", ""finding"": ""Black tea compounds and minerals from water form a surface film whose properties change with water hardness."", ""scope"": ""Black tea surface films studied under specified water conditions; distinguish the surface film from cup staining.""}","{""recognition"": 3, ""overlooked_detail"": 3, ""payoff"": 3, ""evidence"": 3, ""visuals"": 3}",,"[{""url"": ""https://www.research-collection.ethz.ch/server/api/core/bitstreams/0d4340ca-9d67-43e5-8ac4-4f1f30162a1d/content"", ""publisher"": ""ethz.ch"", ""passage"": ""The tea ﬁlms were found to consist of oxidized tea polyphenols, calcium carbonate, and other salts"", ""retrieved_at"": ""2026-09-16T05:10:15.509756+00:00""}]",cans,mechanism-91f47bcf61ed7d3f
food-039,food,shopping,Why cold water extracts tea more slowly,cold water extracts tea more slowly,Temperature affects diffusion and the rates at which compounds enter the water.,Temperature affects diffusion and the rates at which compounds enter the water.,The specific product construction or system described by the primary source; not all designs.,Global where this design is used; verify local requirements before naming a rule.,"Film cold water extracts tea more slowly; start with the visible detail, then a different close-up of the same object.",Compare concentration fronts at two temperatures.,pending_review,,"{""recognition"": 3, ""overlooked_detail"": 3, ""payoff"": 3, ""evidence"": 0, ""visuals"": 3}",,"[{""url"": ""https://pubs.rsc.org/en/content/articlepdf/1982/f1/f19827800295"", ""publisher"": ""rsc.org""}, {""url"": ""https://pubs.rsc.org/en/content/articlehtml/2026/fb/d5fb00898k"", ""publisher"": ""rsc.org""}, {""url"": ""https://pubs.rsc.org/en/content/articlehtml/2021/fo/d1fo00261a"", ""publisher"": ""rsc.org""}]",cold-water-extracts-tea-more-slowly,mechanism-5ec3b531a00a5c8b
food-040,food,shopping,Why sparkling drinks foam more in a scratched glass,sparkling drinks foam more in a scratched glass,Surface imperfections can provide nucleation sites for gas bubbles.,Surface imperfections can provide nucleation sites for gas bubbles.,The specific product construction or system described by the primary source; not all designs.,Global where this design is used; verify local requirements before naming a rule.,"Film sparkling drinks foam more in a scratched glass; start with the visible detail, then a different close-up of the same object.",Zoom into bubbles growing at a scratch.,pending_review,,"{""recognition"": 3, ""overlooked_detail"": 3, ""payoff"": 3, ""evidence"": 0, ""visuals"": 3}",,"[{""url"": ""https://www.acs.org/education/activities/unleashing-carbon-dioxide.html"", ""publisher"": ""acs.org""}, {""url"": ""https://pubs.acs.org/acsodf/article/6/14/9672/420949/How-Many-CO2-Bubbles-in-a-Glass-of-Beer"", ""publisher"": ""acs.org""}, {""url"": ""https://pubs.acs.org/doi/10.1021/jp500295e"", ""publisher"": ""acs.org""}]",sparkling-drinks-foam-more-in-a-scratched-glass,mechanism-4c7878d6da300bf6
food-041,food,shopping,Why shaking a fizzy bottle matters when you open it,shaking a fizzy bottle matters when you open it,Shaking disperses gas bubbles that expand and drive foaming when pressure drops.,Shaking disperses gas bubbles that expand and drive foaming when pressure drops.,The specific product construction or system described by the primary source; not all designs.,Global where this design is used; verify local requirements before naming a rule.,"Film shaking a fizzy bottle matters when you open it; start with the visible detail, then a different close-up of the same object.",Compare bubble distribution before opening.,pending_review,,"{""recognition"": 3, ""overlooked_detail"": 3, ""payoff"": 3, ""evidence"": 0, ""visuals"": 3}",,"[{""url"": ""https://www.acs.org/education/whatischemistry/adventures-in-chemistry/secret-science-stuff/soda-pop.html"", ""publisher"": ""acs.org""}, {""url"": ""https://www.acs.org/content/dam/acsorg/education/resources/k-8/science-activities/solidsliquidsgases/gases/magma-all-gassed-up-to-go.pdf"", ""publisher"": ""acs.org""}, {""url"": ""https://pubs.acs.org/doi/abs/10.1021/acs.analchem.6b02074"", ""publisher"": ""acs.org""}]",bottles,mechanism-6f36067386a62f53
food-042,food,shopping,Why beer foam clings to the side of a glass,beer foam clings to the side of a glass,Foam-active compounds and surface wetting influence the residue left as foam recedes.,Foam-active compounds and surface wetting influence the residue left as foam recedes.,The specific product construction or system described by the primary source; not all designs.,Global where this design is used; verify local requirements before naming a rule.,"Film beer foam clings to the side of a glass; start with the visible detail, then a different close-up of the same object.",Track a receding foam line along glass.,pending_review,,"{""recognition"": 3, ""overlooked_detail"": 3, ""payoff"": 3, ""evidence"": 0, ""visuals"": 3}",,"[{""url"": ""https://brandstore.carlsberg.com/en/carlsberg-tumbler-glass"", ""publisher"": ""carlsberg.com""}, {""url"": ""https://www.carlsberg.com/en-be/it-all-comes-from-beer-content-pages/the-perfect-serve/"", ""publisher"": ""carlsberg.com""}, {""url"": ""https://brandstore.carlsberg.com/pages/the-perfect-serve"", ""publisher"": ""carlsberg.com""}]",beer-foam-clings-to-the-side-of-a-glass,mechanism-29f62ca735be29b6
food-043,food,shopping,Why cut apples brown only where you exposed the flesh,cut apples brown only where you exposed the flesh,Cutting brings enzymes and substrates into contact with oxygen.,Cutting brings enzymes and substrates into contact with oxygen.,The specific product construction or system described by the primary source; not all designs.,Global where this design is used; verify local requirements before naming a rule.,"Film cut apples brown only where you exposed the flesh; start with the visible detail, then a different close-up of the same object.",Show reactions confined to exposed tissue.,pending_review,,"{""recognition"": 3, ""overlooked_detail"": 3, ""payoff"": 3, ""evidence"": 0, ""visuals"": 3}",,"[{""url"": ""https://postharvest.ucdavis.edu/disorders/apple-sunburn"", ""publisher"": ""ucdavis.edu""}, {""url"": ""https://postharvest.ucdavis.edu/es/node/7221"", ""publisher"": ""ucdavis.edu""}, {""url"": ""https://uccalfresh.ucdavis.edu/sites/g/files/dgvnsk2286/files/inline-files/TWIGS%20curriculum.pdf"", ""publisher"": ""ucdavis.edu""}]",cut-apples-brown-only-where-you-exposed-the-flesh,mechanism-7416443b9d6445bf
food-044,food,shopping,Why sliced onions release an eye-irritating gas,sliced onions release an eye-irritating gas,Cell damage brings compounds and enzymes together that generate volatile irritants.,Cell damage brings compounds and enzymes together that generate volatile irritants.,Cut onion tissue; omit treatment advice and do not claim every allium has the same response.,Global where the specified design is used,"Film sliced onions release an eye-irritating gas; start with the visible detail, then a different close-up of the same object.",Compare intact and cut onion cells.,reviewed,"{""reviewed_at"": ""2026-09-16T15:21:38.468974+00:00"", ""method"": ""Editorial comparison of stated mechanism with retrieved primary text"", ""finding"": ""Cell damage brings compounds and enzymes together that generate volatile irritants."", ""scope"": ""Cut onion tissue; omit treatment advice and do not claim every allium has the same response.""}","{""recognition"": 3, ""overlooked_detail"": 3, ""payoff"": 3, ""evidence"": 3, ""visuals"": 3}",,"[{""url"": ""https://www.acs.org/content/dam/acsorg/pressroom/reactions/infographics/chemistry-life-hacks.pdf"", ""publisher"": ""acs.org"", ""passage"": ""Chopping onions breaks open cells, launching a series of reactions that release this volatile irritant."", ""retrieved_at"": ""2026-09-16T05:10:07.033642+00:00""}]",sliced-onions-release-an-eye-irritating-gas,mechanism-352bf2186efea019
food-045,food,shopping,Why garlic smells stronger after crushing,garlic smells stronger after crushing,Crushing mixes previously separated cellular components that form aroma compounds.,Crushing mixes previously separated cellular components that form aroma compounds.,The specific product construction or system described by the primary source; not all designs.,Global where this design is used; verify local requirements before naming a rule.,"Film garlic smells stronger after crushing; start with the visible detail, then a different close-up of the same object.",Break compartments inside a garlic cell.,pending_review,,"{""recognition"": 3, ""overlooked_detail"": 3, ""payoff"": 3, ""evidence"": 0, ""visuals"": 3}",,"[{""url"": ""https://pubs.acs.org/jafcau/article/73/44/27933/3667712/Black-Garlic-Evolution-of-the-Chemical-Composition"", ""publisher"": ""acs.org""}, {""url"": ""https://pubs.acs.org/doi/10.1021/jf062587s"", ""publisher"": ""acs.org""}, {""url"": ""https://pubs.acs.org/chreay/article/110/4/2313/247070/Molecular-Gastronomy-A-New-Emerging-Scientific"", ""publisher"": ""acs.org""}]",garlic-smells-stronger-after-crushing,mechanism-1af91ad4866748ee
food-046,food,shopping,Why cooked cabbage can smell stronger after longer cooking,cooked cabbage can smell stronger after longer cooking,Heat changes sulfur-containing compounds and their release.,Heat changes sulfur-containing compounds and their release.,The specific product construction or system described by the primary source; not all designs.,Global where this design is used; verify local requirements before naming a rule.,"Film cooked cabbage can smell stronger after longer cooking; start with the visible detail, then a different close-up of the same object.",Trace volatile compounds leaving heated cabbage.,pending_review,,"{""recognition"": 3, ""overlooked_detail"": 3, ""payoff"": 3, ""evidence"": 0, ""visuals"": 3}",,"[{""url"": ""https://apps.extension.umn.edu/agriculture/nutrient-management/docs/MVTL-sulfur-2011.pdf"", ""publisher"": ""extension.umn.edu""}, {""url"": ""https://blog-crop-news.extension.umn.edu/2026/06/corn-rootworm-egg-hatch-begins-in.html"", ""publisher"": ""extension.umn.edu""}, {""url"": ""https://blog-crop-news.extension.umn.edu/2016/05/the-three-biggies-urea-anhydrous.html?m=1"", ""publisher"": ""extension.umn.edu""}]",cans,mechanism-64d4ddf4a148755a
food-047,food,shopping,Why carrots soften when cooked but potatoes change differently,carrots soften when cooked but potatoes change differently,Cell-wall changes and starch behaviour contribute differently to vegetable texture.,Cell-wall changes and starch behaviour contribute differently to vegetable texture.,The specific product construction or system described by the primary source; not all designs.,Global where this design is used; verify local requirements before naming a rule.,"Film carrots soften when cooked but potatoes change differently; start with the visible detail, then a different close-up of the same object.",Compare cell walls and starch granules.,pending_review,,"{""recognition"": 3, ""overlooked_detail"": 3, ""payoff"": 3, ""evidence"": 0, ""visuals"": 3}",,"[{""url"": ""https://annex.exploratorium.edu/cooking/icooks/12-08-03.html"", ""publisher"": ""exploratorium.edu""}, {""url"": ""https://annex.exploratorium.edu/cooking/icooks/09-08-03.html"", ""publisher"": ""exploratorium.edu""}, {""url"": ""https://annex.exploratorium.edu/cooking/icooks/04-7-03.html"", ""publisher"": ""exploratorium.edu""}]",carrots-soften-when-cooked-but-potatoes-change-differently,mechanism-360dbce8e359fde9
food-048,food,shopping,Why pasta water turns cloudy,pasta water turns cloudy,Surface starch is released into the cooking water.,Surface starch is released into the cooking water.,The specific product construction or system described by the primary source; not all designs.,Global where this design is used; verify local requirements before naming a rule.,"Film pasta water turns cloudy; start with the visible detail, then a different close-up of the same object.",Show starch moving from pasta to water.,pending_review,,"{""recognition"": 3, ""overlooked_detail"": 3, ""payoff"": 3, ""evidence"": 0, ""visuals"": 3}",,"[{""url"": ""https://www.barilla.com/en-ca/recipe/all/barilla-cellentani-pasta-alla-gricia"", ""publisher"": ""barilla.com""}, {""url"": ""https://www.barilla.com/en-us/products/pasta/al-bronzo/mezzi-rigatoni"", ""publisher"": ""barilla.com""}, {""url"": ""https://www.barilla.com/en-us/products/pasta/al-bronzo/penne-rigate"", ""publisher"": ""barilla.com""}]",pasta-water-turns-cloudy,mechanism-2edc305b96056d43
food-049,food,shopping,Why a sauce thickens when you add starchy pasta water,a sauce thickens when you add starchy pasta water,Dispersed starch and mixing can help give the liquid phase body and stabilize the sauce.,Dispersed starch and mixing can help give the liquid phase body and stabilize the sauce.,The specific product construction or system described by the primary source; not all designs.,Global where this design is used; verify local requirements before naming a rule.,"Film a sauce thickens when you add starchy pasta water; start with the visible detail, then a different close-up of the same object.",Magnify starch within a mixed sauce.,pending_review,,"{""recognition"": 3, ""overlooked_detail"": 3, ""payoff"": 3, ""evidence"": 0, ""visuals"": 3}",,"[{""url"": ""https://www.barilla.com/en-us/help-with/pasta-kitchen-tips/pasta-water-tips-tricks"", ""publisher"": ""barilla.com""}, {""url"": ""https://www.barilla.com/en-us/help-with/pasta-kitchen-tips/how-to-cook-pasta"", ""publisher"": ""barilla.com""}, {""url"": ""https://www.barilla.com/en-us/recipe/all/barilla-penne-one-pot-shrimp-fajita-pasta"", ""publisher"": ""barilla.com""}]",a-sauce-thickens-when-you-add-starchy-pasta-water,mechanism-ce27b56c157593e9
food-050,food,shopping,Why one kind of rice stays loose while another clumps,one kind of rice stays loose while another clumps,"The starch composition of rice, including amylose content, influences how firm and sticky the cooked grains become.",Starch composition and released surface starch influence grain adhesion.,Comparisons among rice varieties; starch composition is one influence alongside cooking conditions.,Global where the specified design is used,"Film rice becomes sticky while it cooks; start with the visible detail, then a different close-up of the same object.",Compare contacting grains with different starch layers.,reviewed,"{""reviewed_at"": ""2026-09-16T15:21:38.468974+00:00"", ""method"": ""Editorial comparison of stated mechanism with retrieved primary text"", ""finding"": ""The starch composition of rice, including amylose content, influences how firm and sticky the cooked grains become."", ""scope"": ""Comparisons among rice varieties; starch composition is one influence alongside cooking conditions.""}","{""recognition"": 3, ""overlooked_detail"": 3, ""payoff"": 3, ""evidence"": 3, ""visuals"": 3}",,"[{""url"": ""https://isl.irri.org/services/rice-plant-grain-and-soil-physico-chemical-analyses/aac"", ""publisher"": ""irri.org"", ""passage"": ""Amylose is responsible not only for the way cooked rice hardens on cooling (retrogradation) but also for its firmness and stickiness."", ""retrieved_at"": ""2026-09-16T05:10:09.337006+00:00""}]",one-kind-of-rice-stays-loose-while-another-clumps,mechanism-60dfb3982d028750
food-051,food,shopping,Why popcorn leaves a few kernels unpopped,popcorn leaves a few kernels unpopped,Popping depends on suitable internal moisture and an intact pressure-containing hull.,Popping depends on suitable internal moisture and an intact pressure-containing hull.,The specific product construction or system described by the primary source; not all designs.,Global where this design is used; verify local requirements before naming a rule.,"Film popcorn leaves a few kernels unpopped; start with the visible detail, then a different close-up of the same object.",Compare pressure build-up in three kernels.,pending_review,,"{""recognition"": 3, ""overlooked_detail"": 3, ""payoff"": 3, ""evidence"": 0, ""visuals"": 3}",,"[{""url"": ""https://www.popcorn.org/Recipes/Preparing-Perfect-Popcorn"", ""publisher"": ""popcorn.org""}, {""url"": ""https://www.popcorn.org/All-About-Popcorn/From-Seed-to-Snack"", ""publisher"": ""popcorn.org""}, {""url"": ""https://www.popcorn.org/All-About-Popcorn/What-Makes-Popcorn-Pop"", ""publisher"": ""popcorn.org""}]",popcorn-leaves-a-few-kernels-unpopped,mechanism-5b465d449b4a221b
food-052,food,shopping,Why roasted almonds smell different from raw ones,roasted almonds smell different from raw ones,"Roasting almonds creates new aroma compounds through reactions involving sugars and proteins, rather than only removing water.",Heating drives aroma-producing reactions beyond simple water removal.,Roasted-almond example; omit a universal reaction-temperature threshold or claims about all nuts.,Global where the specified design is used,"Film toasted nuts smell different from raw nuts; start with the visible detail, then a different close-up of the same object.",Show precursors changing into volatile aromas.,reviewed,"{""reviewed_at"": ""2026-09-16T15:21:38.470433+00:00"", ""method"": ""Editorial comparison of stated mechanism with retrieved primary text"", ""finding"": ""Roasting almonds creates new aroma compounds through reactions involving sugars and proteins, rather than only removing water."", ""scope"": ""Roasted-almond example; omit a universal reaction-temperature threshold or claims about all nuts.""}","{""recognition"": 3, ""overlooked_detail"": 3, ""payoff"": 3, ""evidence"": 3, ""visuals"": 3}",,"[{""url"": ""https://www.almonds.com/sites/default/files/2021-01/FoodPairing.com%20White%20Paper_The%20Science%20Behind%20Great%20Almond%20Pairings.pdf"", ""publisher"": ""almonds.com"", ""passage"": ""roasting almonds the composition of the aroma profile changes due to chemical reactions"", ""retrieved_at"": ""2026-09-16T05:10:16.162231+00:00""}]",roasted-almonds-smell-different-from-raw-ones,mechanism-42d6f68fe986b9e5
food-053,food,shopping,Why roasted potatoes brown better after their surface dries,roasted potatoes brown better after their surface dries,Surface water limits temperature until enough has evaporated for stronger browning.,Surface water limits temperature until enough has evaporated for stronger browning.,The specific product construction or system described by the primary source; not all designs.,Global where this design is used; verify local requirements before naming a rule.,"Film roasted potatoes brown better after their surface dries; start with the visible detail, then a different close-up of the same object.",Compare wet and dry potato surfaces heating.,pending_review,,"{""recognition"": 3, ""overlooked_detail"": 3, ""payoff"": 3, ""evidence"": 0, ""visuals"": 3}",,"[{""url"": ""https://potatoesusa.com/wp-content/uploads/2020/02/POTIN190510_AppGuide_Composition_F_Web.pdf"", ""publisher"": ""potatoesusa.com""}, {""url"": ""https://potatoesusa.com/wp-content/uploads/2020/02/POTIN190510_AppGuide_Cookies_F_Web.pdf"", ""publisher"": ""potatoesusa.com""}, {""url"": ""https://potatoesusa.com/wp-content/uploads/Fresh-Potato-Reference-Guide.pdf"", ""publisher"": ""potatoesusa.com""}]",roasted-potatoes-brown-better-after-their-surface-dries,mechanism-115c80ef99136fe4
food-054,food,shopping,Why frozen vegetables release water when thawed,frozen vegetables release water when thawed,Ice formation can damage cellular structures and alter water retention.,Ice formation can damage cellular structures and alter water retention.,The specific product construction or system described by the primary source; not all designs.,Global where this design is used; verify local requirements before naming a rule.,"Film frozen vegetables release water when thawed; start with the visible detail, then a different close-up of the same object.",Show crystals disrupting vegetable cells.,pending_review,,"{""recognition"": 3, ""overlooked_detail"": 3, ""payoff"": 3, ""evidence"": 0, ""visuals"": 3}",,"[{""url"": ""https://extension.umn.edu/food/preparing/cooking-at-home/food-preservation/freezing"", ""publisher"": ""extension.umn.edu""}, {""url"": ""https://extension.umn.edu/food/preparing/cooking-at-home/food-preservation/blanching-vegetables"", ""publisher"": ""extension.umn.edu""}, {""url"": ""https://extension.umn.edu/food/preparing/cooking-at-home/food-preservation/freeze-drying"", ""publisher"": ""extension.umn.edu""}]",frozen-vegetables-release-water-when-thawed,mechanism-28ce4008ccb195a8
food-055,food,shopping,Why lettuce goes limp before it looks spoiled,lettuce goes limp before it looks spoiled,Water loss lowers cell turgor and reduces crispness.,Water loss lowers cell turgor and reduces crispness.,The specific product construction or system described by the primary source; not all designs.,Global where this design is used; verify local requirements before naming a rule.,"Film lettuce goes limp before it looks spoiled; start with the visible detail, then a different close-up of the same object.",Compare swollen and water-depleted cells.,pending_review,,"{""recognition"": 3, ""overlooked_detail"": 3, ""payoff"": 3, ""evidence"": 0, ""visuals"": 3}",,"[{""url"": ""https://postharvest.ucdavis.edu/produce-facts-sheets/lettuce-romaine"", ""publisher"": ""ucdavis.edu""}, {""url"": ""https://postharvest.ucdavis.edu/produce-facts-sheets/lettuce-crisphead"", ""publisher"": ""ucdavis.edu""}, {""url"": ""https://labs.plb.ucdavis.edu/courses/bis/1c/text/Chapter11nf.pdf"", ""publisher"": ""ucdavis.edu""}]",lettuce-goes-limp-before-it-looks-spoiled,mechanism-e514e5d3eea30d4c
food-056,food,shopping,Why mushrooms shrink so much in the pan,mushrooms shrink so much in the pan,Water loss reduces volume as the tissues cook.,Water loss reduces volume as the tissues cook.,The specific product construction or system described by the primary source; not all designs.,Global where this design is used; verify local requirements before naming a rule.,"Film mushrooms shrink so much in the pan; start with the visible detail, then a different close-up of the same object.",Trace water leaving a mushroom cross-section.,pending_review,,"{""recognition"": 3, ""overlooked_detail"": 3, ""payoff"": 3, ""evidence"": 0, ""visuals"": 3}",,"[{""url"": ""https://www.mushroomcouncil.com/articles/kitchen-tip-how-to-saute-mushrooms/"", ""publisher"": ""mushroomcouncil.com""}, {""url"": ""https://www.mushroomcouncil.com/wp-content/uploads/2021/02/AromaFlavorProfile.pdf"", ""publisher"": ""mushroomcouncil.com""}, {""url"": ""https://www.mushroomcouncil.com/wp-content/uploads/2021/02/Consumer-acceptance-of-egg-white-partially-substituted-with-mushrooms-and-mushroom-egg-white-flavor-pairing.pdf"", ""publisher"": ""mushroomcouncil.com""}]",cooking-pans,mechanism-c24594b207be8fde
food-057,food,shopping,Why meat can look brown inside its packaging,meat can look brown inside its packaging,Myoglobin colour depends on its chemical state and oxygen exposure.,Myoglobin colour depends on its chemical state and oxygen exposure.,The specific product construction or system described by the primary source; not all designs.,Global where this design is used; verify local requirements before naming a rule.,"Film meat can look brown inside its packaging; start with the visible detail, then a different close-up of the same object.",Compare three labelled pigment states.,pending_review,,"{""recognition"": 3, ""overlooked_detail"": 3, ""payoff"": 3, ""evidence"": 0, ""visuals"": 3}",,"[{""url"": ""https://www.fsis.usda.gov/food-safety/safe-food-handling-and-preparation/food-safety-basics/color-meat-and-poultry"", ""publisher"": ""fsis.usda.gov""}, {""url"": ""https://ask.fsis.usda.gov/article/What-determines-the-color-of-meat"", ""publisher"": ""fsis.usda.gov""}, {""url"": ""https://www.fsis.usda.gov/food-safety/safe-food-handling-and-preparation/meat-fish/color-cooked-ground-beef-it-relates"", ""publisher"": ""fsis.usda.gov""}]",cans,mechanism-4798138b5c5da0c0
food-058,food,shopping,Why meat releases liquid while resting,meat releases liquid while resting,Heat and structural changes alter water retention and redistribute liquid.,Heat and structural changes alter water retention and redistribute liquid.,The specific product construction or system described by the primary source; not all designs.,Global where this design is used; verify local requirements before naming a rule.,"Film meat releases liquid while resting; start with the visible detail, then a different close-up of the same object.",Show moisture paths in a cooked cross-section.,pending_review,,"{""recognition"": 3, ""overlooked_detail"": 3, ""payoff"": 3, ""evidence"": 0, ""visuals"": 3}",,"[{""url"": ""https://annex.exploratorium.edu/cooking/meat/INT-what-is-meat.html"", ""publisher"": ""exploratorium.edu""}, {""url"": ""https://annex.exploratorium.edu/cooking/icooks/01-12-04.html"", ""publisher"": ""exploratorium.edu""}, {""url"": ""https://annex.exploratorium.edu/cooking/meat/activity-fat.html"", ""publisher"": ""exploratorium.edu""}]",meat-releases-liquid-while-resting,mechanism-26cadf05cb219f2a
food-059,food,shopping,Why ground meat browns differently when the pan is crowded,ground meat browns differently when the pan is crowded,Extra released water and limited heat input can favour steaming over surface browning.,Extra released water and limited heat input can favour steaming over surface browning.,The specific product construction or system described by the primary source; not all designs.,Global where this design is used; verify local requirements before naming a rule.,"Film ground meat browns differently when the pan is crowded; start with the visible detail, then a different close-up of the same object.",Compare pan temperature with two load sizes.,pending_review,,"{""recognition"": 3, ""overlooked_detail"": 3, ""payoff"": 3, ""evidence"": 0, ""visuals"": 3}",,"[{""url"": ""https://www.beefitswhatsfordinner.com/recipes/recipe/225/beef-vegetable-fried-rice"", ""publisher"": ""beefitswhatsfordinner.com""}, {""url"": ""https://www.beefitswhatsfordinner.com/recipes/recipe/2966/beef-pot-stickers-with-dipping-sauces"", ""publisher"": ""beefitswhatsfordinner.com""}, {""url"": ""https://www.beefitswhatsfordinner.com/recipes/recipe/1351/country-fried-steaks-with-tomato-basil-sauce"", ""publisher"": ""beefitswhatsfordinner.com""}]",cooking-pans,mechanism-d9b13a3711062157
food-060,food,shopping,Why oil spits when wet food enters the pan,oil spits when wet food enters the pan,Water rapidly vaporizes beneath or among hot oil and displaces it.,Water rapidly vaporizes beneath or among hot oil and displaces it.,The specific product construction or system described by the primary source; not all designs.,Global where this design is used; verify local requirements before naming a rule.,"Film oil spits when wet food enters the pan; start with the visible detail, then a different close-up of the same object.",Show a water droplet expanding into vapour.,pending_review,,"{""recognition"": 3, ""overlooked_detail"": 3, ""payoff"": 3, ""evidence"": 0, ""visuals"": 3}",,"[{""url"": ""https://pubs.acs.org/doi/10.1021/ed086p1281"", ""publisher"": ""acs.org""}, {""url"": ""https://pubs.acs.org/chreay/article/110/4/2313/247070/Molecular-Gastronomy-A-New-Emerging-Scientific"", ""publisher"": ""acs.org""}, {""url"": ""https://pubs.acs.org/doi/10.1021/la0115942"", ""publisher"": ""acs.org""}]",cooking-pans,mechanism-e0838dca25117dd9
food-061,food,shopping,Why a pan of oil shimmers before it smokes,a pan of oil shimmers before it smokes,Temperature-driven flow and refractive-index changes distort reflected light.,Temperature-driven flow and refractive-index changes distort reflected light.,The specific product construction or system described by the primary source; not all designs.,Global where this design is used; verify local requirements before naming a rule.,"Film a pan of oil shimmers before it smokes; start with the visible detail, then a different close-up of the same object.",Trace rays through moving warm oil.,pending_review,,"{""recognition"": 3, ""overlooked_detail"": 3, ""payoff"": 3, ""evidence"": 0, ""visuals"": 3}",,"[{""url"": ""https://physics.org/"", ""publisher"": ""physics.org"", ""research_lead_only"": true}]",cooking-pans,mechanism-9487dbfa4d9824e6
food-062,food,shopping,Why salt makes sliced cucumbers release water,salt makes sliced cucumbers release water,A concentration difference drives water movement out of the tissue.,A concentration difference drives water movement out of the tissue.,"Osmosis in salted vegetables; this is an explanation, not a preservation or food-safety procedure.",Global where the specified design is used,"Film salt makes sliced cucumbers release water; start with the visible detail, then a different close-up of the same object.",Compare water movement across cucumber cells.,reviewed,"{""reviewed_at"": ""2026-09-16T15:21:38.470433+00:00"", ""method"": ""Editorial comparison of stated mechanism with retrieved primary text"", ""finding"": ""A concentration difference drives water movement out of the tissue."", ""scope"": ""Osmosis in salted vegetables; this is an explanation, not a preservation or food-safety procedure.""}","{""recognition"": 3, ""overlooked_detail"": 3, ""payoff"": 3, ""evidence"": 3, ""visuals"": 3}",,"[{""url"": ""https://annex.exploratorium.edu/cooking/pickles/salt.html"", ""publisher"": ""exploratorium.edu"", ""passage"": ""the salty brine solution has a lower water concentration than the water inside fresh vegetables, so water will flow out of the vegetables."", ""retrieved_at"": ""2026-09-16T05:10:31.857382+00:00""}]",salt-makes-sliced-cucumbers-release-water,mechanism-a1d6191173e3c017
food-063,food,shopping,Why dried fruit grows larger after soaking,dried fruit grows larger after soaking,Water enters the dehydrated tissue and rehydrates its structure.,Water enters the dehydrated tissue and rehydrates its structure.,The specific product construction or system described by the primary source; not all designs.,Global where this design is used; verify local requirements before naming a rule.,"Film dried fruit grows larger after soaking; start with the visible detail, then a different close-up of the same object.",Expand a raisin cross-section as water enters.,pending_review,,"{""recognition"": 3, ""overlooked_detail"": 3, ""payoff"": 3, ""evidence"": 0, ""visuals"": 3}",,"[{""url"": ""https://annex.exploratorium.edu/cooking/candy/rock-pop.html"", ""publisher"": ""exploratorium.edu""}, {""url"": ""https://annex.exploratorium.edu/frogs/woodfrog/woodfrog_4.html"", ""publisher"": ""exploratorium.edu""}, {""url"": ""https://www.exploratorium.edu/sites/default/files/stem/AgarCellDiffusion.pdf"", ""publisher"": ""exploratorium.edu""}]",dried-fruit-grows-larger-after-soaking,mechanism-b694f21f580bbb81
food-064,food,shopping,Why jam can set without becoming solid sugar,jam can set without becoming solid sugar,Pectin can form a water-holding network under suitable formulation conditions.,Pectin can form a water-holding network under suitable formulation conditions.,The specific product construction or system described by the primary source; not all designs.,Global where this design is used; verify local requirements before naming a rule.,"Film jam can set without becoming solid sugar; start with the visible detail, then a different close-up of the same object.",Build a pectin network around liquid.,pending_review,,"{""recognition"": 3, ""overlooked_detail"": 3, ""payoff"": 3, ""evidence"": 0, ""visuals"": 3}",,"[{""url"": ""https://es.extension.umn.edu/food/preparing/cooking-at-home/food-preservation/fruit-spreads"", ""publisher"": ""extension.umn.edu""}, {""url"": ""https://extension.umn.edu/preserving-and-preparing/gooseberry-jelly-made-wild-fruit"", ""publisher"": ""extension.umn.edu""}, {""url"": ""https://extension.umn.edu/food/preparing/cooking-at-home/food-preservation/pickling"", ""publisher"": ""extension.umn.edu""}]",sugar,mechanism-211173c7088e6329
food-065,food,shopping,Why tomato sauce sticks to some plastic containers,tomato sauce sticks to some plastic containers,Oil-soluble pigments can associate with compatible plastic surfaces.,Oil-soluble pigments can associate with compatible plastic surfaces.,The specific product construction or system described by the primary source; not all designs.,Global where this design is used; verify local requirements before naming a rule.,"Film tomato sauce sticks to some plastic containers; start with the visible detail, then a different close-up of the same object.",Compare pigment movement into plastic and glass surfaces.,pending_review,,"{""recognition"": 3, ""overlooked_detail"": 3, ""payoff"": 3, ""evidence"": 0, ""visuals"": 3}",,"[{""url"": ""https://pubs.acs.org/doi/10.1021/jf0257143"", ""publisher"": ""acs.org""}, {""url"": ""https://pubs.acs.org/jafcau/article-pdf/50/25/7488/39738275/jf0257143.pdf"", ""publisher"": ""acs.org""}, {""url"": ""https://pubs.acs.org/doi/abs/10.1021/jf0257143"", ""publisher"": ""acs.org""}]",tomato-sauce-sticks-to-some-plastic-containers,mechanism-8a5aaf52da35675a
packaging-001,packaging,shopping,Why a coffee bag has a tiny round valve,a coffee bag has a tiny round valve,A one-way valve releases gas from coffee while limiting outside air entry.,The tiny valve lets the bag release gas without behaving like a permanently open hole.,One-way degassing valves on coffee packaging; do not claim they remove all oxygen already inside.,Global where the specified design is used,"Film a coffee bag has a tiny round valve; start with the visible detail, then a different close-up of the same object.",Cut away a valve opening under internal pressure.,reviewed,"{""reviewed_at"": ""2026-09-16T05:16:33.318089+00:00"", ""method"": ""Editorial comparison of stated mechanism with retrieved primary text"", ""finding"": ""A one-way valve releases gas from coffee while limiting outside air entry."", ""scope"": ""One-way degassing valves on coffee packaging; do not claim they remove all oxygen already inside.""}","{""recognition"": 3, ""overlooked_detail"": 4, ""payoff"": 4, ""evidence"": 3, ""visuals"": 3}",,"[{""url"": ""https://www.goglio.it/go-cont/uploads/2026/02/2024_SUSTAINABILITY-REPORT_eng.pdf"", ""publisher"": ""goglio.it"", ""passage"": ""allowing gas to escape from inside the package while simultaneously preventing its entry"", ""retrieved_at"": ""2026-09-16T05:14:51.308121+00:00""}]",a-coffee-bag-has-a-tiny-round-valve,mechanism-44c2f4d7dc390a15
packaging-002,packaging,shopping,Why a crisp packet contains so much gas,a crisp packet contains so much gas,A protective atmosphere can limit oxidation and cushion the contents.,A protective atmosphere can limit oxidation and cushion the contents.,The specific product construction or system described by the primary source; not all designs.,Global where this design is used; verify local requirements before naming a rule.,"Film a crisp packet contains so much gas; start with the visible detail, then a different close-up of the same object.",Show chips inside a gas-filled package.,pending_review,,"{""recognition"": 3, ""overlooked_detail"": 3, ""payoff"": 3, ""evidence"": 0, ""visuals"": 3}",,"[{""url"": ""https://www.airproducts.com/-/media/files/en/influence-and-control-of-gases-and-blends-during-sintering-of-carbon-steel-parts.pdf"", ""publisher"": ""airproducts.com""}, {""url"": ""https://microsites.airproducts.com/nl/map_selector/results/freshandpreparedfruitandvegetableproducts.htm"", ""publisher"": ""airproducts.com""}, {""url"": ""https://microsites.airproducts.com/ae/expert/ask_the_experts/controlling_gas_flow_rates.htm"", ""publisher"": ""airproducts.com""}]",a-crisp-packet-contains-so-much-gas,mechanism-097d34e1b54422ba
packaging-003,packaging,shopping,Why drink cartons have layers you cannot see,drink cartons have layers you cannot see,"Different layers provide structure, sealing and barriers to light or gases.","Different layers provide structure, sealing and barriers to light or gases.",The described Tetra Pak carton construction; some newer cartons use different barrier layers.,Global where the specified design is used,"Film drink cartons have layers you cannot see; start with the visible detail, then a different close-up of the same object.",Peel apart a carton cross-section.,reviewed,"{""reviewed_at"": ""2026-09-16T05:16:33.318089+00:00"", ""method"": ""Editorial comparison of stated mechanism with retrieved primary text"", ""finding"": ""Different layers provide structure, sealing and barriers to light or gases."", ""scope"": ""The described Tetra Pak carton construction; some newer cartons use different barrier layers.""}","{""recognition"": 3, ""overlooked_detail"": 3, ""payoff"": 3, ""evidence"": 3, ""visuals"": 3}",,"[{""url"": ""https://www.tetrapak.com/sustainability/carton-equity/food-protection"", ""publisher"": ""tetrapak.com"", ""passage"": ""Cartons are designed with a multi-layer protective structure"", ""retrieved_at"": ""2026-09-16T05:14:44.476252+00:00""}]",drink-cartons-have-layers-you-cannot-see,mechanism-0aa2948151374143
packaging-004,packaging,shopping,Why a juice carton can fold flat along specific lines,a juice carton can fold flat along specific lines,"Pre-made creases guide folding in layered paperboard packaging, so the folding lines can exist before the carton is filled.",The fold positions are built into the material before it becomes a filled carton.,Layered paperboard packaging studied by DTU and Tetra Pak; folding behavior depends on material and direction.,Global where the specified design is used,Flatten an empty cleaned carton and trace its existing fold lines in an overhead shot.,"Unfold a simple carton into a flat net, highlight pre-made creases, then refold along them.",reviewed,"{""reviewed_at"": ""2026-09-17T03:38:27.773578+00:00"", ""method"": ""Editorial comparison of stated mechanism with retrieved primary text"", ""finding"": ""Pre-made creases guide folding in layered paperboard packaging, so the folding lines can exist before the carton is filled."", ""scope"": ""Layered paperboard packaging studied by DTU and Tetra Pak; folding behavior depends on material and direction.""}","{""recognition"": 3, ""overlooked_detail"": 3, ""payoff"": 3, ""evidence"": 3, ""visuals"": 4}",,"[{""url"": ""https://3dim-industry-portal.dtu.dk/cases-menu/imaging-analysis-during-dynamic-processes/folding-of-packaging-materials"", ""publisher"": ""dtu.dk"", ""passage"": ""crease lines are made on the paper board before lamination of additional layers."", ""retrieved_at"": ""2026-09-17T03:37:32.644646+00:00""}]",cans,mechanism-a41a1683d9cff725
packaging-005,packaging,shopping,Why carton caps sometimes stay attached after opening,carton caps sometimes stay attached after opening,Tethered closures keep the cap connected through a designed hinge or strap.,Tethered closures keep the cap connected through a designed hinge or strap.,Tetra Pak TwistCap OSO 34 Pro example; do not generalize the hinge construction to every tethered closure.,Global where the specified design is used,"Film carton caps sometimes stay attached after opening; start with the visible detail, then a different close-up of the same object.",Show a closure rotating around its tether.,reviewed,"{""reviewed_at"": ""2026-09-16T05:16:33.318089+00:00"", ""method"": ""Editorial comparison of stated mechanism with retrieved primary text"", ""finding"": ""Tethered closures keep the cap connected through a designed hinge or strap."", ""scope"": ""Tetra Pak TwistCap OSO 34 Pro example; do not generalize the hinge construction to every tethered closure.""}","{""recognition"": 3, ""overlooked_detail"": 3, ""payoff"": 3, ""evidence"": 3, ""visuals"": 3}",,"[{""url"": ""https://www.tetrapak.com/en-gb/solutions/packaging/openings-and-closures/tethered-caps"", ""publisher"": ""tetrapak.com"", ""passage"": ""tethered strings that keep the lid attached to the package"", ""retrieved_at"": ""2026-09-16T05:14:51.968231+00:00""}]",carton-caps-sometimes-stay-attached-after-opening,mechanism-793f60919aa14bfc
packaging-006,packaging,shopping,Why a bottle cap leaves a ring on the neck,a bottle cap leaves a ring on the neck,Frangible bridges break while the retention ring stays below a neck feature.,Frangible bridges break while the retention ring stays below a neck feature.,The specific product construction or system described by the primary source; not all designs.,Global where this design is used; verify local requirements before naming a rule.,"Film a bottle cap leaves a ring on the neck; start with the visible detail, then a different close-up of the same object.",Cut away the ring during first opening.,pending_review,,"{""recognition"": 3, ""overlooked_detail"": 3, ""payoff"": 3, ""evidence"": 0, ""visuals"": 3}",,"[{""url"": ""https://bericap.com/food/landingpage-edible-oil/"", ""publisher"": ""bericap.com""}, {""url"": ""https://bericap.com/wp-content/uploads/2022/07/20190201-bericap-press-release-packaging-innovation.pdf"", ""publisher"": ""bericap.com""}, {""url"": ""https://bericap.com/beverages/landingpage-sport-caps/"", ""publisher"": ""bericap.com""}]",bottles,mechanism-4f149114863c7a0e
packaging-007,packaging,shopping,Why a bottle cap clicks before it finally comes off,a bottle cap clicks before it finally comes off,Thread and tamper-band features can release in stages depending on closure design.,Thread and tamper-band features can release in stages depending on closure design.,The specific product construction or system described by the primary source; not all designs.,Global where this design is used; verify local requirements before naming a rule.,"Film a bottle cap clicks before it finally comes off; start with the visible detail, then a different close-up of the same object.",Show the threads and bridges during unscrewing.,pending_review,,"{""recognition"": 3, ""overlooked_detail"": 3, ""payoff"": 3, ""evidence"": 0, ""visuals"": 3}",,"[{""url"": ""https://bericap.com/product/safeguard-29-20-mag-gl/"", ""publisher"": ""bericap.com""}, {""url"": ""https://bericap.com/product/hc-ev-28-27-pco-1881/"", ""publisher"": ""bericap.com""}, {""url"": ""https://bericap.com/food/landingpage-edible-oil/"", ""publisher"": ""bericap.com""}]",bottles,mechanism-2a2e54e8267b4456
packaging-008,packaging,shopping,Why a sauce bottle can dispense through a slit without dripping,a sauce bottle can dispense through a slit without dripping,An elastomer valve opens under pressure and closes when the pressure is removed.,An elastomer valve opens under pressure and closes when the pressure is removed.,The specific product construction or system described by the primary source; not all designs.,Global where this design is used; verify local requirements before naming a rule.,"Film a sauce bottle can dispense through a slit without dripping; start with the visible detail, then a different close-up of the same object.",Animate a slit valve flexing open.,pending_review,,"{""recognition"": 3, ""overlooked_detail"": 3, ""payoff"": 3, ""evidence"": 0, ""visuals"": 3}",,"[{""url"": ""https://www.aptar.com/en-us/closures/flow-control/"", ""publisher"": ""aptar.com""}, {""url"": ""https://www.aptar.com/en-us/products/polkalite-flip-top-closure"", ""publisher"": ""aptar.com""}, {""url"": ""https://aptar.com/en-us/closures/flow-control"", ""publisher"": ""aptar.com""}]",bottles,mechanism-9e9d11ec5894d77a
packaging-009,packaging,shopping,Why some pump bottles refuse to work on the first press,some pump bottles refuse to work on the first press,The pump must prime by moving air out and liquid into its chamber.,The pump must prime by moving air out and liquid into its chamber.,"Displacement spray pumps needing initial priming; use a generic pump cutaway, not dosing advice.",Global where the specified design is used,"Film some pump bottles refuse to work on the first press; start with the visible detail, then a different close-up of the same object.",Trace the first few pump strokes.,reviewed,"{""reviewed_at"": ""2026-09-16T05:16:33.319093+00:00"", ""method"": ""Editorial comparison of stated mechanism with retrieved primary text"", ""finding"": ""The pump must prime by moving air out and liquid into its chamber."", ""scope"": ""Displacement spray pumps needing initial priming; use a generic pump cutaway, not dosing advice.""}","{""recognition"": 3, ""overlooked_detail"": 3, ""payoff"": 3, ""evidence"": 3, ""visuals"": 3}",,"[{""url"": ""https://aptar.com/wp-content/uploads/2022/04/Overview-of-Intranasal-drug-administration-using-multi-dose-nasal-spray-pumps.pdf"", ""publisher"": ""aptar.com"", ""passage"": ""priming strokes is required to purge the air off the system and dip tube"", ""retrieved_at"": ""2026-09-16T05:14:58.407116+00:00""}]",bottles,mechanism-b6c609f88db64455
packaging-010,packaging,shopping,Why a lotion pump delivers a similar amount each time,a lotion pump delivers a similar amount each time,A metering chamber displaces a limited volume per completed stroke.,A metering chamber displaces a limited volume per completed stroke.,The specific product construction or system described by the primary source; not all designs.,Global where this design is used; verify local requirements before naming a rule.,"Film a lotion pump delivers a similar amount each time; start with the visible detail, then a different close-up of the same object.",Fill and empty a labelled pump chamber.,pending_review,,"{""recognition"": 3, ""overlooked_detail"": 3, ""payoff"": 3, ""evidence"": 0, ""visuals"": 3}",,"[{""url"": ""https://www.aptar.com/en-us/pharmaceutical/technologies/airless?cp-prod-production_crawler_com_products%5BhierarchicalMenu%5D%5Bfeatures_technologies.lvl0%5D%5B0%5D=Resin+Conversion&cp-prod-production_crawler_com_products%5Bpage%5D=1"", ""publisher"": ""aptar.com""}, {""url"": ""https://aptar.com/en-us/products/metropolitan-versatile-cosmetic-pump"", ""publisher"": ""aptar.com""}, {""url"": ""https://www.aptar.com/en-us/pharmaceutical/delivery-routes/dermal"", ""publisher"": ""aptar.com""}]",dispensing-pumps,mechanism-297fbf1d757998c4
packaging-011,packaging,shopping,Why an airless cream bottle has a moving base,an airless cream bottle has a moving base,A piston follows the product upward without requiring air to replace it inside the product chamber.,The container can move its own floor instead of pulling cream through a conventional dip tube.,Show the piston version of airless packaging; bag-in-bottle designs work differently.,Global where the specified design is used,"Film an airless cream bottle has a moving base; start with the visible detail, then a different close-up of the same object.",Raise the piston as the pump dispenses.,reviewed,"{""reviewed_at"": ""2026-09-16T05:16:33.319093+00:00"", ""method"": ""Editorial comparison of stated mechanism with retrieved primary text"", ""finding"": ""A piston follows the product upward without requiring air to replace it inside the product chamber."", ""scope"": ""Show the piston version of airless packaging; bag-in-bottle designs work differently.""}","{""recognition"": 3, ""overlooked_detail"": 4, ""payoff"": 4, ""evidence"": 3, ""visuals"": 3}",,"[{""url"": ""https://aptar.com/en-us/beauty/airless-packaging"", ""publisher"": ""aptar.com"", ""passage"": ""using a piston or bag-in-bottle inner system that pushes the formula upwards"", ""retrieved_at"": ""2026-09-16T05:14:57.732580+00:00""}]",bottles,mechanism-6cec14d2557c33e6
packaging-012,packaging,shopping,Why a spray bottle stops working when tilted too far,a spray bottle stops working when tilted too far,The dip-tube inlet can move above the liquid unless the design accommodates other orientations.,The dip-tube inlet can move above the liquid unless the design accommodates other orientations.,The specific product construction or system described by the primary source; not all designs.,Global where this design is used; verify local requirements before naming a rule.,"Film a spray bottle stops working when tilted too far; start with the visible detail, then a different close-up of the same object.",Tilt the liquid surface away from the tube.,pending_review,,"{""recognition"": 3, ""overlooked_detail"": 3, ""payoff"": 3, ""evidence"": 0, ""visuals"": 3}",,"[{""url"": ""https://silgan-dispensing.com/"", ""publisher"": ""silgan-dispensing.com"", ""research_lead_only"": true}]",spray-bottles,mechanism-86ee5e6262402946
packaging-013,packaging,shopping,Why a trigger spray has two one-way valves,a trigger spray has two one-way valves,Separate valves coordinate intake and discharge during the pump cycle.,Separate valves coordinate intake and discharge during the pump cycle.,The specific product construction or system described by the primary source; not all designs.,Global where this design is used; verify local requirements before naming a rule.,"Film a trigger spray has two one-way valves; start with the visible detail, then a different close-up of the same object.",Colour the intake and discharge strokes.,pending_review,,"{""recognition"": 3, ""overlooked_detail"": 3, ""payoff"": 3, ""evidence"": 0, ""visuals"": 3}",,"[{""url"": ""https://silgan-dispensing.com/"", ""publisher"": ""silgan-dispensing.com"", ""research_lead_only"": true}]",spray-bottles,mechanism-a1b3051edf42c9f1
packaging-014,packaging,shopping,Why aerosol cans keep spraying after a quick shake,aerosol cans keep spraying after a quick shake,A propellant maintains pressure that drives product through the valve.,A propellant maintains pressure that drives product through the valve.,The specific product construction or system described by the primary source; not all designs.,Global where this design is used; verify local requirements before naming a rule.,"Film aerosol cans keep spraying after a quick shake; start with the visible detail, then a different close-up of the same object.",Show liquid and propellant phases inside a can.,pending_review,,"{""recognition"": 3, ""overlooked_detail"": 3, ""payoff"": 3, ""evidence"": 0, ""visuals"": 3}",,"[{""url"": ""https://www.crowncork.com/news/build-stronger-brands-innovative-line-premium-closures-crown"", ""publisher"": ""crowncork.com""}, {""url"": ""https://www.crowncork.com/sites/default/files/2022-08/Crown_SustainabilityReport_2013.pdf"", ""publisher"": ""crowncork.com""}, {""url"": ""https://www.crowncork.com/news/crown-enhances-brands-advanced-aerosol-technologies-and-services"", ""publisher"": ""crowncork.com""}]",cans,mechanism-66cb8f2c48a718e0
packaging-015,packaging,shopping,Why a spray nozzle makes a mist instead of a stream,a spray nozzle makes a mist instead of a stream,Nozzle geometry breaks moving liquid into small droplets.,Nozzle geometry breaks moving liquid into small droplets.,"Atomizing nozzle geometry, pressure and liquid properties jointly shape droplets.",Global where the specified design is used,"Film a spray nozzle makes a mist instead of a stream; start with the visible detail, then a different close-up of the same object.",Compare a straight jet with an atomizing outlet.,reviewed,"{""reviewed_at"": ""2026-09-16T05:16:33.319093+00:00"", ""method"": ""Editorial comparison of stated mechanism with retrieved primary text"", ""finding"": ""Nozzle geometry breaks moving liquid into small droplets."", ""scope"": ""Atomizing nozzle geometry, pressure and liquid properties jointly shape droplets.""}","{""recognition"": 3, ""overlooked_detail"": 3, ""payoff"": 3, ""evidence"": 3, ""visuals"": 3}",,"[{""url"": ""https://www.spray.com/sl-si/-/media/dam/industrial/usa/sales-material/product-market-bulletin/b769_spray_analysis_connecting_the_drops.pdf"", ""publisher"": ""spray.com"", ""passage"": ""As liquid moves through or exits a nozzle, it breaks into droplets and forms a spray"", ""retrieved_at"": ""2026-09-16T05:15:00.239289+00:00""}]",a-spray-nozzle-makes-a-mist-instead-of-a-stream,mechanism-5db743fde8b5c22c
packaging-016,packaging,shopping,Why fizzy-drink bottles have feet on the bottom,fizzy-drink bottles have feet on the bottom,A petaloid base helps a lightweight plastic bottle stand while containing pressure.,A petaloid base helps a lightweight plastic bottle stand while containing pressure.,The specific product construction or system described by the primary source; not all designs.,Global where this design is used; verify local requirements before naming a rule.,"Film fizzy-drink bottles have feet on the bottom; start with the visible detail, then a different close-up of the same object.",Show pressure loads through a lobed base.,pending_review,,"{""recognition"": 3, ""overlooked_detail"": 3, ""payoff"": 3, ""evidence"": 0, ""visuals"": 3}",,"[{""url"": ""https://www.sidel.com/en/about/media/press-releases/starlite-csd/"", ""publisher"": ""sidel.com""}, {""url"": ""https://www.sidel.com/services/starlite-r-nitro/"", ""publisher"": ""sidel.com""}, {""url"": ""https://www.sidel.com/es/about/media/noticias-y-comunicados-de-prensa/beer-in-pet/"", ""publisher"": ""sidel.com""}]",bottles,mechanism-bd46c5d6e8264c93
packaging-017,packaging,shopping,Why hot-filled plastic bottles have indented panels,hot-filled plastic bottles have indented panels,Vacuum panels accommodate volume and pressure changes as hot contents cool.,A bottle panel that looks dented can be designed to move during cooling.,Hot-filled PET bottles with vacuum panels; pressure changes arise as the contents cool.,Global where the specified design is used,"Film hot-filled plastic bottles have indented panels; start with the visible detail, then a different close-up of the same object.",Show panels flexing during cooling.,reviewed,"{""reviewed_at"": ""2026-09-16T05:16:33.319093+00:00"", ""method"": ""Editorial comparison of stated mechanism with retrieved primary text"", ""finding"": ""Vacuum panels accommodate volume and pressure changes as hot contents cool."", ""scope"": ""Hot-filled PET bottles with vacuum panels; pressure changes arise as the contents cool.""}","{""recognition"": 3, ""overlooked_detail"": 4, ""payoff"": 4, ""evidence"": 3, ""visuals"": 3}",,"[{""url"": ""https://www.amcor.com/media/news/b/welchs-commercializes-the-first-custom-application-of-amcors-powerflex-pet-bottle"", ""publisher"": ""amcor.com"", ""passage"": ""Traditional hot-fill bottles employ ribs and panels to absorb vacuum"", ""retrieved_at"": ""2026-09-16T05:15:04.269562+00:00""}]",bottles,mechanism-ff183db93d1f6b20
packaging-018,packaging,shopping,Why some water bottles crumple when opened,some water bottles crumple when opened,Lightweight bottle structure and pressure differences can make the walls deform.,Lightweight bottle structure and pressure differences can make the walls deform.,The specific product construction or system described by the primary source; not all designs.,Global where this design is used; verify local requirements before naming a rule.,"Film some water bottles crumple when opened; start with the visible detail, then a different close-up of the same object.",Compare wall deformation as pressure equalizes.,pending_review,,"{""recognition"": 3, ""overlooked_detail"": 3, ""payoff"": 3, ""evidence"": 0, ""visuals"": 3}",,"[{""url"": ""https://www.sidel.com/en/about/media/press-releases/aya/"", ""publisher"": ""sidel.com""}, {""url"": ""https://www.sidel.com/en/about/media/press-releases/starlite-r-still/"", ""publisher"": ""sidel.com""}, {""url"": ""https://www.sidel.com/media/3uscbqye/sidel_press-article_cs_2017_hwb_saudi-arabia_en.pdf"", ""publisher"": ""sidel.com""}]",bottles,mechanism-cbc2dfa1617b9afd
packaging-019,packaging,shopping,Why glass bottles have seams down the sides,glass bottles have seams down the sides,Mould joints can leave marks where manufacturing mould sections meet.,Mould joints can leave marks where manufacturing mould sections meet.,The specific product construction or system described by the primary source; not all designs.,Global where this design is used; verify local requirements before naming a rule.,"Film glass bottles have seams down the sides; start with the visible detail, then a different close-up of the same object.",Open a bottle mould around its seam.,pending_review,,"{""recognition"": 3, ""overlooked_detail"": 3, ""payoff"": 3, ""evidence"": 0, ""visuals"": 3}",,"[{""url"": ""https://www.o-i.com/wp-content/uploads/2019/04/O-I_ReadGlass.pdf"", ""publisher"": ""o-i.com""}, {""url"": ""https://www.o-i.com/sustainability/the-o-i-glass-making-process/"", ""publisher"": ""o-i.com""}, {""url"": ""https://www.o-i.com/wp-content/uploads/2019/04/How-a-Glass-Bottle-is-Made.pdf"", ""publisher"": ""o-i.com""}]",bottles,mechanism-28f741f74bc4f7e9
packaging-020,packaging,shopping,Why bottle bottoms have tiny raised symbols,bottle bottoms have tiny raised symbols,Mould identification marks support manufacturing traceability.,Mould identification marks support manufacturing traceability.,O-I bottle identification marks; symbols and coding differ between manufacturers.,Global where the specified design is used,"Film bottle bottoms have tiny raised symbols; start with the visible detail, then a different close-up of the same object.",Trace a mould identifier back to a production cavity.,reviewed,"{""reviewed_at"": ""2026-09-16T05:16:33.319093+00:00"", ""method"": ""Editorial comparison of stated mechanism with retrieved primary text"", ""finding"": ""Mould identification marks support manufacturing traceability."", ""scope"": ""O-I bottle identification marks; symbols and coding differ between manufacturers.""}","{""recognition"": 3, ""overlooked_detail"": 3, ""payoff"": 3, ""evidence"": 3, ""visuals"": 3}",,"[{""url"": ""https://www.o-i.com/wp-content/uploads/2019/04/O-I_ReadGlass.pdf"", ""publisher"": ""o-i.com"", ""passage"": ""enable our inspection equipment to read the bottle identiﬁcation information"", ""retrieved_at"": ""2026-09-16T05:15:02.677924+00:00""}]",bottles,mechanism-eacd4dc1db32aa7d
packaging-021,packaging,shopping,Why brown bottles protect some drinks better than clear ones,brown bottles protect some drinks better than clear ones,Coloured glass filters parts of the light spectrum that can affect sensitive contents.,Coloured glass filters parts of the light spectrum that can affect sensitive contents.,Coloured beverage glass and light-sensitive contents; omit uncorroborated protection percentages.,Global where the specified design is used,"Film brown bottles protect some drinks better than clear ones; start with the visible detail, then a different close-up of the same object.",Compare transmitted light through clear and amber glass.,reviewed,"{""reviewed_at"": ""2026-09-16T05:16:33.320093+00:00"", ""method"": ""Editorial comparison of stated mechanism with retrieved primary text"", ""finding"": ""Coloured glass filters parts of the light spectrum that can affect sensitive contents."", ""scope"": ""Coloured beverage glass and light-sensitive contents; omit uncorroborated protection percentages.""}","{""recognition"": 3, ""overlooked_detail"": 3, ""payoff"": 3, ""evidence"": 3, ""visuals"": 3}",,"[{""url"": ""https://www.o-i.com/news/is-beer-better-in-glass-or-cans-heres-what-you-need-to-know/"", ""publisher"": ""o-i.com"", ""passage"": ""the specific color of the glass bottle determines how much sunlight reaches the drink"", ""retrieved_at"": ""2026-09-16T05:15:02.804949+00:00""}]",bottles,mechanism-4c07ca3db4241551
packaging-022,packaging,shopping,Why a glass jar lid has a button that pops,a glass jar lid has a button that pops,Pressure differences deflect a vacuum-indicator panel in the closure.,Pressure differences deflect a vacuum-indicator panel in the closure.,The specific product construction or system described by the primary source; not all designs.,Global where this design is used; verify local requirements before naming a rule.,"Film a glass jar lid has a button that pops; start with the visible detail, then a different close-up of the same object.",Show the panel rising as the vacuum is released.,pending_review,,"{""recognition"": 3, ""overlooked_detail"": 3, ""payoff"": 3, ""evidence"": 0, ""visuals"": 3}",,"[{""url"": ""https://silganclosures.com/"", ""publisher"": ""silganclosures.com"", ""research_lead_only"": true}]",bottles,mechanism-0750232d88df2846
packaging-023,packaging,shopping,Why a jar lid can loosen after warming it,a jar lid can loosen after warming it,Thermal expansion and changes at the seal can affect opening resistance.,Thermal expansion and changes at the seal can affect opening resistance.,The specific product construction or system described by the primary source; not all designs.,Global where this design is used; verify local requirements before naming a rule.,"Film a jar lid can loosen after warming it; start with the visible detail, then a different close-up of the same object.",Compare expansion of metal lid and glass neck.,pending_review,,"{""recognition"": 3, ""overlooked_detail"": 3, ""payoff"": 3, ""evidence"": 0, ""visuals"": 3}",,"[{""url"": ""https://www.ballmasonjars.com/faqs"", ""publisher"": ""ballmasonjars.com""}, {""url"": ""https://www.ballmasonjars.com/canning-terms-glossary.html"", ""publisher"": ""ballmasonjars.com""}, {""url"": ""https://www.ballmasonjars.com/blog?cid=fresh-preserving-problem-solver"", ""publisher"": ""ballmasonjars.com""}]",bottles,mechanism-5adf789ca9b519c6
packaging-024,packaging,shopping,Why food cans have raised rings around their sides,food cans have raised rings around their sides,Beads can increase wall stiffness against deformation.,Beads can increase wall stiffness against deformation.,The specific product construction or system described by the primary source; not all designs.,Global where this design is used; verify local requirements before naming a rule.,"Film food cans have raised rings around their sides; start with the visible detail, then a different close-up of the same object.",Compare buckling in smooth and beaded cylinders.,pending_review,,"{""recognition"": 3, ""overlooked_detail"": 3, ""payoff"": 3, ""evidence"": 0, ""visuals"": 3}",,"[{""url"": ""https://www.crowncork.com/news/revolutionary-peelfittm-can-crown-takes-functionality-and-sustainability-next-level"", ""publisher"": ""crowncork.com""}, {""url"": ""https://www.crowncork.com/news/myths-vs-facts-canned-food-edition"", ""publisher"": ""crowncork.com""}, {""url"": ""https://www.crowncork.com/sites/default/files/CrownFood%20Europe_Peelfit_Release.pdf"", ""publisher"": ""crowncork.com""}]",cans,mechanism-858ccbdf63771e3b
packaging-025,packaging,shopping,Why a drinks can has a domed bottom,a drinks can has a domed bottom,The formed base manages internal pressure with a lightweight structure.,The formed base manages internal pressure with a lightweight structure.,The specific product construction or system described by the primary source; not all designs.,Global where this design is used; verify local requirements before naming a rule.,"Film a drinks can has a domed bottom; start with the visible detail, then a different close-up of the same object.",Show pressure on a domed can base.,pending_review,,"{""recognition"": 3, ""overlooked_detail"": 3, ""payoff"": 3, ""evidence"": 0, ""visuals"": 3}",,"[{""url"": ""https://www.ball.com/getmedia/4db64513-133d-4fa8-9de0-89fd7c2724f9/How_a_Ball_Metal_Beverage_Can_Is_Made.pdf"", ""publisher"": ""ball.com""}, {""url"": ""https://www.ball.com/newswire/article/123553/monster-import-debuts-in-resealable-cans-from-ball"", ""publisher"": ""ball.com""}, {""url"": ""https://investors.ball.com/news-presentations/press-releases/detail/580/ball-resealable-end-wins-20092010-ameristar-award"", ""publisher"": ""ball.com""}]",cans,mechanism-f1211e2b1d01b96a
packaging-026,packaging,shopping,Why a can top has a scored outline under the tab,a can top has a scored outline under the tab,A controlled weak line defines where the opening panel tears.,A controlled weak line defines where the opening panel tears.,The specific product construction or system described by the primary source; not all designs.,Global where this design is used; verify local requirements before naming a rule.,"Film a can top has a scored outline under the tab; start with the visible detail, then a different close-up of the same object.",Trace force from tab to scored panel.,pending_review,,"{""recognition"": 3, ""overlooked_detail"": 3, ""payoff"": 3, ""evidence"": 0, ""visuals"": 3}",,"[{""url"": ""https://www.crowncork.com/news/beverage-brands-make-their-mark-crowns-laser-etched-tabs"", ""publisher"": ""crowncork.com""}, {""url"": ""https://www.crowncork.com/news/aquarius-competition-leverages-accentstm-variable-printing-technology-0"", ""publisher"": ""crowncork.com""}, {""url"": ""https://www.crowncork.com/news/crown-triumphs-2010-can-year-award-top-prize-innovative-food-beverage-technology"", ""publisher"": ""crowncork.com""}]",cans,mechanism-a872e4731cac2562
packaging-027,packaging,shopping,Why the pull tab stays attached after opening,the pull tab stays attached after opening,A stay-on-tab design retains the tab and opening panel at the can end.,A stay-on-tab design retains the tab and opening panel at the can end.,The specific product construction or system described by the primary source; not all designs.,Global where this design is used; verify local requirements before naming a rule.,"Film the pull tab stays attached after opening; start with the visible detail, then a different close-up of the same object.",Animate the rivet and hinged panel.,pending_review,,"{""recognition"": 3, ""overlooked_detail"": 3, ""payoff"": 3, ""evidence"": 0, ""visuals"": 3}",,"[{""url"": ""https://www.crowncork.com/beverage-packaging/products/beverage-ends"", ""publisher"": ""crowncork.com""}, {""url"": ""https://www.crowncork.com/news/coca-cola-kicked-world-cup-promotion-middle-east"", ""publisher"": ""crowncork.com""}, {""url"": ""https://www.crowncork.com/news/crown-cork-seal-launches-new-beverage-can-end-first-major-innovation-decades"", ""publisher"": ""crowncork.com""}]",cans,mechanism-e4b809fa63072d51
packaging-028,packaging,shopping,Why metal food cans have an inner coating,metal food cans have an inner coating,A thin internal lining separates food from the metal to limit interaction between the contents and the can.,The food may not touch the metal you can see from the outside.,Coated metal food-can construction described by Crown; do not infer that an uncoated or damaged can is safe or unsafe from this explanation alone.,Global where the specified design is used,Show a clean food can exterior and intact interior without cutting sharp edges.,"Separate the wall into metal and thin lining layers; label the enlarged thickness schematic, not to scale.",reviewed,"{""reviewed_at"": ""2026-09-17T03:38:27.773578+00:00"", ""method"": ""Editorial comparison of stated mechanism with retrieved primary text"", ""finding"": ""A thin internal lining separates food from the metal to limit interaction between the contents and the can."", ""scope"": ""Coated metal food-can construction described by Crown; do not infer that an uncoated or damaged can is safe or unsafe from this explanation alone.""}","{""recognition"": 3, ""overlooked_detail"": 3, ""payoff"": 3, ""evidence"": 3, ""visuals"": 4}",,"[{""url"": ""https://crowncork.com/sites/default/files/2023-10/Crown_ProductSafety_2023_v3.pdf"", ""publisher"": ""crowncork.com"", ""passage"": ""a very thin lining must be used to prevent interaction between the can materials (steel or aluminum) and the can contents."", ""retrieved_at"": ""2026-09-16T05:15:07.994122+00:00""}]",cans,mechanism-5e5a2886af2dcbec
packaging-029,packaging,shopping,Why a can lid is folded several times at its edge,a can lid is folded several times at its edge,A double seam mechanically interlocks body and end with sealing compound.,A double seam mechanically interlocks body and end with sealing compound.,"Double-seamed metal cans; distinguish body hook, end hook and sealing material in the drawing.",Global where the specified design is used,"Film a can lid is folded several times at its edge; start with the visible detail, then a different close-up of the same object.",Unroll the seam layers in cross-section.,reviewed,"{""reviewed_at"": ""2026-09-16T05:16:33.324093+00:00"", ""method"": ""Editorial comparison of stated mechanism with retrieved primary text"", ""finding"": ""A double seam mechanically interlocks body and end with sealing compound."", ""scope"": ""Double-seamed metal cans; distinguish body hook, end hook and sealing material in the drawing.""}","{""recognition"": 3, ""overlooked_detail"": 3, ""payoff"": 3, ""evidence"": 3, ""visuals"": 3}",,"[{""url"": ""https://www.crowncork.com/aerosol-food-packaging/essentials/seaming"", ""publisher"": ""crowncork.com"", ""passage"": ""A double seam creates a hermetic seal by interlocking the edges"", ""retrieved_at"": ""2026-09-16T05:15:07.608518+00:00""}]",cans,mechanism-19c82149ced24fb7
packaging-030,packaging,shopping,Why aluminium foil has a shiny side and a dull side,aluminium foil has a shiny side and a dull side,Two sheets rolled together acquire different finishes on contact and roller-facing surfaces.,Two sheets rolled together acquire different finishes on contact and roller-facing surfaces.,Ordinary rolled aluminium foil; coated non-stick foil has separate usage instructions.,Global where the specified design is used,"Film aluminium foil has a shiny side and a dull side; start with the visible detail, then a different close-up of the same object.",Show paired foil layers passing through rollers.,reviewed,"{""reviewed_at"": ""2026-09-16T05:16:33.324093+00:00"", ""method"": ""Editorial comparison of stated mechanism with retrieved primary text"", ""finding"": ""Two sheets rolled together acquire different finishes on contact and roller-facing surfaces."", ""scope"": ""Ordinary rolled aluminium foil; coated non-stick foil has separate usage instructions.""}","{""recognition"": 3, ""overlooked_detail"": 3, ""payoff"": 3, ""evidence"": 3, ""visuals"": 3}",,"[{""url"": ""https://www.reynoldsbrands.com/products/aluminum-foil/pitmasters-choice-aluminum-foil"", ""publisher"": ""reynoldsbrands.com"", ""passage"": ""We mill two layers in contact with each other at the same time"", ""retrieved_at"": ""2026-09-16T05:15:07.917246+00:00""}]",aluminium-foil-has-a-shiny-side-and-a-dull-side,mechanism-141ab0ce1462c309
packaging-031,packaging,shopping,Why cling film sticks better to some bowls,cling film sticks better to some bowls,"Material properties, contact and surface conditions affect how the film clings.","Material properties, contact and surface conditions affect how the film clings.",The specific product construction or system described by the primary source; not all designs.,Global where this design is used; verify local requirements before naming a rule.,"Film cling film sticks better to some bowls; start with the visible detail, then a different close-up of the same object.",Compare smooth dry contact with a rough rim.,pending_review,,"{""recognition"": 3, ""overlooked_detail"": 3, ""payoff"": 3, ""evidence"": 0, ""visuals"": 3}",,"[{""url"": ""https://www.glad.com/products/food-wraps/press-n-seal/"", ""publisher"": ""glad.com""}, {""url"": ""https://www.glad.com/products/food-wraps/cling-n-seal/"", ""publisher"": ""glad.com""}, {""url"": ""https://www.glad.com/products/food-wraps/cling-n-seal/fp/200-sq-ft/"", ""publisher"": ""glad.com""}]",cling-film-sticks-better-to-some-bowls,mechanism-2ebb5e8a48106c2e
packaging-032,packaging,shopping,Why baking paper releases food when ordinary paper does not,baking paper releases food when ordinary paper does not,A heat-suitable release coating limits sticking.,A heat-suitable release coating limits sticking.,Reynolds baking parchment; the release coating and temperature limits are product-specific.,Global where the specified design is used,"Film baking paper releases food when ordinary paper does not; start with the visible detail, then a different close-up of the same object.",Compare dough contacting coated and uncoated paper.,reviewed,"{""reviewed_at"": ""2026-09-16T05:16:33.325095+00:00"", ""method"": ""Editorial comparison of stated mechanism with retrieved primary text"", ""finding"": ""A heat-suitable release coating limits sticking."", ""scope"": ""Reynolds baking parchment; the release coating and temperature limits are product-specific.""}","{""recognition"": 3, ""overlooked_detail"": 3, ""payoff"": 3, ""evidence"": 3, ""visuals"": 3}",,"[{""url"": ""https://www.reynoldsbrands.com/tips-and-how-tos/parchment-vs-butcher-paper"", ""publisher"": ""reynoldsbrands.com"", ""passage"": ""coated with a proprietary food grade coating"", ""retrieved_at"": ""2026-09-16T05:15:10.320355+00:00""}]",baking-paper-releases-food-when-ordinary-paper-does-not,mechanism-f6083f27712e29ec
packaging-033,packaging,shopping,Why parchment curls as soon as you cut it,parchment curls as soon as you cut it,The sheet retains curvature from storage on a roll.,The sheet retains curvature from storage on a roll.,The specific product construction or system described by the primary source; not all designs.,Global where this design is used; verify local requirements before naming a rule.,"Film parchment curls as soon as you cut it; start with the visible detail, then a different close-up of the same object.",Unroll fibres and show retained curvature.,pending_review,,"{""recognition"": 3, ""overlooked_detail"": 3, ""payoff"": 3, ""evidence"": 0, ""visuals"": 3}",,"[{""url"": ""https://www.reynoldsbrands.com/products/parchment-paper/parchment-paper-rolls"", ""publisher"": ""reynoldsbrands.com""}, {""url"": ""https://www.reynoldsbrands.com/tips-and-how-tos/tips-baking-parchment-paper"", ""publisher"": ""reynoldsbrands.com""}, {""url"": ""https://www.reynoldsbrands.com/whats-new/stay-flat-parchment-paper"", ""publisher"": ""reynoldsbrands.com""}]",parchment-curls-as-soon-as-you-cut-it,mechanism-693be48700bc39ae
packaging-034,packaging,shopping,Why corrugated cardboard is strong despite being mostly air,corrugated cardboard is strong despite being mostly air,Fluted material separates liner sheets and increases structural stiffness efficiently.,Fluted material separates liner sheets and increases structural stiffness efficiently.,Fluted corrugated board with liner sheets; not solid paperboard.,Global where the specified design is used,"Film corrugated cardboard is strong despite being mostly air; start with the visible detail, then a different close-up of the same object.",Load a corrugated board cross-section.,reviewed,"{""reviewed_at"": ""2026-09-16T05:16:33.326094+00:00"", ""method"": ""Editorial comparison of stated mechanism with retrieved primary text"", ""finding"": ""Fluted material separates liner sheets and increases structural stiffness efficiently."", ""scope"": ""Fluted corrugated board with liner sheets; not solid paperboard.""}","{""recognition"": 3, ""overlooked_detail"": 3, ""payoff"": 3, ""evidence"": 3, ""visuals"": 3}",,"[{""url"": ""https://www.fefco.org/download/file/fid/2998"", ""publisher"": ""fefco.org"", ""passage"": ""This structure gives corrugated board considerable rigidity and resistance"", ""retrieved_at"": ""2026-09-16T05:15:16.346255+00:00""}]",payments,mechanism-9070025c5eda3413
packaging-035,packaging,shopping,Why cardboard boxes fold at lines without tearing apart,cardboard boxes fold at lines without tearing apart,Creasing locally changes the board so it bends at intended locations.,Creasing locally changes the board so it bends at intended locations.,Creasing multi-ply paperboard before folding; not simply scoring every type of cardboard.,Global where the specified design is used,"Film cardboard boxes fold at lines without tearing apart; start with the visible detail, then a different close-up of the same object.",Magnify a crease under a folding panel.,reviewed,"{""reviewed_at"": ""2026-09-16T05:16:33.326094+00:00"", ""method"": ""Editorial comparison of stated mechanism with retrieved primary text"", ""finding"": ""Creasing locally changes the board so it bends at intended locations."", ""scope"": ""Creasing multi-ply paperboard before folding; not simply scoring every type of cardboard.""}","{""recognition"": 3, ""overlooked_detail"": 3, ""payoff"": 3, ""evidence"": 3, ""visuals"": 3}",,"[{""url"": ""https://www.holmen.com/en/board-and-paper/insights/paper-academy/paperboard-creasing-and-folding/"", ""publisher"": ""holmen.com"", ""passage"": ""paperboard can – and should – be creased before folding"", ""retrieved_at"": ""2026-09-16T05:15:11.014578+00:00""}]",payments,mechanism-4a7ce0f44aa8b8ad
packaging-036,packaging,shopping,Why a cardboard box gets much weaker when wet,a cardboard box gets much weaker when wet,Moisture changes fibre bonding and mechanical strength.,Moisture changes fibre bonding and mechanical strength.,The specific product construction or system described by the primary source; not all designs.,Global where this design is used; verify local requirements before naming a rule.,"Film a cardboard box gets much weaker when wet; start with the visible detail, then a different close-up of the same object.",Compare loaded dry and wet fibre networks.,pending_review,,"{""recognition"": 3, ""overlooked_detail"": 3, ""payoff"": 3, ""evidence"": 0, ""visuals"": 3}",,"[{""url"": ""https://www.fefco.org/sites/default/files/documents/Cover%20Page%20from%20LCA%20Report%202015-Final_0_1.pdf"", ""publisher"": ""fefco.org""}, {""url"": ""https://www.fefco.org/sites/default/files/documents/FEFCO%20Factsheet%20on%20Recyclability%20for%20Corrugated%20Cardboard%20Packaging_October%202025_FINAL.pdf"", ""publisher"": ""fefco.org""}, {""url"": ""https://www.fefco.org/download/file/fid/3327"", ""publisher"": ""fefco.org""}]",payments,mechanism-0d03d0f4eba8fadb
packaging-037,packaging,shopping,Why paper bags have a folded block at the bottom,paper bags have a folded block at the bottom,The folded base creates a volume-supporting bottom from a flat paper tube.,The folded base creates a volume-supporting bottom from a flat paper tube.,The specific product construction or system described by the primary source; not all designs.,Global where this design is used; verify local requirements before naming a rule.,"Film paper bags have a folded block at the bottom; start with the visible detail, then a different close-up of the same object.",Unfold the base into its original panels.,pending_review,,"{""recognition"": 3, ""overlooked_detail"": 3, ""payoff"": 3, ""evidence"": 0, ""visuals"": 3}",,"[{""url"": ""https://www.mondigroup.com/products-and-solutions/ecommerce/paper-mailers/"", ""publisher"": ""mondigroup.com""}, {""url"": ""https://www.mondigroup.com/products-and-solutions/industrial-paper-bags/pinch-bottom-bags/"", ""publisher"": ""mondigroup.com""}, {""url"": ""https://northamerica.mondigroup.com/products-solutions/mondi-bags/pinch-bottom-bags/"", ""publisher"": ""mondigroup.com""}]",packaging-paper,mechanism-b69c9550331e68e8
packaging-038,packaging,shopping,Why padded envelopes have different layers inside,padded envelopes have different layers inside,Cushioning structures deform to distribute impacts around the contents.,Cushioning structures deform to distribute impacts around the contents.,The specific product construction or system described by the primary source; not all designs.,Global where this design is used; verify local requirements before naming a rule.,"Film padded envelopes have different layers inside; start with the visible detail, then a different close-up of the same object.",Compare a direct impact with a cushioned one.,pending_review,,"{""recognition"": 3, ""overlooked_detail"": 3, ""payoff"": 3, ""evidence"": 0, ""visuals"": 3}",,"[{""url"": ""https://www.sealedair.com/uk/products/protective-packaging/mailers/paper-mailers"", ""publisher"": ""sealedair.com""}, {""url"": ""https://www.sealedair.com/products/protective-packaging/bubble-wrap-cushioning/bubble-wrap-bags"", ""publisher"": ""sealedair.com""}, {""url"": ""https://www.sealedair.com/content/dam/protective-materials/mailers/paper-mailers/comparison-guide-paper-mailers.pdf"", ""publisher"": ""sealedair.com""}]",padded-envelopes-have-different-layers-inside,mechanism-b454e2c401b28a49
packaging-039,packaging,shopping,Why bubble wrap holds air in separate pockets,bubble wrap holds air in separate pockets,Sealed cells localize cushioning and limit total loss when one pocket fails.,Sealed cells localize cushioning and limit total loss when one pocket fails.,The specific product construction or system described by the primary source; not all designs.,Global where this design is used; verify local requirements before naming a rule.,"Film bubble wrap holds air in separate pockets; start with the visible detail, then a different close-up of the same object.",Burst one cell beside intact neighbours.,pending_review,,"{""recognition"": 3, ""overlooked_detail"": 3, ""payoff"": 3, ""evidence"": 0, ""visuals"": 3}",,"[{""url"": ""https://www.sealedair.com/products/protective-packaging/bubble-wrap-cushioning/bubble-wrap-rolls"", ""publisher"": ""sealedair.com""}, {""url"": ""https://www.sealedair.com/products/protective-packaging/bubble-wrap-cushioning/bubble-wrap-bags"", ""publisher"": ""sealedair.com""}, {""url"": ""https://www.sealedair.com/ap/products/protective-packaging/bubble-wrap-rolls"", ""publisher"": ""sealedair.com""}]",bubble-wrap-holds-air-in-separate-pockets,mechanism-db7cc53b9d2fd3b5
packaging-040,packaging,shopping,Why packing foam springs back after being squeezed,packing foam springs back after being squeezed,A cellular polymer structure deforms and then recovers within its operating range.,A cellular polymer structure deforms and then recovers within its operating range.,The specific product construction or system described by the primary source; not all designs.,Global where this design is used; verify local requirements before naming a rule.,"Film packing foam springs back after being squeezed; start with the visible detail, then a different close-up of the same object.",Compress and release a foam cell network.,pending_review,,"{""recognition"": 3, ""overlooked_detail"": 3, ""payoff"": 3, ""evidence"": 0, ""visuals"": 3}",,"[{""url"": ""https://www.basf.com/dam/jcr%3A03e665de-3653-3888-af5d-eca73bafd88a/basf/www/cn/documents/zh/news-and-media/publication/BASF-Information-Dec-2013.pdf"", ""publisher"": ""basf.com""}, {""url"": ""https://www.basf.com/dam/jcr%3A8aa609f7-aab4-344d-8dca-fda731f3c52d/basf/www/global/documents/en/news-and-media/science-around-us/testing-the-limits-in-powder-snow/BASF_Science_around_us_PolyTHF.pdf"", ""publisher"": ""basf.com""}, {""url"": ""https://www.basf.com/dam/jcr%3Ae99208d8-3143-3b42-826a-a201342942af/basf/www/global/documents/en/creating-chemistry-magazine/BASF_Creating-Chemistry_05.pdf"", ""publisher"": ""basf.com""}]",packing-foam-springs-back-after-being-squeezed,mechanism-34489cab8723bdd4
packaging-041,packaging,shopping,Why moulded pulp trays fit products so closely,moulded pulp trays fit products so closely,Wet fibres are formed and dried against shaped tooling.,Wet fibres are formed and dried against shaped tooling.,The specific product construction or system described by the primary source; not all designs.,Global where this design is used; verify local requirements before naming a rule.,"Film moulded pulp trays fit products so closely; start with the visible detail, then a different close-up of the same object.",Show pulp forming against a perforated mould.,pending_review,,"{""recognition"": 3, ""overlooked_detail"": 3, ""payoff"": 3, ""evidence"": 0, ""visuals"": 3}",,"[{""url"": ""https://www.huhtamaki.com/en-us/north-america/foodservice/product-catalog//drink-carriers--trays/cafeteria-trays/5-compartment-cafeteria-pltslp5sw/"", ""publisher"": ""huhtamaki.com""}, {""url"": ""https://www.huhtamaki.com/en/fiber-technology/production-lines/"", ""publisher"": ""huhtamaki.com""}, {""url"": ""https://www.huhtamaki.com/en-us/north-america/foodservice/product-catalog/drink-carriers--trays/cafeteria-trays/5-comp-trayshrink-wrapped-bundle/"", ""publisher"": ""huhtamaki.com""}]",moulded-pulp-trays-fit-products-so-closely,mechanism-e7b448ff37030697
packaging-042,packaging,shopping,Why egg cartons use individual cups,egg cartons use individual cups,Compartment geometry supports and separates fragile eggs during handling.,Compartment geometry supports and separates fragile eggs during handling.,The specific product construction or system described by the primary source; not all designs.,Global where this design is used; verify local requirements before naming a rule.,"Film egg cartons use individual cups; start with the visible detail, then a different close-up of the same object.",Trace loads around two protected eggs.,pending_review,,"{""recognition"": 3, ""overlooked_detail"": 3, ""payoff"": 3, ""evidence"": 0, ""visuals"": 3}",,"[{""url"": ""https://www.huhtamaki.com/en-us/north-america/consumer-goods/eggcarton/"", ""publisher"": ""huhtamaki.com""}, {""url"": ""https://www.huhtamaki.com/globalassets/global/investors/reports-and-presentations/en/2022/huhtamaki-annual-report-2022.pdf"", ""publisher"": ""huhtamaki.com""}, {""url"": ""https://shop.huhtamaki.com/non-printed-egg-cartons"", ""publisher"": ""huhtamaki.com""}]",eggs,mechanism-631d544ec8c05e9b
packaging-043,packaging,shopping,Why vacuum packs hug some foods but not others,vacuum packs hug some foods but not others,Air removal lets external pressure press flexible film around the product.,Air removal lets external pressure press flexible film around the product.,The specific product construction or system described by the primary source; not all designs.,Global where this design is used; verify local requirements before naming a rule.,"Film vacuum packs hug some foods but not others; start with the visible detail, then a different close-up of the same object.",Remove gas and collapse a pouch around its contents.,pending_review,,"{""recognition"": 3, ""overlooked_detail"": 3, ""payoff"": 3, ""evidence"": 0, ""visuals"": 3}",,"[{""url"": ""https://www.sealedair.com/products/food-packaging/shrink-films/vacuum-skin-packaging/darfresh-film"", ""publisher"": ""sealedair.com""}, {""url"": ""https://prod.sealedair.com/content/dam/food-packaging-materials/vacuum-skin-packaging/simple-steps/Simple%20Steps_Tray_Sell%20Sheet_NA21.pdf"", ""publisher"": ""sealedair.com""}, {""url"": ""https://pages.sealedair.com/rs/729-WHA-730/images/Automation%20FAQs_A4_EN_S.pdf"", ""publisher"": ""sealedair.com""}]",vacuum-packs-hug-some-foods-but-not-others,mechanism-2453a6843caa17eb
packaging-044,packaging,shopping,Why meat packaging can contain a small absorbent pad,meat packaging can contain a small absorbent pad,An absorbent layer captures released liquid within the pack.,An absorbent layer captures released liquid within the pack.,The specific product construction or system described by the primary source; not all designs.,Global where this design is used; verify local requirements before naming a rule.,"Film meat packaging can contain a small absorbent pad; start with the visible detail, then a different close-up of the same object.",Show liquid entering an absorbent core.,pending_review,,"{""recognition"": 3, ""overlooked_detail"": 3, ""payoff"": 3, ""evidence"": 0, ""visuals"": 3}",,"[{""url"": ""https://novipax.com/product/cellu-liner/"", ""publisher"": ""novipax.com""}, {""url"": ""https://novipax.com/product/ultrazap/"", ""publisher"": ""novipax.com""}, {""url"": ""https://novipax.com/wp-content/uploads/2023/04/Novipax_Dri-Loc-XP-Processor-SS-2023-1.pdf"", ""publisher"": ""novipax.com""}]",cans,mechanism-e2cf071d258e2a34
packaging-045,packaging,shopping,Why some food trays have a thin film that peels cleanly,some food trays have a thin film that peels cleanly,A controlled peel seal is designed to separate at a particular interface.,A controlled peel seal is designed to separate at a particular interface.,The specific product construction or system described by the primary source; not all designs.,Global where this design is used; verify local requirements before naming a rule.,"Film some food trays have a thin film that peels cleanly; start with the visible detail, then a different close-up of the same object.",Trace the peel front through the seal.,pending_review,,"{""recognition"": 3, ""overlooked_detail"": 3, ""payoff"": 3, ""evidence"": 0, ""visuals"": 3}",,"[{""url"": ""https://www.amcor.com/media/news/b/amcor-flexibles-exclusive-supplier-of-peelable-pla-for-fresh-produce"", ""publisher"": ""amcor.com""}, {""url"": ""https://packagingsolutions.amcor.com/en/product/product-item/optym-directseal-14191855"", ""publisher"": ""amcor.com""}, {""url"": ""https://packagingsolutions.amcor.com/en/product/product-item/sealwrap-cutterbox-retail-13618910"", ""publisher"": ""amcor.com""}]",some-food-trays-have-a-thin-film-that-peels-cleanly,mechanism-1f734962171c418e
packaging-046,packaging,shopping,Why resealable pouches need a separate first-opening strip,resealable pouches need a separate first-opening strip,An initial tamper-evident seal and a reusable closure perform different functions.,An initial tamper-evident seal and a reusable closure perform different functions.,The specific product construction or system described by the primary source; not all designs.,Global where this design is used; verify local requirements before naming a rule.,"Film resealable pouches need a separate first-opening strip; start with the visible detail, then a different close-up of the same object.",Open the strip then operate the reusable zipper.,pending_review,,"{""recognition"": 3, ""overlooked_detail"": 3, ""payoff"": 3, ""evidence"": 0, ""visuals"": 3}",,"[{""url"": ""https://northamerica.mondigroup.com/products-solutions/mondi-bags/pe-inliner-bags/"", ""publisher"": ""mondigroup.com""}, {""url"": ""https://northamerica.mondigroup.com/products-solutions/mondi-bags/pinch-bottom-bags/"", ""publisher"": ""mondigroup.com""}, {""url"": ""https://northamerica.mondigroup.com/products-solutions/mondi-bags/airstream-bags/"", ""publisher"": ""mondigroup.com""}]",resealable-pouches-need-a-separate-first-opening-strip,mechanism-4b7fcfa3beffb532
packaging-047,packaging,shopping,Why tear notches work only when pulled in the right direction,tear notches work only when pulled in the right direction,A notch concentrates stress to start a tear along the film structure.,A notch concentrates stress to start a tear along the film structure.,The specific product construction or system described by the primary source; not all designs.,Global where this design is used; verify local requirements before naming a rule.,"Film tear notches work only when pulled in the right direction; start with the visible detail, then a different close-up of the same object.",Compare stress at a notch and an intact edge.,pending_review,,"{""recognition"": 3, ""overlooked_detail"": 3, ""payoff"": 3, ""evidence"": 0, ""visuals"": 3}",,"[{""url"": ""https://www.amcor.com/insights/blogs/the-power-of-packaging-for-vitamins-and-supplements"", ""publisher"": ""amcor.com""}, {""url"": ""https://www.amcor.com/media/news/b/new-safestick-child-resistant-tear-open-pack-from-amcor-flexibles"", ""publisher"": ""amcor.com""}, {""url"": ""https://proxy.amcor.com/insights/blogs/fiber-tear-in-healthcare-packaging"", ""publisher"": ""amcor.com""}]",tear-notches-work-only-when-pulled-in-the-right-direction,mechanism-2b180b727bebeee0
packaging-048,packaging,shopping,Why some snack wrappers tear straight and others stretch,some snack wrappers tear straight and others stretch,"Film orientation, layers and tear features influence crack propagation.","Film orientation, layers and tear features influence crack propagation.",The specific product construction or system described by the primary source; not all designs.,Global where this design is used; verify local requirements before naming a rule.,"Film some snack wrappers tear straight and others stretch; start with the visible detail, then a different close-up of the same object.",Trace tears through two different film structures.,pending_review,,"{""recognition"": 3, ""overlooked_detail"": 3, ""payoff"": 3, ""evidence"": 0, ""visuals"": 3}",,"[{""url"": ""https://www.toray.com/global/ir/pdf/lib/lib_a162.pdf"", ""publisher"": ""toray.com""}, {""url"": ""https://www.toray.com/global/ir/pdf/lib/lib_a102.pdf"", ""publisher"": ""toray.com""}, {""url"": ""https://www.toray.com/story_newspicks/newspicks_07.html"", ""publisher"": ""toray.com""}]",some-snack-wrappers-tear-straight-and-others-stretch,mechanism-0eb714f6e1465c4a
packaging-049,packaging,shopping,Why a snack wrapper looks metallic but feels like plastic,a snack wrapper looks metallic but feels like plastic,A very thin metal layer can provide barrier properties on a polymer film.,A very thin metal layer can provide barrier properties on a polymer film.,The specific product construction or system described by the primary source; not all designs.,Global where this design is used; verify local requirements before naming a rule.,"Film a snack wrapper looks metallic but feels like plastic; start with the visible detail, then a different close-up of the same object.",Peel a metallized film into labelled layers.,pending_review,,"{""recognition"": 3, ""overlooked_detail"": 3, ""payoff"": 3, ""evidence"": 0, ""visuals"": 3}",,"[{""url"": ""https://www.toray.com/story_newspicks/newspicks_07.html"", ""publisher"": ""toray.com""}, {""url"": ""https://www.toray.com/global/ir/pdf/lib/lib_a385.pdf"", ""publisher"": ""toray.com""}, {""url"": ""https://www.toray.com/ir/pdf/lib/lib_a384.pdf"", ""publisher"": ""toray.com""}]",a-snack-wrapper-looks-metallic-but-feels-like-plastic,mechanism-87fea3d3f1e97114
packaging-050,packaging,shopping,Why medicine blister packs make each tablet its own compartment,medicine blister packs make each tablet its own compartment,Individual sealed cavities limit exposure until a dose is removed.,Individual sealed cavities limit exposure until a dose is removed.,The specific product construction or system described by the primary source; not all designs.,Global where this design is used; verify local requirements before naming a rule.,"Film medicine blister packs make each tablet its own compartment; start with the visible detail, then a different close-up of the same object.",Open one cavity while neighbouring seals remain intact.,pending_review,,"{""recognition"": 3, ""overlooked_detail"": 3, ""payoff"": 3, ""evidence"": 0, ""visuals"": 3}",,"[{""url"": ""https://www.amcor.com/insights/blogs/moisture-absorbing-packaging"", ""publisher"": ""amcor.com""}, {""url"": ""https://www.amcor.com/insights/blogs/how-amcor-enhances-packaging"", ""publisher"": ""amcor.com""}, {""url"": ""https://www.amcor.com/insights/blogs/tamper-proof-pharma-packaging"", ""publisher"": ""amcor.com""}]",medicine-blister-packs-make-each-tablet-its-own-compartment,mechanism-514cf067d4b1f7ab
packaging-051,packaging,shopping,Why silica-gel packets can keep a box dry,silica-gel packets can keep a box dry,Porous silica adsorbs water vapour from enclosed air.,Porous silica adsorbs water vapour from enclosed air.,Silica-gel desiccant example; explain adsorption without treating packets as safe to eat or reuse indiscriminately.,Global where the specified design is used,"Film silica-gel packets can keep a box dry; start with the visible detail, then a different close-up of the same object.",Move water molecules into a pore network.,reviewed,"{""reviewed_at"": ""2026-09-16T15:24:49.476854+00:00"", ""method"": ""Editorial comparison of stated mechanism with retrieved primary text"", ""finding"": ""Porous silica adsorbs water vapour from enclosed air."", ""scope"": ""Silica-gel desiccant example; explain adsorption without treating packets as safe to eat or reuse indiscriminately.""}","{""recognition"": 3, ""overlooked_detail"": 3, ""payoff"": 3, ""evidence"": 3, ""visuals"": 3}",,"[{""url"": ""https://www.clariant.com/en/products/desiccant-types"", ""publisher"": ""clariant.com"", ""passage"": ""Sorb-It binds water molecules in random intersection channels"", ""retrieved_at"": ""2026-09-16T05:15:34.132422+00:00""}]",cans,mechanism-c7b734c8cae5258b
packaging-052,packaging,shopping,Why some packages use oxygen absorbers rather than desiccants,some packages use oxygen absorbers rather than desiccants,Oxygen scavengers remove oxygen through a chemical reaction rather than simply collecting moisture.,Oxygen scavengers remove oxygen through a chemical reaction rather than simply collecting moisture.,The specific product construction or system described by the primary source; not all designs.,Global where this design is used; verify local requirements before naming a rule.,"Film some packages use oxygen absorbers rather than desiccants; start with the visible detail, then a different close-up of the same object.",Compare oxygen and water removal paths.,pending_review,,"{""recognition"": 3, ""overlooked_detail"": 3, ""payoff"": 3, ""evidence"": 0, ""visuals"": 3}",,"[{""url"": ""https://mitsubishigaschemical.com/"", ""publisher"": ""mitsubishigaschemical.com"", ""research_lead_only"": true}]",some-packages-use-oxygen-absorbers-rather-than-desiccants,mechanism-b781542bf847592e
packaging-053,packaging,shopping,Why a plastic recycling triangle does not guarantee local recycling,a plastic recycling triangle does not guarantee local recycling,A resin identification code describes material type rather than local collection acceptance.,A resin identification code describes material type rather than local collection acceptance.,ASTM resin identification context; local collection and processing acceptance must be checked separately.,Global where the specified design is used,"Film a plastic recycling triangle does not guarantee local recycling; start with the visible detail, then a different close-up of the same object.",Separate resin identity from collection rules.,reviewed,"{""reviewed_at"": ""2026-09-16T15:24:49.476854+00:00"", ""method"": ""Editorial comparison of stated mechanism with retrieved primary text"", ""finding"": ""A resin identification code describes material type rather than local collection acceptance."", ""scope"": ""ASTM resin identification context; local collection and processing acceptance must be checked separately.""}","{""recognition"": 3, ""overlooked_detail"": 3, ""payoff"": 3, ""evidence"": 3, ""visuals"": 3}",,"[{""url"": ""https://store.astm.org/d7611_d7611m-20.html"", ""publisher"": ""astm.org"", ""passage"": ""Resin Identification Codes are not “recycle codes.”"", ""retrieved_at"": ""2026-09-16T05:15:37.841334+00:00""}]",a-plastic-recycling-triangle-does-not-guarantee-local-recycling,mechanism-f929a26dfc75656a
packaging-054,packaging,shopping,Why compostable packaging does not always belong in a garden compost pile,compostable packaging does not always belong in a garden compost pile,Some certified materials require industrial composting conditions.,Some certified materials require industrial composting conditions.,The specific product construction or system described by the primary source; not all designs.,Global where this design is used; verify local requirements before naming a rule.,"Film compostable packaging does not always belong in a garden compost pile; start with the visible detail, then a different close-up of the same object.",Compare controlled industrial conditions with a garden pile.,pending_review,,"{""recognition"": 3, ""overlooked_detail"": 3, ""payoff"": 3, ""evidence"": 0, ""visuals"": 3}",,"[{""url"": ""https://www.tuv-at.be/fileadmin/user_upload/docs/download-documents/CS/CS-OK20-EN_biobased.pdf"", ""publisher"": ""tuv-at.be""}, {""url"": ""https://www.tuv-at.be/fileadmin/user_upload/docs/download-documents/CS/CS-OK01-IT_OK_compost_INDUSTRIAL.pdf"", ""publisher"": ""tuv-at.be""}, {""url"": ""https://www.tuv-at.be/fileadmin/user_upload/docs/download-documents/GEN/OK_registered_labs_EN.pdf"", ""publisher"": ""tuv-at.be""}]",compostable-packaging-does-not-always-belong-in-a-garden-compost-pile,mechanism-adb1ff3cdf22dee0
packaging-055,packaging,shopping,Why paper cups need a lining even though they look like paper,paper cups need a lining even though they look like paper,A barrier layer limits liquid penetration through the fibre structure.,A barrier layer limits liquid penetration through the fibre structure.,Plastic-lined paper-cup example; other barrier coatings also exist and recycling arrangements vary.,Global where the specified design is used,"Film paper cups need a lining even though they look like paper; start with the visible detail, then a different close-up of the same object.",Show water stopped by an inner liner.,reviewed,"{""reviewed_at"": ""2026-09-16T15:24:49.476854+00:00"", ""method"": ""Editorial comparison of stated mechanism with retrieved primary text"", ""finding"": ""A barrier layer limits liquid penetration through the fibre structure."", ""scope"": ""Plastic-lined paper-cup example; other barrier coatings also exist and recycling arrangements vary.""}","{""recognition"": 3, ""overlooked_detail"": 3, ""payoff"": 3, ""evidence"": 3, ""visuals"": 3}",,"[{""url"": ""https://www.huhtamaki.com/en/highlights/sustainability/how-paper-cups-are-made/"", ""publisher"": ""huhtamaki.com"", ""passage"": ""it acts as a barrier to ensure food hygiene and to make the cup liquid-proof."", ""retrieved_at"": ""2026-09-16T05:15:40.042353+00:00""}]",paper-cups-need-a-lining-even-though-they-look-like-paper,mechanism-eddd01afe47eba81
packaging-056,packaging,shopping,Why a takeaway lid has a second tiny hole,a takeaway lid has a second tiny hole,"A vent admits air as liquid leaves, reducing pressure disruption.","A vent admits air as liquid leaves, reducing pressure disruption.",The specific product construction or system described by the primary source; not all designs.,Global where this design is used; verify local requirements before naming a rule.,"Film a takeaway lid has a second tiny hole; start with the visible detail, then a different close-up of the same object.",Trace separate air and liquid paths.,pending_review,,"{""recognition"": 3, ""overlooked_detail"": 3, ""payoff"": 3, ""evidence"": 0, ""visuals"": 3}",,"[{""url"": ""https://www.dartcontainer.com/products/foodservice/lids/plastic/solo-polypropylene-plastic-lids/lvp508-0100"", ""publisher"": ""dartcontainer.com""}, {""url"": ""https://www.dartcontainer.com/products/foodservice/lids/plastic/lids-for-foam-cups-and-containers/20jl"", ""publisher"": ""dartcontainer.com""}, {""url"": ""https://www.dartcontainer.com/products/foodservice/lids/plastic/lids-for-foam-cups-and-containers/6jl"", ""publisher"": ""dartcontainer.com""}]",a-takeaway-lid-has-a-second-tiny-hole,mechanism-fd0fb8982f4c7120
packaging-057,packaging,shopping,Why drink lids have small raised buttons,drink lids have small raised buttons,On some lids the buttons identify drink variations for handling.,On some lids the buttons identify drink variations for handling.,The specific product construction or system described by the primary source; not all designs.,Global where this design is used; verify local requirements before naming a rule.,"Film drink lids have small raised buttons; start with the visible detail, then a different close-up of the same object.",Show a marked option beside the drinking opening.,pending_review,,"{""recognition"": 3, ""overlooked_detail"": 3, ""payoff"": 3, ""evidence"": 0, ""visuals"": 3}",,"[{""url"": ""https://www.dartcontainer.com/products/foodservice/lids/plastic/lids-for-plastic-cups/l32cr"", ""publisher"": ""dartcontainer.com""}, {""url"": ""https://www.dartcontainer.com/en-ca/products/foodservice/lids/plastic/lids-for-plastic-cups/642ts"", ""publisher"": ""dartcontainer.com""}, {""url"": ""https://www.dartcontainer.com/en-ca/products/foodservice/lids/plastic/lids-for-plastic-cups/l32cr"", ""publisher"": ""dartcontainer.com""}]",drink-lids-have-small-raised-buttons,mechanism-427d583d8344dfba
packaging-058,packaging,shopping,Why takeaway containers have steam vents,takeaway containers have steam vents,Venting allows moisture and pressure to escape rather than collecting entirely inside.,Venting allows moisture and pressure to escape rather than collecting entirely inside.,The specific product construction or system described by the primary source; not all designs.,Global where this design is used; verify local requirements before naming a rule.,"Film takeaway containers have steam vents; start with the visible detail, then a different close-up of the same object.",Compare condensation in vented and closed packs.,pending_review,,"{""recognition"": 3, ""overlooked_detail"": 3, ""payoff"": 3, ""evidence"": 0, ""visuals"": 3}",,"[{""url"": ""https://www.huhtamaki.com/globalassets/foodservice-eao/fs-campaign-takeaway-and-hd/packaging-that-delivers-brochure-2021.pdf"", ""publisher"": ""huhtamaki.com""}, {""url"": ""https://www.huhtamaki.com/globalassets/foodservice-eao/foodservice-germany/product-catalog/huh_product-catalogue_2026_q1.pdf"", ""publisher"": ""huhtamaki.com""}, {""url"": ""https://www.huhtamaki.com/globalassets/foodservice-eao/foodservice-germany/product-catalog/huhtamaki-alf---food-to-go-broschure-2024.pdf"", ""publisher"": ""huhtamaki.com""}]",takeaway-containers-have-steam-vents,mechanism-d0820a8d8fc76eb7
packaging-059,packaging,shopping,Why a bottle label can shrink tightly around awkward curves,a bottle label can shrink tightly around awkward curves,Heat-shrink film contracts around the container after placement.,Heat-shrink film contracts around the container after placement.,"Heat-shrink sleeve labels, not stretch sleeves or pressure-sensitive labels.",Global where the specified design is used,"Film a bottle label can shrink tightly around awkward curves; start with the visible detail, then a different close-up of the same object.",Heat a loose sleeve around a shaped bottle.,reviewed,"{""reviewed_at"": ""2026-09-16T15:24:49.476854+00:00"", ""method"": ""Editorial comparison of stated mechanism with retrieved primary text"", ""finding"": ""Heat-shrink film contracts around the container after placement."", ""scope"": ""Heat-shrink sleeve labels, not stretch sleeves or pressure-sensitive labels.""}","{""recognition"": 3, ""overlooked_detail"": 3, ""payoff"": 3, ""evidence"": 3, ""visuals"": 3}",,"[{""url"": ""https://ccllabel.com/en/solutions/solution-by-product/shrink-sleeves"", ""publisher"": ""ccllabel.com"", ""passage"": ""Shrink Sleeves are labels made from plastic film that are applied around a container and then shrunk using heat"", ""retrieved_at"": ""2026-09-16T05:15:49.686514+00:00""}]",bottles,mechanism-bef6b8215a6c43e6
packaging-060,packaging,shopping,Why peel-off labels leave different amounts of glue,peel-off labels leave different amounts of glue,"Adhesive formulation, substrate and removal conditions determine where separation occurs.","Adhesive formulation, substrate and removal conditions determine where separation occurs.","Pressure-sensitive label removal; the weakest interface or material depends on the adhesive, facestock and substrate.",Global where the specified design is used,"Film peel-off labels leave different amounts of glue; start with the visible detail, then a different close-up of the same object.",Compare adhesive and cohesive failure paths.,reviewed,"{""reviewed_at"": ""2026-09-16T15:24:49.476854+00:00"", ""method"": ""Editorial comparison of stated mechanism with retrieved primary text"", ""finding"": ""Adhesive formulation, substrate and removal conditions determine where separation occurs."", ""scope"": ""Pressure-sensitive label removal; the weakest interface or material depends on the adhesive, facestock and substrate.""}","{""recognition"": 3, ""overlooked_detail"": 3, ""payoff"": 3, ""evidence"": 3, ""visuals"": 3}",,"[{""url"": ""https://label.averydennison.com/content/dam/averydennison/lpm-responsive/asia-pacific/en-sa/documents/promotional/removables/wp-retail-removable-labels-an-under-estimated-functionality-sapssa.pdf"", ""publisher"": ""averydennison.com"", ""passage"": ""If this force is higher than the internal strength of the front material, the label might tear"", ""retrieved_at"": ""2026-09-16T05:15:51.484608+00:00""}]",peel-off-labels-leave-different-amounts-of-glue,mechanism-c0d50e01efda0afe
packaging-061,packaging,shopping,Why security labels reveal a hidden pattern when removed,security labels reveal a hidden pattern when removed,Layer separation transfers or reveals a tamper-evident pattern.,Layer separation transfers or reveals a tamper-evident pattern.,Tamper-evident polyester label design example; different security labels use other constructions.,Global where the specified design is used,"Film security labels reveal a hidden pattern when removed; start with the visible detail, then a different close-up of the same object.",Peel a label to expose its internal pattern.,reviewed,"{""reviewed_at"": ""2026-09-16T15:24:49.476854+00:00"", ""method"": ""Editorial comparison of stated mechanism with retrieved primary text"", ""finding"": ""Layer separation transfers or reveals a tamper-evident pattern."", ""scope"": ""Tamper-evident polyester label design example; different security labels use other constructions.""}","{""recognition"": 3, ""overlooked_detail"": 3, ""payoff"": 3, ""evidence"": 3, ""visuals"": 3}",,"[{""url"": ""https://label.averydennison.com/content/dam/averydennison/lpm-responsive/na/doc/technical-bulletins/technical%20marketing%20bulletins/tmb-void-polyesters.pdf"", ""publisher"": ""averydennison.com"", ""passage"": ""causes the special coating to release revealing the word or pattern"", ""retrieved_at"": ""2026-09-16T05:15:52.880154+00:00""}]",security-labels-reveal-a-hidden-pattern-when-removed,mechanism-b6a412d9cb527837
packaging-062,packaging,shopping,Why some shipping labels turn black when heated,some shipping labels turn black when heated,Direct thermal coatings change colour under localized heat.,Direct thermal coatings change colour under localized heat.,Direct thermal labels; distinguish these from thermal-transfer labels that use a ribbon.,Global where the specified design is used,"Film some shipping labels turn black when heated; start with the visible detail, then a different close-up of the same object.",Move a printhead across a thermal label.,reviewed,"{""reviewed_at"": ""2026-09-16T15:24:49.476854+00:00"", ""method"": ""Editorial comparison of stated mechanism with retrieved primary text"", ""finding"": ""Direct thermal coatings change colour under localized heat."", ""scope"": ""Direct thermal labels; distinguish these from thermal-transfer labels that use a ribbon.""}","{""recognition"": 3, ""overlooked_detail"": 3, ""payoff"": 3, ""evidence"": 3, ""visuals"": 3}",,"[{""url"": ""https://www.zebra.com/us/en/resource-library/faq/what-is-a-thermal-printer.html"", ""publisher"": ""zebra.com"", ""passage"": ""chemically treated, heat-sensitive media that blackens when it passes under the thermal printhead."", ""retrieved_at"": ""2026-09-16T05:15:54.944768+00:00""}]",some-shipping-labels-turn-black-when-heated,mechanism-60147eb98da0497b
packaging-063,packaging,shopping,Why a glossy package has tiny coloured squares at the edge,a glossy package has tiny coloured squares at the edge,Printed control patches let production staff monitor colour and printing consistency while the packaging is made.,Print control marks help monitor colour and registration during production.,"Heidelberg print-control elements example; marks are production controls, not a consumer ingredient code.",Global where the specified design is used,"Film a glossy package has tiny coloured squares at the edge; start with the visible detail, then a different close-up of the same object.",Align colour separations against control patches.,reviewed,"{""reviewed_at"": ""2026-09-16T15:24:49.482969+00:00"", ""method"": ""Editorial comparison of stated mechanism with retrieved primary text"", ""finding"": ""Printed control patches let production staff monitor colour and printing consistency while the packaging is made."", ""scope"": ""Heidelberg print-control elements example; marks are production controls, not a consumer ingredient code.""}","{""recognition"": 3, ""overlooked_detail"": 3, ""payoff"": 3, ""evidence"": 3, ""visuals"": 3}",,"[{""url"": ""https://www.heidelberg.com/global/media/en/global_media/products___prinect/products___prinect_topics/pdf_1/color_quality.pdf"", ""publisher"": ""heidelberg.com"", ""passage"": ""Mini Spots for color and process monitoring"", ""retrieved_at"": ""2026-09-16T05:16:43.172372+00:00""}]",a-glossy-package-has-tiny-coloured-squares-at-the-edge,mechanism-f4b8538754eda9e6
packaging-064,packaging,shopping,Why a snack wrapper has seams across both ends,a snack wrapper has seams across both ends,"A flow wrapper forms a tube around products, then crosswise jaws seal and cut between them, making the repeated end seams.",The two ends were made where a continuous tube was sealed between neighboring products.,Horizontal flow-wrapped packaging described by Syntegon; other packages and sealing processes differ.,Global where the specified design is used,"Show the front, back seam and end seams of one snack wrapper, then a different close-up of its sealed edge.",Animate three products in one film tube; seal and cut in the gaps to reveal an individual wrapped product.,reviewed,"{""reviewed_at"": ""2026-09-17T03:38:27.773578+00:00"", ""method"": ""Editorial comparison of stated mechanism with retrieved primary text"", ""finding"": ""A flow wrapper forms a tube around products, then crosswise jaws seal and cut between them, making the repeated end seams."", ""scope"": ""Horizontal flow-wrapped packaging described by Syntegon; other packages and sealing processes differ.""}","{""recognition"": 3, ""overlooked_detail"": 3, ""payoff"": 3, ""evidence"": 3, ""visuals"": 4}",,"[{""url"": ""https://www.syntegon.com/hubfs/03_blog/02_files/Brochure-Sealing-Cutting-EN.pdf"", ""publisher"": ""syntegon.com"", ""passage"": ""They apply (heat and) pressure to seal the film and cut it between the products."", ""retrieved_at"": ""2026-09-16T05:15:59.157330+00:00""}]",a-snack-wrapper-has-seams-across-both-ends,mechanism-57733c3c9460e228
packaging-065,packaging,shopping,Why bags of frozen food have tiny holes on some designs,bags of frozen food have tiny holes on some designs,Selected venting designs allow trapped air to escape during packing and handling.,Selected venting designs allow trapped air to escape during packing and handling.,The specific product construction or system described by the primary source; not all designs.,Global where this design is used; verify local requirements before naming a rule.,"Film bags of frozen food have tiny holes on some designs; start with the visible detail, then a different close-up of the same object.",Show air leaving a specifically vented frozen-food bag.,pending_review,,"{""recognition"": 3, ""overlooked_detail"": 3, ""payoff"": 3, ""evidence"": 0, ""visuals"": 3}",,"[{""url"": ""https://www.mondigroup.com/products-and-solutions/release-liner/release-liner-for-graphic-arts/"", ""publisher"": ""mondigroup.com""}, {""url"": ""https://northamerica.mondigroup.com/products-solutions/mondi-bags/peel-pak-bags/"", ""publisher"": ""mondigroup.com""}, {""url"": ""https://www.mondigroup.com/globalassets/mondigroup.com/investors/results-reports-and-presentations/2017/integrated-report-and-financial-statements-2017/integrated_report_2017_acces.pdf"", ""publisher"": ""mondigroup.com""}]",bags-of-frozen-food-have-tiny-holes-on-some-designs,mechanism-2b2c86a6608af93d
transport-001,transport,travel,Why a car indicator clicks even without an old relay,a car indicator clicks even without an old relay,Some modern vehicles generate feedback electronically rather than through a mechanical flasher.,Some modern vehicles generate feedback electronically rather than through a mechanical flasher.,The specific product construction or system described by the primary source; not all designs.,Global where this design is used; verify local requirements before naming a rule.,"Film a car indicator clicks even without an old relay; start with the visible detail, then a different close-up of the same object.",Compare relay switching with an electronic sound signal.,pending_review,,"{""recognition"": 3, ""overlooked_detail"": 3, ""payoff"": 3, ""evidence"": 0, ""visuals"": 3}",,"[{""url"": ""https://www.hella.com/soe/assets/documents_global/10045700a_AM0.pdf"", ""publisher"": ""hella.com""}, {""url"": ""https://www.hella.com/techworld/ae/technical/automotive-lighting/signal-lights-in-cars/"", ""publisher"": ""hella.com""}, {""url"": ""https://www.hella.com/hella-uk/assets/media_global/796_Caravan-Prospekt_2014_HELLA_EN.pdf"", ""publisher"": ""hella.com""}]",a-car-indicator-clicks-even-without-an-old-relay,mechanism-d7c784570256a506
transport-002,transport,travel,Why indicator flashing speeds up after a bulb fails,indicator flashing speeds up after a bulb fails,Some systems detect a changed electrical load and signal a lamp fault through faster flashing.,Some systems detect a changed electrical load and signal a lamp fault through faster flashing.,The specific product construction or system described by the primary source; not all designs.,Global where this design is used; verify local requirements before naming a rule.,"Film indicator flashing speeds up after a bulb fails; start with the visible detail, then a different close-up of the same object.",Remove a bulb from a monitored circuit.,pending_review,,"{""recognition"": 3, ""overlooked_detail"": 3, ""payoff"": 3, ""evidence"": 0, ""visuals"": 3}",,"[{""url"": ""https://www.hella.com/techworld/us/lounge/can-bus-vehicle-lighting-bulb-replacement-workshop/"", ""publisher"": ""hella.com""}, {""url"": ""https://www.hella.com/soe/en/Products/Product-detail-4957/?pid=3143"", ""publisher"": ""hella.com""}, {""url"": ""https://www.hella.com/soe/en/News/Lamp-failure-control-4095/"", ""publisher"": ""hella.com""}]",indicator-flashing-speeds-up-after-a-bulb-fails,mechanism-ee9cc2b2abf92a66
transport-003,transport,travel,Why reversing lights can look different on each side,reversing lights can look different on each side,Regional lamp arrangements may assign separate positions to reverse and rear fog functions.,Regional lamp arrangements may assign separate positions to reverse and rear fog functions.,The specific product construction or system described by the primary source; not all designs.,Global where this design is used; verify local requirements before naming a rule.,"Film reversing lights can look different on each side; start with the visible detail, then a different close-up of the same object.",Label a region-specific rear lamp cluster.,pending_review,,"{""recognition"": 3, ""overlooked_detail"": 3, ""payoff"": 3, ""evidence"": 0, ""visuals"": 3}",,"[{""url"": ""https://www.hella.com/partnerworld/assets/documents/1793_Flyer_Reversing_Lights_HELLA_EN.pdf"", ""publisher"": ""hella.com""}, {""url"": ""https://www.hella.com/hella-com/en/press/17235.html"", ""publisher"": ""hella.com""}, {""url"": ""https://www.hella.com/soe/en/Products/Product-detail-4957/?pid=3168"", ""publisher"": ""hella.com""}]",cans,mechanism-f872c7760eea3b2c
transport-004,transport,travel,Why a rear fog light is much brighter than a tail light,a rear fog light is much brighter than a tail light,"Its purpose is visibility in poor conditions, requiring a different light distribution and output.","Its purpose is visibility in poor conditions, requiring a different light distribution and output.",The specific product construction or system described by the primary source; not all designs.,Global where this design is used; verify local requirements before naming a rule.,"Film a rear fog light is much brighter than a tail light; start with the visible detail, then a different close-up of the same object.",Compare labelled tail and fog beams.,pending_review,,"{""recognition"": 3, ""overlooked_detail"": 3, ""payoff"": 3, ""evidence"": 0, ""visuals"": 3}",,"[{""url"": ""https://www.hella.com/techworld/us/passenger-car-parts/vehicle-lighting/bulbs/"", ""publisher"": ""hella.com""}, {""url"": ""https://www.hella.com/techworld/ae/technical/automotive-lighting/signal-lights-in-cars/"", ""publisher"": ""hella.com""}, {""url"": ""https://www.hella.com/techworld/za/lounge/still-going-halogen-bulbs-and-conventional-bulbs/"", ""publisher"": ""hella.com""}]",a-rear-fog-light-is-much-brighter-than-a-tail-light,mechanism-114d15ef2de4781c
transport-005,transport,travel,Why a car mirror has a dotted vertical line,a car mirror has a dotted vertical line,Some mirrors divide standard and aspheric zones to widen the field of view.,Some mirrors divide standard and aspheric zones to widen the field of view.,The specific product construction or system described by the primary source; not all designs.,Global where this design is used; verify local requirements before naming a rule.,"Film a car mirror has a dotted vertical line; start with the visible detail, then a different close-up of the same object.",Trace rays through the two mirror zones.,pending_review,,"{""recognition"": 3, ""overlooked_detail"": 3, ""payoff"": 3, ""evidence"": 0, ""visuals"": 3}",,"[{""url"": ""https://www.magna.com/docs/default-source/ces-media-kit-assets/company-information/media-kit_driver-assistance_magna.pdf?sfvrsn=ea47783d_2"", ""publisher"": ""magna.com""}, {""url"": ""https://www.magna.com/products/exterior-interior/mirrors/actuators"", ""publisher"": ""magna.com""}, {""url"": ""https://www.magna.com/stories/tech-talks/2026/the-next-generation-of-safety-is-already-in-the-driver-s-line-of-sight"", ""publisher"": ""magna.com""}]",a-car-mirror-has-a-dotted-vertical-line,mechanism-46f8347341c9a4bb
transport-006,transport,travel,Why the passenger mirror makes cars look smaller,the passenger mirror makes cars look smaller,A convex surface widens the view while reducing apparent image size.,A convex surface widens the view while reducing apparent image size.,The specific product construction or system described by the primary source; not all designs.,Global where this design is used; verify local requirements before naming a rule.,"Film the passenger mirror makes cars look smaller; start with the visible detail, then a different close-up of the same object.",Compare a flat and convex mirror's ray paths.,pending_review,,"{""recognition"": 3, ""overlooked_detail"": 3, ""payoff"": 3, ""evidence"": 0, ""visuals"": 3}",,"[{""url"": ""https://www.nhtsa.gov/interpretations/1786y"", ""publisher"": ""nhtsa.gov""}, {""url"": ""https://static.nhtsa.gov/odi/inv/2011/INRD-EA11003-50073P.pdf"", ""publisher"": ""nhtsa.gov""}, {""url"": ""https://www.nhtsa.gov/sites/nhtsa.gov/files/fmvss/Rear_Visibility_NPRM_12032010.pdf"", ""publisher"": ""nhtsa.gov""}]",the-passenger-mirror-makes-cars-look-smaller,mechanism-747440096ea6ee00
transport-007,transport,travel,Why an automatic rear-view mirror darkens,an automatic rear-view mirror darkens,An electrochromic layer changes transmission in response to detected glare.,An electrochromic layer changes transmission in response to detected glare.,The specific product construction or system described by the primary source; not all designs.,Global where this design is used; verify local requirements before naming a rule.,"Film an automatic rear-view mirror darkens; start with the visible detail, then a different close-up of the same object.",Show sensor input changing the mirror layer.,pending_review,,"{""recognition"": 3, ""overlooked_detail"": 3, ""payoff"": 3, ""evidence"": 0, ""visuals"": 3}",,"[{""url"": ""https://ir.gentex.com/static-files/e0cb915a-ca7f-4957-9684-238c4267530b"", ""publisher"": ""gentex.com""}, {""url"": ""https://ir.gentex.com/static-files/badcf208-ecb7-45c8-b749-d809f14ec3f1"", ""publisher"": ""gentex.com""}, {""url"": ""https://ir.gentex.com/static-files/a642b8cb-422a-4c3c-bf25-887569ce3aec"", ""publisher"": ""gentex.com""}]",an-automatic-rear-view-mirror-darkens,mechanism-b3298f59ae7028dc
transport-008,transport,travel,Why a windscreen has a black dotted border,a windscreen has a black dotted border,The ceramic frit masks and protects bonding areas; dotted transitions soften the visible border.,The ceramic frit masks and protects bonding areas; dotted transitions soften the visible border.,The specific product construction or system described by the primary source; not all designs.,Global where this design is used; verify local requirements before naming a rule.,"Film a windscreen has a black dotted border; start with the visible detail, then a different close-up of the same object.",Show the adhesive behind the frit band.,pending_review,,"{""recognition"": 3, ""overlooked_detail"": 3, ""payoff"": 3, ""evidence"": 0, ""visuals"": 3}",,"[{""url"": ""https://www.agc-automotive.com/news/p-polarized-head-up-display"", ""publisher"": ""agc-automotive.com""}, {""url"": ""https://www.agc-automotive.com/de/news/p-polarized-head-up-display"", ""publisher"": ""agc-automotive.com""}, {""url"": ""https://www.agc-automotive.com/news/agcs-digital-curtain-light-control-glass-adopted-for-toyotas-century"", ""publisher"": ""agc-automotive.com""}]",a-windscreen-has-a-black-dotted-border,mechanism-1831f8f00d1f93b4
transport-009,transport,travel,Why rear windows use visible wires to clear mist,rear windows use visible wires to clear mist,Resistive tracks warm the glass and help remove condensation.,Resistive tracks warm the glass and help remove condensation.,The specific product construction or system described by the primary source; not all designs.,Global where this design is used; verify local requirements before naming a rule.,"Film rear windows use visible wires to clear mist; start with the visible detail, then a different close-up of the same object.",Trace current and heat through the rear screen.,pending_review,,"{""recognition"": 3, ""overlooked_detail"": 3, ""payoff"": 3, ""evidence"": 0, ""visuals"": 3}",,"[{""url"": ""https://www.pilkington.com/en/gbl/automotive-glass/automotive-glass-overview/automotive-product-catalogue/backlites/hydrophobic-coatings"", ""publisher"": ""pilkington.com""}, {""url"": ""https://www.pilkington.com/en-gb/united-kingdom/automotive-glass/automotive-glass-overview/automotive-product-catalogue/backlites/heated"", ""publisher"": ""pilkington.com""}, {""url"": ""https://www.pilkington.com/en-us/united-states-and-canada/knowledge-hub-selection/architectural-and-technical-glass-knowledge-hub/learn-about-glass-technology/glass-in-vehicles/water-management"", ""publisher"": ""pilkington.com""}]",architectural-glazing,mechanism-706026509c0e67b9
transport-010,transport,travel,Why windscreen wipers flip direction at each stroke,windscreen wipers flip direction at each stroke,The flexible wiping edge changes its contact orientation as motion reverses.,The flexible wiping edge changes its contact orientation as motion reverses.,Bosch two-material wiper rubber design; other blade constructions may differ.,Global where the specified design is used,"Film windscreen wipers flip direction at each stroke; start with the visible detail, then a different close-up of the same object.",Magnify the rubber edge at stroke reversal.,reviewed,"{""reviewed_at"": ""2026-09-16T10:38:58.692182+00:00"", ""method"": ""Editorial comparison of stated mechanism with retrieved primary text"", ""finding"": ""The flexible wiping edge changes its contact orientation as motion reverses."", ""scope"": ""Bosch two-material wiper rubber design; other blade constructions may differ.""}","{""recognition"": 3, ""overlooked_detail"": 3, ""payoff"": 3, ""evidence"": 3, ""visuals"": 3}",,"[{""url"": ""https://www.boschaftermarket.com/xrm/media/images/country_specific/za/services_20/xx_pdfs_31/bosch_wipers_aerotwin_jet_blade.pdf"", ""publisher"": ""boschaftermarket.com"", ""passage"": ""allowing the wiper to turn over flexibly and without noise during direction changes."", ""retrieved_at"": ""2026-09-16T10:36:36.908333+00:00""}]",windscreen-wipers-flip-direction-at-each-stroke,mechanism-92600a84414a6522
transport-011,transport,travel,Why some tyres have tiny rubber hairs,some tyres have tiny rubber hairs,Vent features in tyre moulds can leave small rubber projections.,Vent features in tyre moulds can leave small rubber projections.,The specific product construction or system described by the primary source; not all designs.,Global where this design is used; verify local requirements before naming a rule.,"Film some tyres have tiny rubber hairs; start with the visible detail, then a different close-up of the same object.",Show rubber entering a mould vent.,pending_review,,"{""recognition"": 3, ""overlooked_detail"": 3, ""payoff"": 3, ""evidence"": 0, ""visuals"": 3}",,"[{""url"": ""https://pro.africa.michelin.com/en/tyres/michelin-xdr-250"", ""publisher"": ""michelin.com""}, {""url"": ""https://www.michelin.com/en/publications/group/tire-technology-expo-2024-michelin-innovates-to-push-forward-knowledge-on-tire-and-road-wear-particles"", ""publisher"": ""michelin.com""}, {""url"": ""https://middle-east.michelin.com/en/auto/assistance/glossary"", ""publisher"": ""michelin.com""}]",tyres,mechanism-58368a74ff1846bb
transport-012,transport,travel,Why new tyres have coloured stripes on the tread,new tyres have coloured stripes on the tread,Manufacturing and logistics markings can identify tyre stock during production and handling.,Manufacturing and logistics markings can identify tyre stock during production and handling.,The specific product construction or system described by the primary source; not all designs.,Global where this design is used; verify local requirements before naming a rule.,"Film new tyres have coloured stripes on the tread; start with the visible detail, then a different close-up of the same object.",Track a marked tread through factory sorting.,pending_review,,"{""recognition"": 3, ""overlooked_detail"": 3, ""payoff"": 3, ""evidence"": 0, ""visuals"": 3}",,"[{""url"": ""https://www.continental-tires.com/tire-knowledge/motorcycle-tires-discoloration/"", ""publisher"": ""continental-tires.com""}, {""url"": ""https://www.continental-tires.com/us/en/products/truck/resources/insights/made-in-the-usa/"", ""publisher"": ""continental-tires.com""}, {""url"": ""https://www.continental-tires.com/us/en/products/truck/resources/insights/how-to-read-tire-dot-code/"", ""publisher"": ""continental-tires.com""}]",tyres,mechanism-140eba197e07b795
transport-013,transport,travel,Why tyre grooves are not all the same direction,tyre grooves are not all the same direction,Asymmetric tyres can put water-clearing grooves on the inside and larger handling blocks on the outside.,"Pattern geometry balances water evacuation, traction, wear and noise for the intended tyre.",Asymmetric tyre design example; do not apply this layout to every tread pattern.,Global where the specified design is used,"Film tyre grooves are not all the same direction; start with the visible detail, then a different close-up of the same object.",Trace water through a specified tread pattern.,reviewed,"{""reviewed_at"": ""2026-09-16T10:38:58.698220+00:00"", ""method"": ""Editorial comparison of stated mechanism with retrieved primary text"", ""finding"": ""Asymmetric tyres can put water-clearing grooves on the inside and larger handling blocks on the outside."", ""scope"": ""Asymmetric tyre design example; do not apply this layout to every tread pattern.""}","{""recognition"": 3, ""overlooked_detail"": 3, ""payoff"": 3, ""evidence"": 3, ""visuals"": 3}",,"[{""url"": ""https://africa.michelin.com/en/auto/assistance/glossary"", ""publisher"": ""michelin.com"", ""passage"": ""The inside shoulder has more grooves for water evacuation and massive tread blocks on the outside shoulder make for maximum handling."", ""retrieved_at"": ""2026-09-16T10:36:45.658111+00:00""}]",tyres,mechanism-fc43ce1224a07e9c
transport-014,transport,travel,Why tyre tread blocks have tiny slits,tyre tread blocks have tiny slits,Winter tyre sipes and block edges grip and pack snow into pockets; too many sipes would reduce tread-block stability on dry roads.,"Sipes create additional edges and influence block flexibility, especially for winter grip.",Winter tyre example; summer tyres use different stiffness and traction priorities.,Global where the specified design is used,"Film tyre tread blocks have tiny slits; start with the visible detail, then a different close-up of the same object.",Flex a siped tread block against a surface.,reviewed,"{""reviewed_at"": ""2026-09-16T10:38:58.699860+00:00"", ""method"": ""Editorial comparison of stated mechanism with retrieved primary text"", ""finding"": ""Winter tyre sipes and block edges grip and pack snow into pockets; too many sipes would reduce tread-block stability on dry roads."", ""scope"": ""Winter tyre example; summer tyres use different stiffness and traction priorities.""}","{""recognition"": 3, ""overlooked_detail"": 3, ""payoff"": 3, ""evidence"": 3, ""visuals"": 3}",,"[{""url"": ""https://www.continental-tires.com/about-us/stories/tire-treads/"", ""publisher"": ""continental-tires.com"", ""passage"": ""The block and sipe edges of a winter tire pack snow into the tread, creating numerous gripping edges and snow pockets."", ""retrieved_at"": ""2026-09-16T10:36:46.659105+00:00""}]",tyres,mechanism-9eb78bd27e14a99d
transport-015,transport,travel,Why worn tyres reveal small bridges across the grooves,worn tyres reveal small bridges across the grooves,Moulded wear indicators sit inside tread grooves and become flush with the tread as the tyre wears.,Tread-wear indicators are moulded at a specified height within the grooves.,Moulded wear-indicator example; do not present one jurisdiction's legal depth as universal.,Global where the specified design is used,"Film worn tyres reveal small bridges across the grooves; start with the visible detail, then a different close-up of the same object.",Lower tread around a wear indicator.,reviewed,"{""reviewed_at"": ""2026-09-16T10:38:58.699860+00:00"", ""method"": ""Editorial comparison of stated mechanism with retrieved primary text"", ""finding"": ""Moulded wear indicators sit inside tread grooves and become flush with the tread as the tyre wears."", ""scope"": ""Moulded wear-indicator example; do not present one jurisdiction's legal depth as universal.""}","{""recognition"": 3, ""overlooked_detail"": 3, ""payoff"": 3, ""evidence"": 3, ""visuals"": 3}",,"[{""url"": ""https://middle-east.michelin.com/en/auto/advice/change-tyres/tyre-wear"", ""publisher"": ""michelin.com"", ""passage"": ""When the height of the tread is flush with the tyre wear indicators"", ""retrieved_at"": ""2026-09-16T10:36:48.357133+00:00""}]",tyres,mechanism-593ceacd207e303f
transport-016,transport,travel,Why tyre pressure rises after driving,tyre pressure rises after driving,Warming the contained gas increases its pressure as the tyre operates.,Warming the contained gas increases its pressure as the tyre operates.,The specific product construction or system described by the primary source; not all designs.,Global where this design is used; verify local requirements before naming a rule.,"Film tyre pressure rises after driving; start with the visible detail, then a different close-up of the same object.",Compare cold and warm tyre pressure diagrams.,pending_review,,"{""recognition"": 3, ""overlooked_detail"": 3, ""payoff"": 3, ""evidence"": 0, ""visuals"": 3}",,"[{""url"": ""https://middle-east.michelin.com/en/auto/advice/tyre-pressure/check-tyre-pressure"", ""publisher"": ""michelin.com""}, {""url"": ""https://metro.michelin.com/wp-content/uploads/2018/10/Guide-PMR-20000_en.pdf"", ""publisher"": ""michelin.com""}, {""url"": ""https://middle-east.michelin.com/en/auto/advice/tyre-pressure/inflate-tyres"", ""publisher"": ""michelin.com""}]",tyres,mechanism-9db24f6e6e85f1cb
transport-017,transport,travel,Why a slow tyre leak can become a dashboard warning later,a slow tyre leak can become a dashboard warning later,Monitoring systems detect pressure or wheel-behaviour changes only under their operating conditions.,Monitoring systems detect pressure or wheel-behaviour changes only under their operating conditions.,The specific product construction or system described by the primary source; not all designs.,Global where this design is used; verify local requirements before naming a rule.,"Film a slow tyre leak can become a dashboard warning later; start with the visible detail, then a different close-up of the same object.",Compare direct sensing and indirect wheel-speed sensing.,pending_review,,"{""recognition"": 3, ""overlooked_detail"": 3, ""payoff"": 3, ""evidence"": 0, ""visuals"": 3}",,"[{""url"": ""https://www.continental.com/en/press/press-releases/20230803-real-time-digital-tire-monitoring/"", ""publisher"": ""continental.com""}, {""url"": ""https://www.continental.com/fileadmin/__imported/sites/corporate/_international/english/hubpages/10_20press/01_press_releases/06_20cvt/001_white_papers_cvt/150426_safety_by_continental_whitepaper_1__1_.pdf"", ""publisher"": ""continental.com""}, {""url"": ""https://www.continental.com/fileadmin/__imported/sites/corporate/_international/english/hubpages/30_20investors/30_20reports/annual_20reports/downloads/annual_20report_202005.pdf"", ""publisher"": ""continental.com""}]",tyres,mechanism-0ad0ff13f0995c6e
transport-018,transport,travel,Why car wheels have tiny metal blocks stuck inside,car wheels have tiny metal blocks stuck inside,Precisely placed small weights correct wheel-and-tyre imbalance that would otherwise cause vibration as it rotates.,"Those little blocks are deliberately placed corrections, not leftover manufacturing tabs.","Wheel and tyre balancing as described by Hunter; weights address imbalance, not every cause of vibration. No DIY wheel servicing instruction.",Global where the specified design is used,"Close shot of adhesive weights inside a parked wheel, followed by a different workshop balancing-machine shot with permission.","Show an off-centre mass on a rotating wheel, then a small opposing correction; label illustrative and do not imply every vibration has this cause.",reviewed,"{""reviewed_at"": ""2026-09-18T02:36:40.668226+00:00"", ""method"": ""Editorial comparison of stated mechanism with retrieved primary text"", ""finding"": ""Precisely placed small weights correct wheel-and-tyre imbalance that would otherwise cause vibration as it rotates."", ""scope"": ""Wheel and tyre balancing as described by Hunter; weights address imbalance, not every cause of vibration. No DIY wheel servicing instruction.""}","{""recognition"": 3, ""overlooked_detail"": 3, ""payoff"": 3, ""evidence"": 3, ""visuals"": 3}",,"[{""url"": ""https://www.hunter.com/en-int/wheel-balancers/smartweight/"", ""publisher"": ""hunter.com"", ""passage"": ""We balance wheels to cancel out the uncomfortable vibration when an unbalanced wheel is traveling at speed."", ""retrieved_at"": ""2026-09-16T10:36:56.905283+00:00""}]",wheel-balancing,mechanism-ac3563a0c785485c
transport-019,transport,travel,Why wheels have ventilation openings near the brakes,wheels have ventilation openings near the brakes,"Wheel geometry permits airflow and accommodates mass, strength and brake-clearance needs.","Wheel geometry permits airflow and accommodates mass, strength and brake-clearance needs.",The specific product construction or system described by the primary source; not all designs.,Global where this design is used; verify local requirements before naming a rule.,"Film wheels have ventilation openings near the brakes; start with the visible detail, then a different close-up of the same object.",Show airflow through an example wheel to the brake.,pending_review,,"{""recognition"": 3, ""overlooked_detail"": 3, ""payoff"": 3, ""evidence"": 0, ""visuals"": 3}",,"[{""url"": ""https://www.brembo.com/en/motorsport/formula1/f1-brake-ventilation"", ""publisher"": ""brembo.com""}, {""url"": ""https://www.brembo.com/en/motorsport/formula1/ventilation-holes"", ""publisher"": ""brembo.com""}, {""url"": ""https://www.brembo.com/en/news-archive/20-years-f1-brake-discs"", ""publisher"": ""brembo.com""}]",wheels-have-ventilation-openings-near-the-brakes,mechanism-4d876b9952b95d8d
transport-020,transport,travel,Why some brake discs have holes right where the pads rub,some brake discs have holes right where the pads rub,Surface holes can interrupt water lying between a brake disc and its pad; outward-facing slots help disperse that water.,"The openings meet the pad itself: their role includes clearing the contact surface, not only decorating or cooling the wheel.",The surface holes and slots described for Brembo discs; distinguish these from internal cooling channels. No claim that every drilled disc is superior.,Global where the specified design is used,"Macro of a stationary drilled rotor through wheel spokes, then a separate view of its swept braking surface.",Transparent pad sweeps across an illustrative water film; a hole interrupts the film and a radial slot provides a path outward. Separate surface features from internal vents.,reviewed,"{""reviewed_at"": ""2026-09-18T02:36:40.668226+00:00"", ""method"": ""Editorial comparison of stated mechanism with retrieved primary text"", ""finding"": ""Surface holes can interrupt water lying between a brake disc and its pad; outward-facing slots help disperse that water."", ""scope"": ""The surface holes and slots described for Brembo discs; distinguish these from internal cooling channels. No claim that every drilled disc is superior.""}","{""recognition"": 3, ""overlooked_detail"": 3, ""payoff"": 3, ""evidence"": 3, ""visuals"": 3}",,"[{""url"": ""https://www.brembo.com/en/news-archive/disc-drilled-or-slotted"", ""publisher"": ""brembo.com"", ""passage"": ""The holes also interrupts the sheet of water that can deposit on the braking surface in the rain."", ""retrieved_at"": ""2026-09-16T10:37:00.705140+00:00""}]",brake-discs,mechanism-5959e93ab9517efc
transport-021,transport,travel,Why your brake pedal can kick back during a hard stop,your brake pedal can kick back during a hard stop,Wheel-speed sensors let ABS detect impending wheel lock. Valves reduce and restore pressure at that wheel; this cycling can be felt as pedal pulses.,The apparent kickback can come from automatic pressure cycling rather than a foot deliberately pumping the pedal.,Hydraulic ABS systems of the kind described by Bosch; pedal feedback varies. Do not stage emergency braking or diagnose every pedal vibration as normal.,Global where the specified design is used,Parked-car pedal close-up and a distinct licensed ABS test clip; no newly staged road emergency.,Animate wheel-speed signal into a valve that releases and reapplies brake pressure as wheel rotation recovers. Use no unsupported cycle frequency.,reviewed,"{""reviewed_at"": ""2026-09-18T02:36:40.669963+00:00"", ""method"": ""Editorial comparison of stated mechanism with retrieved primary text"", ""finding"": ""Wheel-speed sensors let ABS detect impending wheel lock. Valves reduce and restore pressure at that wheel; this cycling can be felt as pedal pulses."", ""scope"": ""Hydraulic ABS systems of the kind described by Bosch; pedal feedback varies. Do not stage emergency braking or diagnose every pedal vibration as normal.""}","{""recognition"": 3, ""overlooked_detail"": 3, ""payoff"": 3, ""evidence"": 3, ""visuals"": 3}",,"[{""url"": ""https://www.bosch-mobility.com/en/solutions/driving-safety/antilock-braking-system/"", ""publisher"": ""bosch-mobility.com"", ""passage"": ""Depending on the particular system, the brake pedal may pulsate."", ""retrieved_at"": ""2026-09-16T10:37:05.057383+00:00""}]",antilock-braking,mechanism-b27b1a25ae1fbfcf
transport-022,transport,travel,Why an electric car slows when you lift your foot,an electric car slows when you lift your foot,Regenerative braking can use the motor as a generator under enabled driving settings.,Regenerative braking can use the motor as a generator under enabled driving settings.,The specific product construction or system described by the primary source; not all designs.,Global where this design is used; verify local requirements before naming a rule.,"Film an electric car slows when you lift your foot; start with the visible detail, then a different close-up of the same object.",Reverse energy flow from wheels to battery.,pending_review,,"{""recognition"": 3, ""overlooked_detail"": 3, ""payoff"": 3, ""evidence"": 0, ""visuals"": 3}",,"[{""url"": ""https://www.tesla.com/ownersmanual/2020_2024_modely/en_us/Owners_Manual.pdf"", ""publisher"": ""tesla.com""}, {""url"": ""https://www.tesla.com/ownersmanual/2012_2020_models/en_sg/GUID-1281224A-5CF8-45D1-9536-83C5DC120386.html"", ""publisher"": ""tesla.com""}, {""url"": ""https://www.tesla.com/ownersmanual/models/en_us/GUID-3DFFB071-C0F6-474D-8A45-17BE1A006365.html"", ""publisher"": ""tesla.com""}]",an-electric-car-slows-when-you-lift-your-foot,mechanism-38a3bbd3b6ee0b2e
transport-023,transport,travel,Why regenerative braking can weaken with a full battery,regenerative braking can weaken with a full battery,The battery may have limited capacity to accept additional charging power.,The battery may have limited capacity to accept additional charging power.,Tesla Roadster documented example; other vehicles and brake-blending settings may behave differently. No numerical temperature or driving advice.,Global where the specified design is used,"Film regenerative braking can weaken with a full battery; start with the visible detail, then a different close-up of the same object.",Show the energy-acceptance limit near full charge.,reviewed,"{""reviewed_at"": ""2026-09-16T15:26:06.922900+00:00"", ""method"": ""Editorial comparison of stated mechanism with retrieved primary text"", ""finding"": ""The battery may have limited capacity to accept additional charging power."", ""scope"": ""Tesla Roadster documented example; other vehicles and brake-blending settings may behave differently. No numerical temperature or driving advice.""}","{""recognition"": 3, ""overlooked_detail"": 3, ""payoff"": 3, ""evidence"": 3, ""visuals"": 3}",,"[{""url"": ""https://service.tesla.com/docs/Public/Roadster/TheoryOp/1.2.5/do/39.html"", ""publisher"": ""tesla.com"", ""passage"": ""When the battery is near maximum capacity, the regen will be limited to ensure the maximum capacity of the battery is not exceeded."", ""retrieved_at"": ""2026-09-16T10:37:06.302687+00:00""}]",cans,mechanism-8d4a7e7a35481082
transport-024,transport,travel,Why an electric car makes an artificial low-speed sound,an electric car makes an artificial low-speed sound,Pedestrian warning systems provide audible presence when propulsion noise is low.,Pedestrian warning systems provide audible presence when propulsion noise is low.,The specific product construction or system described by the primary source; not all designs.,Global where this design is used; verify local requirements before naming a rule.,"Film an electric car makes an artificial low-speed sound; start with the visible detail, then a different close-up of the same object.",Compare low-speed vehicle sound with warning active.,pending_review,,"{""recognition"": 3, ""overlooked_detail"": 3, ""payoff"": 3, ""evidence"": 0, ""visuals"": 3}",,"[{""url"": ""https://www.nhtsa.gov/sites/nhtsa.gov/files/quietcar-noi-draft.pdf"", ""publisher"": ""nhtsa.gov""}, {""url"": ""https://www.nhtsa.gov/sites/nhtsa.gov/files/documents/812347-minimumsoundrequirements.pdf"", ""publisher"": ""nhtsa.gov""}, {""url"": ""https://www.nhtsa.gov/sites/nhtsa.gov/files/documents/quietcar_finalrule_11142016.pdf"", ""publisher"": ""nhtsa.gov""}]",an-electric-car-makes-an-artificial-low-speed-sound,mechanism-14aa1d812e53bb7d
transport-025,transport,travel,Why cruise control behaves differently downhill,cruise control behaves differently downhill,Some systems only reduce drive power while others can apply braking.,Some systems only reduce drive power while others can apply braking.,The specific product construction or system described by the primary source; not all designs.,Global where this design is used; verify local requirements before naming a rule.,"Film cruise control behaves differently downhill; start with the visible detail, then a different close-up of the same object.",Compare two downhill speed-control strategies.,pending_review,,"{""recognition"": 3, ""overlooked_detail"": 3, ""payoff"": 3, ""evidence"": 0, ""visuals"": 3}",,"[{""url"": ""https://performanceparts.ford.com/download/charts/Fuel_Injectors_and_Adaptors.pdf"", ""publisher"": ""ford.com""}, {""url"": ""https://performanceparts.ford.com/download/instructionsheets/IS_M-6066-F150SCA_082024.PDF"", ""publisher"": ""ford.com""}, {""url"": ""https://performanceparts.ford.com/download/instructionsheets/IS_M-6066-M8800_080624.PDF"", ""publisher"": ""ford.com""}]",cruise-control-behaves-differently-downhill,mechanism-d6c937b1847becbe
transport-026,transport,travel,Why a seatbelt locks if you pull it suddenly,a seatbelt locks if you pull it suddenly,An emergency-locking retractor responds to rapid webbing movement or vehicle deceleration.,An emergency-locking retractor responds to rapid webbing movement or vehicle deceleration.,The specific product construction or system described by the primary source; not all designs.,Global where this design is used; verify local requirements before naming a rule.,"Film a seatbelt locks if you pull it suddenly; start with the visible detail, then a different close-up of the same object.",Show a pawl engaging the reel.,pending_review,,"{""recognition"": 3, ""overlooked_detail"": 3, ""payoff"": 3, ""evidence"": 0, ""visuals"": 3}",,"[{""url"": ""https://www.autoliv.com/seatbelt"", ""publisher"": ""autoliv.com""}, {""url"": ""https://www.autoliv.com/node/1807"", ""publisher"": ""autoliv.com""}, {""url"": ""https://www.autoliv.com/sites/autoliv/files/pr/alv_annual_report_2008_eng.pdf"", ""publisher"": ""autoliv.com""}]",a-seatbelt-locks-if-you-pull-it-suddenly,mechanism-a931a48bccf4cb16
transport-027,transport,travel,Why a seatbelt can retract slowly near the end,a seatbelt can retract slowly near the end,Retraction depends on spring force and friction along the belt path.,Retraction depends on spring force and friction along the belt path.,The specific product construction or system described by the primary source; not all designs.,Global where this design is used; verify local requirements before naming a rule.,"Film a seatbelt can retract slowly near the end; start with the visible detail, then a different close-up of the same object.",Compare spring torque with belt-path friction.,pending_review,,"{""recognition"": 3, ""overlooked_detail"": 3, ""payoff"": 3, ""evidence"": 0, ""visuals"": 3}",,"[{""url"": ""https://www.autoliv.com/press/autoliv-announces-new-adaptable-seatbelt-1291821"", ""publisher"": ""autoliv.com""}, {""url"": ""https://www.autoliv.com/seatbelt"", ""publisher"": ""autoliv.com""}, {""url"": ""https://www.autoliv.com/sites/autoliv/files/pr/200906162199-2.pdf?ts=1763374288"", ""publisher"": ""autoliv.com""}]",cans,mechanism-f2644d117441f080
transport-028,transport,travel,Why fuel doors are on different sides of cars,fuel doors are on different sides of cars,Vehicle packaging and manufacturer design choices determine filler placement.,Vehicle packaging and manufacturer design choices determine filler placement.,The specific product construction or system described by the primary source; not all designs.,Global where this design is used; verify local requirements before naming a rule.,"Film fuel doors are on different sides of cars; start with the visible detail, then a different close-up of the same object.",Compare two platform layouts without inventing one universal reason.,pending_review,,"{""recognition"": 3, ""overlooked_detail"": 3, ""payoff"": 3, ""evidence"": 0, ""visuals"": 3}",,"[{""url"": ""https://www.caribe.ford.com/content/dam/Ford/website-assets/cca/cca-compartido/brochures-caribe/ford-caribbean-bronco-2022-brochure-download-eng.pdf"", ""publisher"": ""ford.com""}, {""url"": ""https://corporate.ford.com/microsites/sustainability-report-2020/assets/files/sr16.pdf"", ""publisher"": ""ford.com""}, {""url"": ""https://media.ford.com/content/fordmedia/feu/de/en/news/2021/03/11/less-is-more--how-a-new-design-approach-changed-the-view-from-th.html"", ""publisher"": ""ford.com""}]",doors,mechanism-99f91a67f51fbd07
transport-029,transport,travel,Why a fuel pump stops before fuel spills out,a fuel pump stops before fuel spills out,A sensing passage and pressure change trigger the nozzle's automatic shutoff.,A sensing passage and pressure change trigger the nozzle's automatic shutoff.,The specific product construction or system described by the primary source; not all designs.,Global where this design is used; verify local requirements before naming a rule.,"Film a fuel pump stops before fuel spills out; start with the visible detail, then a different close-up of the same object.",Trace air through the nozzle sensing port.,pending_review,,"{""recognition"": 3, ""overlooked_detail"": 3, ""payoff"": 3, ""evidence"": 0, ""visuals"": 3}",,"[{""url"": ""https://www.opwglobal.com/products/us/standard-dispensing-equipment/automatic-nozzles-gas-station/11a-and-11b-automatic-nozzles"", ""publisher"": ""opwglobal.com""}, {""url"": ""https://www.opwglobal.com/products/us/retail-fueling-products/standard-dispensing-equipment/automatic-nozzles-gas-station/extreme-cold-weather-approved-nozzles"", ""publisher"": ""opwglobal.com""}, {""url"": ""https://www.opwglobal.com/products/us/retail-fueling-products/above-ground-products/standard-dispensing-equipment/automatic-nozzles-gas-station/11a-and-11b-automatic-nozzles"", ""publisher"": ""opwglobal.com""}]",a-fuel-pump-stops-before-fuel-spills-out,mechanism-aac08f0ed2b0d0b9
transport-030,transport,travel,Why a car horn sounds like more than one note,a car horn sounds like more than one note,Some horn assemblies combine tones to create their intended acoustic character.,Some horn assemblies combine tones to create their intended acoustic character.,The specific product construction or system described by the primary source; not all designs.,Global where this design is used; verify local requirements before naming a rule.,"Film a car horn sounds like more than one note; start with the visible detail, then a different close-up of the same object.",Overlay two horn frequencies.,pending_review,,"{""recognition"": 3, ""overlooked_detail"": 3, ""payoff"": 3, ""evidence"": 0, ""visuals"": 3}",,"[{""url"": ""https://www.hella.com/lightstyle/in/horns-and-fanfares/"", ""publisher"": ""hella.com""}, {""url"": ""https://www.hella.com/lightstyle/my/horns-and-fanfares/"", ""publisher"": ""hella.com""}, {""url"": ""https://www.hella.com/lightstyle/za/horns-and-fanfares/"", ""publisher"": ""hella.com""}]",a-car-horn-sounds-like-more-than-one-note,mechanism-56caae7e3ea0cd62
transport-031,transport,travel,Why road markings look much brighter at night when dry,road markings look much brighter at night when dry,"Retroreflective beads return headlight illumination, and surface water changes their optical path.","Retroreflective beads return headlight illumination, and surface water changes their optical path.",The specific product construction or system described by the primary source; not all designs.,Global where this design is used; verify local requirements before naming a rule.,"Film road markings look much brighter at night when dry; start with the visible detail, then a different close-up of the same object.",Compare dry and submerged glass beads.,pending_review,,"{""recognition"": 3, ""overlooked_detail"": 3, ""payoff"": 3, ""evidence"": 0, ""visuals"": 3}",,"[{""url"": ""https://www.3m.com/3M/en_US/road-safety-us/resources/road-transportation-safety-center-blog/full-story/~/why-do-pavement-markings-disappear-in-the-rain/?storyid=90b6c8e2-1c04-4491-adc6-9df3e09f022d"", ""publisher"": ""3m.com""}, {""url"": ""https://www.3m.com/3M/en_US/road-safety-us/resources/road-transportation-safety-center-blog/full-story/?storyid=13cce94e-08d1-4545-86b8-8924d66c9dcf"", ""publisher"": ""3m.com""}, {""url"": ""https://www.3m.com/3M/en_US/road-safety-us/resources/road-transportation-safety-center-blog/full-story/~/road-markings-at-night/?storyid=bbc653cc-c8ec-457b-8772-0f458aae279e"", ""publisher"": ""3m.com""}]",road-markings-look-much-brighter-at-night-when-dry,mechanism-dd5a3c00e35fe56a
transport-032,transport,travel,Why rumble strips have regular gaps in some places,rumble strips have regular gaps in some places,"Design gaps can accommodate cyclists, drainage or intersections depending on the installation.","Design gaps can accommodate cyclists, drainage or intersections depending on the installation.",The specific product construction or system described by the primary source; not all designs.,Global where this design is used; verify local requirements before naming a rule.,"Film rumble strips have regular gaps in some places; start with the visible detail, then a different close-up of the same object.",Show a bicycle crossing a designed gap.,pending_review,,"{""recognition"": 3, ""overlooked_detail"": 3, ""payoff"": 3, ""evidence"": 0, ""visuals"": 3}",,"[{""url"": ""https://highways.fhwa.dot.gov/safety/rwd/keep-vehicles-road/rumble-strips/rumble-strip-implementation-guide-addressing-bicycle"", ""publisher"": ""fhwa.dot.gov""}, {""url"": ""https://highways.fhwa.dot.gov/safety/rwd/keep-vehicles-road/rumble-strips/design-construction"", ""publisher"": ""fhwa.dot.gov""}, {""url"": ""https://highways.fhwa.dot.gov/safety/rwd/keep-vehicles-road/rumble-strips/bicycles"", ""publisher"": ""fhwa.dot.gov""}]",rumble-strips-have-regular-gaps-in-some-places,mechanism-4d36c5e9e1831fa3
transport-033,transport,travel,Why traffic lights sometimes stay red when the road looks empty,traffic lights sometimes stay red when the road looks empty,"Signal timing may include minimum intervals, coordination or detection constraints.","Signal timing may include minimum intervals, coordination or detection constraints.",The specific product construction or system described by the primary source; not all designs.,Global where this design is used; verify local requirements before naming a rule.,"Film traffic lights sometimes stay red when the road looks empty; start with the visible detail, then a different close-up of the same object.",Show the active timing stages in a junction.,pending_review,,"{""recognition"": 3, ""overlooked_detail"": 3, ""payoff"": 3, ""evidence"": 0, ""visuals"": 3}",,"[{""url"": ""https://www.fhwa.dot.gov/innovation/everydaycounts/edc-1/asct.cfm"", ""publisher"": ""fhwa.dot.gov""}, {""url"": ""https://ops.fhwa.dot.gov/publications/signal_timing/04.htm"", ""publisher"": ""fhwa.dot.gov""}, {""url"": ""https://ops.fhwa.dot.gov/publications/fhwahop08024/chapter5.htm"", ""publisher"": ""fhwa.dot.gov""}]",traffic-signals,mechanism-be36d0fe0bd3159d
transport-034,transport,travel,Why a bicycle sometimes fails to trigger a junction detector,a bicycle sometimes fails to trigger a junction detector,"Inductive detector response depends on loop design, sensitivity and vehicle position.","Inductive detector response depends on loop design, sensitivity and vehicle position.",Inductive bicycle detection discussed by FHWA; not all junction detectors use loops.,Global where the specified design is used,"Film a bicycle sometimes fails to trigger a junction detector; start with the visible detail, then a different close-up of the same object.",Compare bicycle positions over a loop.,reviewed,"{""reviewed_at"": ""2026-09-16T15:26:06.938682+00:00"", ""method"": ""Editorial comparison of stated mechanism with retrieved primary text"", ""finding"": ""Inductive detector response depends on loop design, sensitivity and vehicle position."", ""scope"": ""Inductive bicycle detection discussed by FHWA; not all junction detectors use loops.""}","{""recognition"": 3, ""overlooked_detail"": 3, ""payoff"": 3, ""evidence"": 3, ""visuals"": 3}",,"[{""url"": ""https://www.fhwa.dot.gov/policyinformation/tmguide/tmg_2022/traffic-data-collection.cfm"", ""publisher"": ""fhwa.dot.gov"", ""passage"": ""The sensitivity should be high enough to detect non-ferrous bicycle frames but not so high as to detect motor vehicles in adjacent lanes."", ""retrieved_at"": ""2026-09-16T10:39:19.841482+00:00""}]",traffic-signals,mechanism-c409f3a3433f6836
transport-035,transport,travel,Why traffic lights include an all-red pause,traffic lights include an all-red pause,Clearance intervals provide time between conflicting movements.,Clearance intervals provide time between conflicting movements.,US intersection example; clearance timing and signals vary locally.,Global where the specified design is used,"Film traffic lights include an all-red pause; start with the visible detail, then a different close-up of the same object.",Track the final vehicle before the next phase.,reviewed,"{""reviewed_at"": ""2026-09-16T15:26:06.955290+00:00"", ""method"": ""Editorial comparison of stated mechanism with retrieved primary text"", ""finding"": ""Clearance intervals provide time between conflicting movements."", ""scope"": ""US intersection example; clearance timing and signals vary locally.""}","{""recognition"": 3, ""overlooked_detail"": 3, ""payoff"": 3, ""evidence"": 3, ""visuals"": 3}",,"[{""url"": ""https://highways.fhwa.dot.gov/sites/fhwa.dot.gov/files/2023-12/FHWASA09014.pdf"", ""publisher"": ""fhwa.dot.gov"", ""passage"": ""provides additional time before conflicting traffic is released following the yellow-change interval."", ""retrieved_at"": ""2026-09-16T10:39:24.614778+00:00""}]",traffic-signals,mechanism-0bc09969f1bd32f5
transport-036,transport,travel,Why a crossing countdown can run while the hand is flashing,a crossing countdown can run while the hand is flashing,"In this US signal design, the countdown measures the pedestrian clearance interval, not an unrestricted invitation to start crossing.",The countdown can indicate a clearance interval rather than the entire permission-to-start period.,US MUTCD 2009 documented example; do not describe it as every country's current rule or permission to begin crossing.,Global where the specified design is used,"Film pedestrian countdowns can begin before the signal turns red; start with the visible detail, then a different close-up of the same object.",Label walk and clearance phases for one jurisdiction.,reviewed,"{""reviewed_at"": ""2026-09-16T15:26:06.967887+00:00"", ""method"": ""Editorial comparison of stated mechanism with retrieved primary text"", ""finding"": ""In this US signal design, the countdown measures the pedestrian clearance interval, not an unrestricted invitation to start crossing."", ""scope"": ""US MUTCD 2009 documented example; do not describe it as every country's current rule or permission to begin crossing.""}","{""recognition"": 3, ""overlooked_detail"": 3, ""payoff"": 3, ""evidence"": 3, ""visuals"": 3}",,"[{""url"": ""https://mutcd.fhwa.dot.gov/htm/2009/part4/part4e.htm"", ""publisher"": ""fhwa.dot.gov"", ""passage"": ""the number of seconds remaining until the termination of the pedestrian change interval"", ""retrieved_at"": ""2026-09-16T10:39:27.551025+00:00""}]",cans,mechanism-deb90408fe6c1805
transport-037,transport,travel,Why some junctions let pedestrians move before cars,some junctions let pedestrians move before cars,A leading pedestrian interval establishes pedestrians in the crossing before turning traffic starts.,A leading pedestrian interval establishes pedestrians in the crossing before turning traffic starts.,Leading pedestrian interval example; signal arrangements and timing vary by junction.,Global where the specified design is used,"Film some junctions let pedestrians move before cars; start with the visible detail, then a different close-up of the same object.",Animate staggered release at a crossing.,reviewed,"{""reviewed_at"": ""2026-09-16T15:26:06.981662+00:00"", ""method"": ""Editorial comparison of stated mechanism with retrieved primary text"", ""finding"": ""A leading pedestrian interval establishes pedestrians in the crossing before turning traffic starts."", ""scope"": ""Leading pedestrian interval example; signal arrangements and timing vary by junction.""}","{""recognition"": 3, ""overlooked_detail"": 3, ""payoff"": 3, ""evidence"": 3, ""visuals"": 3}",,"[{""url"": ""https://ops.fhwa.dot.gov/publications/fhwahop08024/chapter4.htm"", ""publisher"": ""fhwa.dot.gov"", ""passage"": ""This allows pedestrians to establish a presence in the crosswalk and thereby reduce conflicts with turning vehicles."", ""retrieved_at"": ""2026-09-16T10:39:29.318238+00:00""}]",traffic-signals,mechanism-140c859fcc34a981
transport-038,transport,travel,Why crossing islands are staggered instead of straight,crossing islands are staggered instead of straight,A staggered layout can orient pedestrians toward approaching traffic and separate crossing stages.,A staggered layout can orient pedestrians toward approaching traffic and separate crossing stages.,The specific product construction or system described by the primary source; not all designs.,Global where this design is used; verify local requirements before naming a rule.,"Film crossing islands are staggered instead of straight; start with the visible detail, then a different close-up of the same object.",Trace a pedestrian's sightline on a refuge island.,pending_review,,"{""recognition"": 3, ""overlooked_detail"": 3, ""payoff"": 3, ""evidence"": 0, ""visuals"": 3}",,"[{""url"": ""https://www.southwark.gov.uk/sites/default/files/2024-10/ds_113_traffic_islands.pdf"", ""publisher"": ""gov.uk""}, {""url"": ""https://www.edinburgh.gov.uk/downloads/file/30957/all-factsheets-published-to-date-%E2%80%93-march-2022"", ""publisher"": ""gov.uk""}, {""url"": ""https://www.north-herts.gov.uk/sites/default/files/2026-05/CD8%20-%208.55.%20DfT%20Manual-for-streets-2.pdf"", ""publisher"": ""gov.uk""}]",traffic-signals,mechanism-4118ca84a1667c17
transport-039,transport,travel,Why bus lanes sometimes end before a junction,bus lanes sometimes end before a junction,"Lane transitions depend on turning movements, signal design and local priorities.","Lane transitions depend on turning movements, signal design and local priorities.",The specific product construction or system described by the primary source; not all designs.,Global where this design is used; verify local requirements before naming a rule.,"Film bus lanes sometimes end before a junction; start with the visible detail, then a different close-up of the same object.",Show one documented junction's bus and turn paths.,pending_review,,"{""recognition"": 3, ""overlooked_detail"": 3, ""payoff"": 3, ""evidence"": 0, ""visuals"": 3}",,"[{""url"": ""https://content.tfl.gov.uk/bus-priority-best-practice-design-guidance-nov-2025.pdf"", ""publisher"": ""tfl.gov.uk""}, {""url"": ""https://tfl.gov.uk/corporate/transparency/freedom-of-information/foi-request-detail?referenceId=FOI-3386-2526"", ""publisher"": ""tfl.gov.uk""}, {""url"": ""https://content.tfl.gov.uk/bus-priority-best-practice-design-guidance.pdf"", ""publisher"": ""tfl.gov.uk""}]",traffic-signals,mechanism-537951a0983226be
transport-040,transport,travel,Why buses lower themselves at a stop,buses lower themselves at a stop,Kneeling suspension reduces the step or ramp height for boarding.,Kneeling suspension reduces the step or ramp height for boarding.,The specific product construction or system described by the primary source; not all designs.,Global where this design is used; verify local requirements before naming a rule.,"Film buses lower themselves at a stop; start with the visible detail, then a different close-up of the same object.",Lower an air-suspended bus beside a kerb.,pending_review,,"{""recognition"": 3, ""overlooked_detail"": 3, ""payoff"": 3, ""evidence"": 0, ""visuals"": 3}",,"[{""url"": ""https://driverguide.volvobuses.com/lang/en/chassi/VOLVO790042/topic/254344"", ""publisher"": ""volvobuses.com""}, {""url"": ""https://www.volvobuses.com/content/dam/volvo-buses/markets/global/classic/news/2010/OnTheMove_2-2010_ENG.pdf"", ""publisher"": ""volvobuses.com""}, {""url"": ""https://www.volvobuses.com/content/dam/volvo-buses/markets/global/classic/news/2010/100816_Volvobuses_Panama_e.pdf"", ""publisher"": ""volvobuses.com""}]",buses-lower-themselves-at-a-stop,mechanism-abd7a929ebcaa723
transport-041,transport,travel,Why bus doors may refuse to open while moving,bus doors may refuse to open while moving,Interlocks restrict door operation according to vehicle speed and system state.,Interlocks restrict door operation according to vehicle speed and system state.,The specific product construction or system described by the primary source; not all designs.,Global where this design is used; verify local requirements before naming a rule.,"Film bus doors may refuse to open while moving; start with the visible detail, then a different close-up of the same object.",Show speed input blocking a door command.,pending_review,,"{""recognition"": 3, ""overlooked_detail"": 3, ""payoff"": 3, ""evidence"": 0, ""visuals"": 3}",,"[{""url"": ""https://www.volvobuses.com/content/dam/volvo-buses/markets/global/classic/news/2011/111202__Pressinfo_EBSF_ENG.pdf"", ""publisher"": ""volvobuses.com""}, {""url"": ""https://driverguide.volvobuses.com/lang/en/chassi/VOLVO7900E42/topic/253378/"", ""publisher"": ""volvobuses.com""}, {""url"": ""https://driverguide.volvobuses.com/lang/en/chassi/VOLVO790042/topic/254344"", ""publisher"": ""volvobuses.com""}]",doors,mechanism-d4f0217b5640770c
transport-042,transport,travel,Why long buses bend behind the driver,long buses bend behind the driver,An articulated joint lets a long passenger vehicle negotiate turns.,An articulated joint lets a long passenger vehicle negotiate turns.,The specific product construction or system described by the primary source; not all designs.,Global where this design is used; verify local requirements before naming a rule.,"Film long buses bend behind the driver; start with the visible detail, then a different close-up of the same object.",Compare the swept paths of rigid and articulated buses.,pending_review,,"{""recognition"": 3, ""overlooked_detail"": 3, ""payoff"": 3, ""evidence"": 0, ""visuals"": 3}",,"[{""url"": ""https://www.mercedes-benz-bus.com/en_DE/models/capacity/comfort-and-design/design.html"", ""publisher"": ""mercedes-benz-bus.com""}, {""url"": ""https://www.mercedes-benz-bus.com/int/en/models/citaro-ue.html"", ""publisher"": ""mercedes-benz-bus.com""}, {""url"": ""https://www.mercedes-benz-bus.com/es/es/models/capacity.html"", ""publisher"": ""mercedes-benz-bus.com""}]",long-buses-bend-behind-the-driver,mechanism-874beaec15c7737e
transport-043,transport,travel,Why trains have tapered wheel treads,trains have tapered wheel treads,Wheel-rail geometry can help guide a wheelset through curves within design limits.,Wheel-rail geometry can help guide a wheelset through curves within design limits.,The specific product construction or system described by the primary source; not all designs.,Global where this design is used; verify local requirements before naming a rule.,"Film trains have tapered wheel treads; start with the visible detail, then a different close-up of the same object.",Show different rolling radii as a wheelset shifts.,pending_review,,"{""recognition"": 3, ""overlooked_detail"": 3, ""payoff"": 3, ""evidence"": 0, ""visuals"": 3}",,"[{""url"": ""https://www.networkrail.co.uk/our-work/looking-after-the-railway/track/"", ""publisher"": ""networkrail.co.uk""}, {""url"": ""https://www.networkrail.co.uk/stories/infrastructure-insights-track-maintenance-and-renewal/"", ""publisher"": ""networkrail.co.uk""}, {""url"": ""https://www.networkrail.co.uk/wp-content/uploads/2019/05/Guide-to-calculating-Tgamma-values-April-2019.pdf"", ""publisher"": ""networkrail.co.uk""}]",trains,mechanism-6dcd06fba741c765
transport-044,transport,travel,Why train wheels can squeal on a tight curve,train wheels can squeal on a tight curve,Wheel-rail contact and lateral slip can excite vibration on curves.,Wheel-rail contact and lateral slip can excite vibration on curves.,The specific product construction or system described by the primary source; not all designs.,Global where this design is used; verify local requirements before naming a rule.,"Film train wheels can squeal on a tight curve; start with the visible detail, then a different close-up of the same object.",Animate lateral slip and wheel vibration.,pending_review,,"{""recognition"": 3, ""overlooked_detail"": 3, ""payoff"": 3, ""evidence"": 0, ""visuals"": 3}",,"[{""url"": ""https://www.networkrail.co.uk/wp-content/uploads/2019/06/Challenge-statement-track-improved-application-of-friction-management.pdf"", ""publisher"": ""networkrail.co.uk""}, {""url"": ""https://www.networkrail.co.uk/stories/tackling-leaves-on-the-line-with-artificial-intelligence/"", ""publisher"": ""networkrail.co.uk""}, {""url"": ""https://www.networkrail.co.uk/stories/why-cant-normal-train-services-run-on-snow-and-ice/"", ""publisher"": ""networkrail.co.uk""}]",cans,mechanism-5318b8ea8e036558
transport-045,transport,travel,Why railway tracks sit on jagged stones,railway tracks sit on jagged stones,"Ballast supports sleepers, distributes load and provides drainage while resisting movement.","Ballast supports sleepers, distributes load and provides drainage while resisting movement.",The specific product construction or system described by the primary source; not all designs.,Global where this design is used; verify local requirements before naming a rule.,"Film railway tracks sit on jagged stones; start with the visible detail, then a different close-up of the same object.",Trace loads and water through a ballast bed.,pending_review,,"{""recognition"": 3, ""overlooked_detail"": 3, ""payoff"": 3, ""evidence"": 0, ""visuals"": 3}",,"[{""url"": ""https://www.networkrail.co.uk/our-work/looking-after-the-railway/track/"", ""publisher"": ""networkrail.co.uk""}, {""url"": ""https://www.networkrail.co.uk/stories/infrastructure-insights-track-maintenance-and-renewal/"", ""publisher"": ""networkrail.co.uk""}, {""url"": ""https://www.networkrail.co.uk/rail-travel/delays-explained/buckled-rail-and-summer-heat/"", ""publisher"": ""networkrail.co.uk""}]",trains,mechanism-02c4b0fa7e8df06a
transport-046,transport,travel,Why some rail sections have small insulated joints,some rail sections have small insulated joints,Insulated joints separate electrical sections used by particular signalling systems.,Insulated joints separate electrical sections used by particular signalling systems.,The specific product construction or system described by the primary source; not all designs.,Global where this design is used; verify local requirements before naming a rule.,"Film some rail sections have small insulated joints; start with the visible detail, then a different close-up of the same object.",Split a track circuit at an insulated joint.,pending_review,,"{""recognition"": 3, ""overlooked_detail"": 3, ""payoff"": 3, ""evidence"": 0, ""visuals"": 3}",,"[{""url"": ""https://www.networkrail.co.uk/wp-content/uploads/2017/09/FOI2017-00552-High-Pitch-Sounds-.pdf"", ""publisher"": ""networkrail.co.uk""}, {""url"": ""https://www.networkrail.co.uk/wp-content/uploads/2026/04/Challenges-Issue-April-2026.pdf"", ""publisher"": ""networkrail.co.uk""}, {""url"": ""https://www.networkrail.co.uk/our-work/looking-after-the-railway/track/third-rail/"", ""publisher"": ""networkrail.co.uk""}]",some-rail-sections-have-small-insulated-joints,mechanism-99c736114adc951d
transport-047,transport,travel,Why a platform can have two different stopping marks,a platform can have two different stopping marks,Different train lengths or door arrangements require different stopping positions.,Different train lengths or door arrangements require different stopping positions.,The specific product construction or system described by the primary source; not all designs.,Global where this design is used; verify local requirements before naming a rule.,"Film a platform can have two different stopping marks; start with the visible detail, then a different close-up of the same object.",Align two train formations with platform doors.,pending_review,,"{""recognition"": 3, ""overlooked_detail"": 3, ""payoff"": 3, ""evidence"": 0, ""visuals"": 3}",,"[{""url"": ""https://www.networkrail.co.uk/wp-content/uploads/2023/12/NR-GN-CIV-100-03-Station-Capacity-Planning-guidance.pdf"", ""publisher"": ""networkrail.co.uk""}, {""url"": ""https://www.networkrail.co.uk/wp-content/uploads/2024/07/NR-GN-CIV-300-04-Inclusive-Design.pdf"", ""publisher"": ""networkrail.co.uk""}, {""url"": ""https://www.networkrail.co.uk/industry-and-commercial/the-timetable/"", ""publisher"": ""networkrail.co.uk""}]",cans,mechanism-e842e72c54ec32fe
transport-048,transport,travel,Why platform doors do not open until the train is aligned,platform doors do not open until the train is aligned,Interlocks coordinate the platform barrier with the train's position and door state.,Interlocks coordinate the platform barrier with the train's position and door state.,The specific product construction or system described by the primary source; not all designs.,Global where this design is used; verify local requirements before naming a rule.,"Film platform doors do not open until the train is aligned; start with the visible detail, then a different close-up of the same object.",Show alignment enabling paired door opening.,pending_review,,"{""recognition"": 3, ""overlooked_detail"": 3, ""payoff"": 3, ""evidence"": 0, ""visuals"": 3}",,"[{""url"": ""https://www.smrt.com.sg/getmedia/d02f5c96-d20b-4c3b-9985-c10d9d589b7b/SMRT_OpsReview2017.pdf?ext=.pdf"", ""publisher"": ""smrt.com.sg""}, {""url"": ""https://www.smrt.com.sg/getmedia/ceff4a24-1bd6-4b06-8e82-9ef44be82750/SMRT_Group_Review_2019_2020.pdf?ext=.pdf"", ""publisher"": ""smrt.com.sg""}, {""url"": ""https://www.smrt.com.sg/getmedia/1aef489a-c002-4425-86e0-b7475aeba5f5/2005_AR.pdf?ext=.pdf"", ""publisher"": ""smrt.com.sg""}]",doors,mechanism-89451fedb8c0f322
transport-049,transport,travel,Why train announcements sometimes precede the visible train,train announcements sometimes precede the visible train,Signalling or location systems can report an approaching train before it reaches the platform.,Signalling or location systems can report an approaching train before it reaches the platform.,The specific product construction or system described by the primary source; not all designs.,Global where this design is used; verify local requirements before naming a rule.,"Film train announcements sometimes precede the visible train; start with the visible detail, then a different close-up of the same object.",Trace location data to a passenger display.,pending_review,,"{""recognition"": 3, ""overlooked_detail"": 3, ""payoff"": 3, ""evidence"": 0, ""visuals"": 3}",,"[{""url"": ""https://tfl.gov.uk/corporate/transparency/freedom-of-information/foi-request-detail?referenceId=FOI-0354-2223"", ""publisher"": ""tfl.gov.uk""}, {""url"": ""https://tfl.gov.uk/corporate/transparency/freedom-of-information/foi-request-detail?referenceId=FOI-0484-2223"", ""publisher"": ""tfl.gov.uk""}, {""url"": ""https://tfl.gov.uk/corporate/transparency/freedom-of-information/foi-request-detail?referenceId=FOI-1346-2526"", ""publisher"": ""tfl.gov.uk""}]",trains,mechanism-1af2eb05142a7050
transport-050,transport,travel,Why metro trains can stop so precisely,metro trains can stop so precisely,Automatic train operation uses position and speed feedback to control braking toward a stopping point.,Automatic train operation uses position and speed feedback to control braking toward a stopping point.,Beacon-based automated metro control described by the manufacturer; not every train system uses identical positioning hardware.,Global where the specified design is used,"Film metro trains can stop so precisely; start with the visible detail, then a different close-up of the same object.",Plot a controlled approach to a platform marker.,reviewed,"{""reviewed_at"": ""2026-09-16T15:26:06.994111+00:00"", ""method"": ""Editorial comparison of stated mechanism with retrieved primary text"", ""finding"": ""Automatic train operation uses position and speed feedback to control braking toward a stopping point."", ""scope"": ""Beacon-based automated metro control described by the manufacturer; not every train system uses identical positioning hardware.""}","{""recognition"": 3, ""overlooked_detail"": 3, ""payoff"": 3, ""evidence"": 3, ""visuals"": 3}",,"[{""url"": ""https://www.alstom.com/press-releases-news/2022/7/who-drives-driverless-train"", ""publisher"": ""alstom.com"", ""passage"": ""the beacons are also responsible for indicating to the metro how to precisely position itself in the station"", ""retrieved_at"": ""2026-09-16T10:40:31.195705+00:00""}]",cans,mechanism-a4b215d347f24231
transport-051,transport,travel,Why aeroplane wing tips bend upward,aeroplane wing tips bend upward,Wingtip devices can reduce induced drag by modifying the wingtip flow.,Wingtip devices can reduce induced drag by modifying the wingtip flow.,Winglet design integrated with the whole wing; omit general fuel-saving percentages.,Global where the specified design is used,"Film aeroplane wing tips bend upward; start with the visible detail, then a different close-up of the same object.",Compare airflow behind wings with and without winglets.,reviewed,"{""reviewed_at"": ""2026-09-16T15:26:07.008373+00:00"", ""method"": ""Editorial comparison of stated mechanism with retrieved primary text"", ""finding"": ""Wingtip devices can reduce induced drag by modifying the wingtip flow."", ""scope"": ""Winglet design integrated with the whole wing; omit general fuel-saving percentages.""}","{""recognition"": 3, ""overlooked_detail"": 3, ""payoff"": 3, ""evidence"": 3, ""visuals"": 3}",,"[{""url"": ""https://www1.grc.nasa.gov/beginners-guide-to-aeronautics/winglets/"", ""publisher"": ""nasa.gov"", ""passage"": ""The idea behind the winglet is to reduce the strength of the tip vortex"", ""retrieved_at"": ""2026-09-16T10:40:33.544421+00:00""}]",aircraft,mechanism-36584726f84a4c7a
transport-052,transport,travel,Why aircraft wings flex during flight,aircraft wings flex during flight,Elastic structural design allows load-dependent deflection within certified limits.,Elastic structural design allows load-dependent deflection within certified limits.,The specific product construction or system described by the primary source; not all designs.,Global where this design is used; verify local requirements before naming a rule.,"Film aircraft wings flex during flight; start with the visible detail, then a different close-up of the same object.",Bend a wing under distributed lift.,pending_review,,"{""recognition"": 3, ""overlooked_detail"": 3, ""payoff"": 3, ""evidence"": 0, ""visuals"": 3}",,"[{""url"": ""https://www.airbus.com/en/newsroom/press-releases/2019-06-how-the-albatross-is-inspiring-next-generation-of-aircraft-wings"", ""publisher"": ""airbus.com""}, {""url"": ""https://www.airbus.com/en/newsroom/stories/2019-07-the-albatross-is-inspiring-tomorrows-aircraft-wings"", ""publisher"": ""airbus.com""}, {""url"": ""https://www.airbus.com/sites/g/files/jlcbta136/files/00b58c83871389c7059b1b6ce8ed296c_EN-AlbatrossOne.pdf"", ""publisher"": ""airbus.com""}]",aircraft,mechanism-c754ca2c09dae928
transport-053,transport,travel,Why aircraft tyres smoke briefly on landing,aircraft tyres smoke briefly on landing,"A stationary wheel accelerates rapidly on contact with the runway, producing frictional heating.","A stationary wheel accelerates rapidly on contact with the runway, producing frictional heating.",The specific product construction or system described by the primary source; not all designs.,Global where this design is used; verify local requirements before naming a rule.,"Film aircraft tyres smoke briefly on landing; start with the visible detail, then a different close-up of the same object.",Show wheel spin-up at touchdown.,pending_review,,"{""recognition"": 3, ""overlooked_detail"": 3, ""payoff"": 3, ""evidence"": 0, ""visuals"": 3}",,"[{""url"": ""https://middle-east.michelin.com/en/tyre-fire-hazards"", ""publisher"": ""michelin.com""}, {""url"": ""https://middle-east.michelin.com/en/auto/advice/tyre-pressure/inflate-tyres"", ""publisher"": ""michelin.com""}, {""url"": ""https://aircraft.michelin.com/products/pilot"", ""publisher"": ""michelin.com""}]",tyres,mechanism-d631717d03c28d64
transport-054,transport,travel,Why aeroplane windows have several panes,aeroplane windows have several panes,Multiple panes divide pressure-bearing and protective functions in the window assembly.,Multiple panes divide pressure-bearing and protective functions in the window assembly.,The specific product construction or system described by the primary source; not all designs.,Global where this design is used; verify local requirements before naming a rule.,"Film aeroplane windows have several panes; start with the visible detail, then a different close-up of the same object.",Label the separate panes of a passenger window.,pending_review,,"{""recognition"": 3, ""overlooked_detail"": 3, ""payoff"": 3, ""evidence"": 0, ""visuals"": 3}",,"[{""url"": ""https://safetyfirst.airbus.com/under-the-spotlights/?airbus-iframe=true&airbus-post=2055"", ""publisher"": ""airbus.com""}, {""url"": ""https://www.airbus.com/en/newsroom/stories/2023-06-the-wonder-of-wings"", ""publisher"": ""airbus.com""}, {""url"": ""https://www.aircraft.airbus.com/en/newsroom/stories/2026-02-5-reasons-why-the-a220-offers-the-most-premium-cabin-feel-in-its-category"", ""publisher"": ""airbus.com""}]",aircraft-windows,mechanism-6e383108c56d4d41
transport-055,transport,travel,Why some jet engines have a sawtooth edge,some jet engines have a sawtooth edge,Chevron nozzle edges change the mixing of hot core air and cooler fan air to reduce jet noise.,The jagged edge is an acoustic design feature rather than decorative trim.,Chevron-equipped turbofan designs; effectiveness depends on integration with the engine. No universal noise-reduction percentage.,Global where the specified design is used,"Use a licensed close-up of an engine with visible chevrons, then a distinct view of the same engine design.","Animate hot and cool flow meeting behind smooth and chevron edges; label the flow as an illustration, with no invented noise measurements.",reviewed,"{""method"": ""Primary-text comparison and channel-history replacement"", ""reviewed_at"": ""2026-09-16T15:46:54.771158+00:00"", ""finding"": ""Chevron nozzle edges change the mixing of hot core air and cooler fan air to reduce jet noise."", ""scope"": ""Chevron-equipped turbofan designs; effectiveness depends on integration with the engine. No universal noise-reduction percentage.""}","{""recognition"": 3, ""overlooked_detail"": 4, ""payoff"": 4, ""evidence"": 3, ""visuals"": 3}",Replaces the window-hole explanation already published on 2026-06-28.,"[{""url"": ""https://www.nasa.gov/aeronautics/nasa-helps-create-a-more-silent-night/"", ""publisher"": ""nasa.gov"", ""passage"": ""the shaped edges serve to smooth the mixing, which reduces turbulence that creates noise."", ""retrieved_at"": ""2026-09-16T15:27:39.767337+00:00""}]",some-jet-engines-have-a-sawtooth-edge,mechanism-7c34787727a51bae
transport-056,transport,travel,Why overhead air nozzles feel stronger when partly closed,overhead air nozzles feel stronger when partly closed,Changing outlet area and direction alters the local jet felt by the passenger.,Changing outlet area and direction alters the local jet felt by the passenger.,The specific product construction or system described by the primary source; not all designs.,Global where this design is used; verify local requirements before naming a rule.,"Film overhead air nozzles feel stronger when partly closed; start with the visible detail, then a different close-up of the same object.",Compare nozzle opening and air-jet shape.,pending_review,,"{""recognition"": 3, ""overlooked_detail"": 3, ""payoff"": 3, ""evidence"": 0, ""visuals"": 3}",,"[{""url"": ""https://www.collinsaerospace.com/-/media/CA/product-assets/files/commercial/flight-deck/surveillance/air-data-systems/angle-of-attack-aoa-systems.pdf?rev=5334a65820844e7ebc8b8b89d7bf4422"", ""publisher"": ""collinsaerospace.com""}, {""url"": ""https://www.collinsaerospace.com/-/media/CA/product-assets/marketing/s/stcs/stc-kit-brochure.pdf?rev=8f326174375c40538f3f2e1451af4e47"", ""publisher"": ""collinsaerospace.com""}, {""url"": ""https://www.collinsaerospace.com/what-we-do/Commercial-Aviation/cabin/Oxygen-and-PSU-Systems/Portable-Oxygen-Systems/Portable-Oxygen/Integra-Pulse-Portable"", ""publisher"": ""collinsaerospace.com""}]",overhead-air-nozzles-feel-stronger-when-partly-closed,mechanism-0bb6c104e903e41a
transport-057,transport,travel,Why your ears react during descent rather than just at takeoff,your ears react during descent rather than just at takeoff,Cabin pressure changes require pressure equalization across the eardrum.,Cabin pressure changes require pressure equalization across the eardrum.,The specific product construction or system described by the primary source; not all designs.,Global where this design is used; verify local requirements before naming a rule.,"Film your ears react during descent rather than just at takeoff; start with the visible detail, then a different close-up of the same object.",Compare cabin and middle-ear pressure.,pending_review,,"{""recognition"": 3, ""overlooked_detail"": 3, ""payoff"": 3, ""evidence"": 0, ""visuals"": 3}",,"[{""url"": ""https://www.faa.gov/air_traffic/publications/atpubs/aip_html/part2_enr_section_1.15.html"", ""publisher"": ""faa.gov""}, {""url"": ""https://www.faa.gov/Air_traffic/Publications/media/2024-03-21_AIP_Basic_dtd_3-21-24.pdf"", ""publisher"": ""faa.gov""}, {""url"": ""https://www.faa.gov/air_traffic/publications/atpubs/aim/aim0801.html"", ""publisher"": ""faa.gov""}]",your-ears-react-during-descent-rather-than-just-at-takeoff,mechanism-9315fd981a20fc93
transport-058,transport,travel,Why an aircraft seems to speed up just before landing,an aircraft seems to speed up just before landing,"Changes in perspective, sound and control settings can differ from actual airspeed.","Changes in perspective, sound and control settings can differ from actual airspeed.",The specific product construction or system described by the primary source; not all designs.,Global where this design is used; verify local requirements before naming a rule.,"Film an aircraft seems to speed up just before landing; start with the visible detail, then a different close-up of the same object.",Compare sightline motion with labelled speed data.,pending_review,,"{""recognition"": 3, ""overlooked_detail"": 3, ""payoff"": 3, ""evidence"": 0, ""visuals"": 3}",,"[{""url"": ""https://www.faa.gov/sites/faa.gov/files/regulations_policies/handbooks_manuals/aviation/airplane_handbook/04_afh_ch3.pdf"", ""publisher"": ""faa.gov""}, {""url"": ""https://www.faa.gov/newsroom/safety-briefing/aircraft-performance-and-calculations"", ""publisher"": ""faa.gov""}, {""url"": ""https://www.faa.gov/sites/faa.gov/files/regulations_policies/handbooks_manuals/aviation/airplane_handbook/06_afh_ch5.pdf"", ""publisher"": ""faa.gov""}]",aircraft,mechanism-b2d9af3508101ff6
transport-059,transport,travel,Why luggage belts have overlapping metal or rubber plates,luggage belts have overlapping metal or rubber plates,Overlapping segments let the conveyor follow curved paths while supporting bags.,Overlapping segments let the conveyor follow curved paths while supporting bags.,The specific product construction or system described by the primary source; not all designs.,Global where this design is used; verify local requirements before naming a rule.,"Film luggage belts have overlapping metal or rubber plates; start with the visible detail, then a different close-up of the same object.",Move linked plates around a carousel bend.,pending_review,,"{""recognition"": 3, ""overlooked_detail"": 3, ""payoff"": 3, ""evidence"": 0, ""visuals"": 3}",,"[{""url"": ""https://www.vanderlande.com/systems/baggage-handling/variotray/"", ""publisher"": ""vanderlande.com""}, {""url"": ""https://www.vanderlande.com/airports/systems/reclaim/"", ""publisher"": ""vanderlande.com""}, {""url"": ""https://www.vanderlande.com/es/aeropuertos/sistemas/recogida/"", ""publisher"": ""vanderlande.com""}]",luggage-belts-have-overlapping-metal-or-rubber-plates,mechanism-75ae6741bbe98cf6
transport-060,transport,travel,Why a bag sometimes takes a longer route inside an airport,a bag sometimes takes a longer route inside an airport,Sorting and screening systems route bags according to destination and processing requirements.,Sorting and screening systems route bags according to destination and processing requirements.,The specific product construction or system described by the primary source; not all designs.,Global where this design is used; verify local requirements before naming a rule.,"Film a bag sometimes takes a longer route inside an airport; start with the visible detail, then a different close-up of the same object.",Trace one bag through a documented sorting flow.,pending_review,,"{""recognition"": 3, ""overlooked_detail"": 3, ""payoff"": 3, ""evidence"": 0, ""visuals"": 3}",,"[{""url"": ""https://www.vanderlande.com/systems/transportation/fleet-bag/"", ""publisher"": ""vanderlande.com""}, {""url"": ""https://www.vanderlande.com/airports/systems/transportation/"", ""publisher"": ""vanderlande.com""}, {""url"": ""https://www.vanderlande.com/wp-content/uploads/2025/05/siemens-logistics-sustainability-report-2024.pdf"", ""publisher"": ""vanderlande.com""}]",a-bag-sometimes-takes-a-longer-route-inside-an-airport,mechanism-d40c5c96202cd7a1
transport-061,transport,travel,Why airport jet bridges have accordion-like sections,airport jet bridges have accordion-like sections,Flexible joints accommodate changes in bridge position and aircraft alignment.,Flexible joints accommodate changes in bridge position and aircraft alignment.,The specific product construction or system described by the primary source; not all designs.,Global where this design is used; verify local requirements before naming a rule.,"Film airport jet bridges have accordion-like sections; start with the visible detail, then a different close-up of the same object.",Extend and rotate a bridge joint.,pending_review,,"{""recognition"": 3, ""overlooked_detail"": 3, ""payoff"": 3, ""evidence"": 0, ""visuals"": 3}",,"[{""url"": ""https://tkairport.com/"", ""publisher"": ""tkairport.com"", ""research_lead_only"": true}]",airport-jet-bridges-have-accordion-like-sections,mechanism-e54049c014520984
transport-062,transport,travel,Why ship propellers can make clouds of bubbles underwater,ship propellers can make clouds of bubbles underwater,Low pressure around a propeller can produce cavitation bubbles under some conditions.,Low pressure around a propeller can produce cavitation bubbles under some conditions.,Propeller vortex cavitation under appropriate flow conditions; not every bubble behind a boat is cavitation.,Global where the specified design is used,"Film ship propellers can make clouds of bubbles underwater; start with the visible detail, then a different close-up of the same object.",Show pressure dropping on a blade surface.,reviewed,"{""reviewed_at"": ""2026-09-16T15:26:07.033863+00:00"", ""method"": ""Editorial comparison of stated mechanism with retrieved primary text"", ""finding"": ""Low pressure around a propeller can produce cavitation bubbles under some conditions."", ""scope"": ""Propeller vortex cavitation under appropriate flow conditions; not every bubble behind a boat is cavitation.""}","{""recognition"": 3, ""overlooked_detail"": 3, ""payoff"": 3, ""evidence"": 3, ""visuals"": 3}",,"[{""url"": ""https://www.wartsila.com/insights/article/battling-noise-pollution"", ""publisher"": ""wartsila.com"", ""passage"": ""the pressure in the inner core becomes low enough for water to evaporate, a process called ‘cavitation’."", ""retrieved_at"": ""2026-09-16T10:40:46.513101+00:00""}]",cans,mechanism-0f3c3b0967832359
transport-063,transport,travel,Why ferry ramps change angle with the tide,ferry ramps change angle with the tide,The ramp bridges a changing vertical difference between vessel and shore.,The ramp bridges a changing vertical difference between vessel and shore.,The specific product construction or system described by the primary source; not all designs.,Global where this design is used; verify local requirements before naming a rule.,"Film ferry ramps change angle with the tide; start with the visible detail, then a different close-up of the same object.",Raise water level beneath a hinged ramp.,pending_review,,"{""recognition"": 3, ""overlooked_detail"": 3, ""payoff"": 3, ""evidence"": 0, ""visuals"": 3}",,"[{""url"": ""https://www.damen.com/services/shiprepair/projects/vehicles-carrier-tirranna-harbour-and-voyage-repair-and-conversion"", ""publisher"": ""damen.com""}, {""url"": ""https://go.damen.com/motion-compensated-cable-lay-vessel"", ""publisher"": ""damen.com""}, {""url"": ""https://www.damen.com/insights-center/articles/the-story-behind-the-maersk-connectors-planned-beaching"", ""publisher"": ""damen.com""}]",accessibility,mechanism-dc4362ceb17ea03d
transport-064,transport,travel,Why bicycles click when coasting but not always when pedalling,bicycles click when coasting but not always when pedalling,A freewheel or freehub ratchet permits wheel rotation without driving the pedals.,A freewheel or freehub ratchet permits wheel rotation without driving the pedals.,The specific product construction or system described by the primary source; not all designs.,Global where this design is used; verify local requirements before naming a rule.,"Film bicycles click when coasting but not always when pedalling; start with the visible detail, then a different close-up of the same object.",Show pawls slipping while the wheel overruns.,pending_review,,"{""recognition"": 3, ""overlooked_detail"": 3, ""payoff"": 3, ""evidence"": 0, ""visuals"": 3}",,"[{""url"": ""https://bike.shimano.com/en-NA/technologies/details/free-shift.html"", ""publisher"": ""shimano.com""}, {""url"": ""https://si.shimano.com/en/pdfs/dm/CASG004/DM-CASG004-03-ENG.pdf"", ""publisher"": ""shimano.com""}, {""url"": ""https://bike.shimano.com/stories/article/gravity-footwear-camille-balanche-and-wyn-masters/our-automatic-shifting-technology.html"", ""publisher"": ""shimano.com""}]",bicycles-click-when-coasting-but-not-always-when-pedalling,mechanism-f01326c3a4f4b80a
transport-065,transport,travel,Why bicycle gears shift more easily while pedalling gently,bicycle gears shift more easily while pedalling gently,The moving chain must travel between sprockets while excessive load can resist the shift.,The moving chain must travel between sprockets while excessive load can resist the shift.,The specific product construction or system described by the primary source; not all designs.,Global where this design is used; verify local requirements before naming a rule.,"Film bicycle gears shift more easily while pedalling gently; start with the visible detail, then a different close-up of the same object.",Trace chain movement across adjacent sprockets.,pending_review,,"{""recognition"": 3, ""overlooked_detail"": 3, ""payoff"": 3, ""evidence"": 0, ""visuals"": 3}",,"[{""url"": ""https://bike.shimano.com/en-UK/technologies/details/linkglide.html"", ""publisher"": ""shimano.com""}, {""url"": ""https://gravel.shimano.com/stories/seven-factors-which-influence-how-often-your-bike-needs-a-service"", ""publisher"": ""shimano.com""}, {""url"": ""https://bike.shimano.com/en-AU/stories/article/a-guide-to-shimano-shifting-technology.html"", ""publisher"": ""shimano.com""}]",bicycle-gears-shift-more-easily-while-pedalling-gently,mechanism-2e0cc433b53cc13d
shopping-001,shopping,shopping,Why a pending card payment can differ from the final bill,a pending card payment can differ from the final bill,An authorization reserves an amount before the merchant submits the final transaction.,An authorization reserves an amount before the merchant submits the final transaction.,The specific product construction or system described by the primary source; not all designs.,Global where this design is used; verify local requirements before naming a rule.,"Film a pending card payment can differ from the final bill; start with the visible detail, then a different close-up of the same object.",Show authorization and settlement as separate stages.,pending_review,,"{""recognition"": 3, ""overlooked_detail"": 3, ""payoff"": 3, ""evidence"": 0, ""visuals"": 3}",,"[{""url"": ""https://usa.visa.com/content/dam/VCOM/regional/na/us/support-legal/documents/authorization-and-reversal-processing-best-practices-for-merchants.pdf"", ""publisher"": ""visa.com""}, {""url"": ""https://usa.visa.com/dam/VCOM/download/merchants/best-practices-for-authorization-and-reversal-processing-for-lodging-car-rental-and-cruise-line-vbs%2024.mar.16.pdf"", ""publisher"": ""visa.com""}, {""url"": ""https://caribbean.visa.com/contact-us.html"", ""publisher"": ""visa.com""}]",payments,mechanism-8d51ada51ce5211e
shopping-002,shopping,shopping,Why a refunded payment takes longer than a purchase notification,a refunded payment takes longer than a purchase notification,Refund processing follows a separate chain from the instant authorization response.,Refund processing follows a separate chain from the instant authorization response.,The specific product construction or system described by the primary source; not all designs.,Global where this design is used; verify local requirements before naming a rule.,"Film a refunded payment takes longer than a purchase notification; start with the visible detail, then a different close-up of the same object.",Trace refund instructions through merchant and issuer.,pending_review,,"{""recognition"": 3, ""overlooked_detail"": 3, ""payoff"": 3, ""evidence"": 0, ""visuals"": 3}",,"[{""url"": ""https://docs.stripe.com/issuing/purchases/transactions"", ""publisher"": ""stripe.com""}, {""url"": ""https://stripe.com/resources/more/refunds-for-businesses"", ""publisher"": ""stripe.com""}, {""url"": ""https://docs.stripe.com/refunds?locale=en-GB"", ""publisher"": ""stripe.com""}]",payments,mechanism-4c2b24c86277424e
shopping-003,shopping,shopping,Why tapping a phone can show different card digits on a receipt,tapping a phone can show different card digits on a receipt,Tokenized payments can use a device-specific payment credential instead of the underlying card number.,The receipt can show unfamiliar digits even though you paid from the expected card account.,Tokenized mobile and wearable payment credentials; displayed receipt fields depend on merchant implementation.,Global where the specified design is used,"Film tapping a phone can show different card digits on a receipt; start with the visible detail, then a different close-up of the same object.",Compare card number and device token.,reviewed,"{""reviewed_at"": ""2026-09-16T10:39:22.282467+00:00"", ""method"": ""Editorial comparison of stated mechanism with retrieved primary text"", ""finding"": ""Tokenized payments can use a device-specific payment credential instead of the underlying card number."", ""scope"": ""Tokenized mobile and wearable payment credentials; displayed receipt fields depend on merchant implementation.""}","{""recognition"": 3, ""overlooked_detail"": 4, ""payoff"": 4, ""evidence"": 3, ""visuals"": 3}",,"[{""url"": ""https://www.emvco.com/wp-content/uploads/2023/03/EMVCo-Payment-Tokenisation-A-Guide-To-Use-Cases-v2.2.1.pdf"", ""publisher"": ""emvco.com"", ""passage"": ""different Payment Token (affiliated with the same underlying PAN)"", ""retrieved_at"": ""2026-09-16T05:16:44.336170+00:00""}]",payments,mechanism-fb235cb1adb6fc42
shopping-004,shopping,shopping,Why a card terminal occasionally asks for your PIN after taps,a card terminal occasionally asks for your PIN after taps,Issuer and terminal risk controls can require cardholder verification under applicable rules.,Issuer and terminal risk controls can require cardholder verification under applicable rules.,The specific product construction or system described by the primary source; not all designs.,Global where this design is used; verify local requirements before naming a rule.,"Film a card terminal occasionally asks for your PIN after taps; start with the visible detail, then a different close-up of the same object.",Show a verification decision without universal tap limits.,pending_review,,"{""recognition"": 3, ""overlooked_detail"": 3, ""payoff"": 3, ""evidence"": 0, ""visuals"": 3}",,"[{""url"": ""https://www.mastercard.com/content/dam/public/mastercardcom/na/us/en/documents/SPME-Manual-September-2019.pdf"", ""publisher"": ""mastercard.com""}, {""url"": ""https://www.mastercard.com/content/dam/public/mastercardcom/na/global-site/documents/SPME-Manual.pdf"", ""publisher"": ""mastercard.com""}, {""url"": ""https://www.mastercard.com/content/dam/public/mastercardcom/lac/cl/home/Reglas_y_Procedimientos_de_Seguridad.pdf"", ""publisher"": ""mastercard.com""}]",taps,mechanism-78d17d056dc5f804
shopping-005,shopping,shopping,Why removing a card too soon can cancel payment,removing a card too soon can cancel payment,Chip communication must finish before the terminal can complete the required transaction steps.,Chip communication must finish before the terminal can complete the required transaction steps.,The specific product construction or system described by the primary source; not all designs.,Global where this design is used; verify local requirements before naming a rule.,"Film removing a card too soon can cancel payment; start with the visible detail, then a different close-up of the same object.",Show the interrupted exchange between card and terminal.,pending_review,,"{""recognition"": 3, ""overlooked_detail"": 3, ""payoff"": 3, ""evidence"": 0, ""visuals"": 3}",,"[{""url"": ""https://www.emvco.com/knowledge-hub/what-did-you-miss-roundup-from-the-emv-user-meeting/"", ""publisher"": ""emvco.com""}, {""url"": ""https://www.emvco.com/emv-technologies/emv-contact-chip/"", ""publisher"": ""emvco.com""}, {""url"": ""https://www.emvco.com/knowledge-hub/what-are-emv-level-1-and-level-2-testing/"", ""publisher"": ""emvco.com""}]",payments,mechanism-4fc69d4a96021a6f
shopping-006,shopping,shopping,Why a payment terminal can work during a brief connection outage,a payment terminal can work during a brief connection outage,Some configurations support limited offline processing subject to payment rules and risk controls.,Some configurations support limited offline processing subject to payment rules and risk controls.,Supported terminal configurations; acceptance limits and later authorization risk vary by provider.,Global where the specified design is used,"Film a payment terminal can work during a brief connection outage; start with the visible detail, then a different close-up of the same object.",Compare online authorization with a qualified offline flow.,reviewed,"{""reviewed_at"": ""2026-09-16T10:39:22.284079+00:00"", ""method"": ""Editorial comparison of stated mechanism with retrieved primary text"", ""finding"": ""Some configurations support limited offline processing subject to payment rules and risk controls."", ""scope"": ""Supported terminal configurations; acceptance limits and later authorization risk vary by provider.""}","{""recognition"": 3, ""overlooked_detail"": 3, ""payoff"": 3, ""evidence"": 3, ""visuals"": 3}",,"[{""url"": ""https://squareup.com/us/en/the-bottom-line/operating-your-business/how-to-choose-a-payment-terminal"", ""publisher"": ""squareup.com"", ""passage"": ""A terminal that can process payments offline and sync them later"", ""retrieved_at"": ""2026-09-16T05:16:39.698951+00:00""}]",payments,mechanism-ebb95eccae4eb7a2
shopping-007,shopping,shopping,Why a contactless card can be read but still declined,a contactless card can be read but still declined,Successful radio communication is separate from authorization and verification.,Successful radio communication is separate from authorization and verification.,The specific product construction or system described by the primary source; not all designs.,Global where this design is used; verify local requirements before naming a rule.,"Film a contactless card can be read but still declined; start with the visible detail, then a different close-up of the same object.",Separate communication success from issuer decision.,pending_review,,"{""recognition"": 3, ""overlooked_detail"": 3, ""payoff"": 3, ""evidence"": 0, ""visuals"": 3}",,"[{""url"": ""https://africa.visa.com/content/dam/VCOM/regional/na/us/partner-with-us/documents/transaction-acceptance-device-guide-tadg.pdf"", ""publisher"": ""visa.com""}, {""url"": ""https://usa.visa.com/pay-with-visa/contactless-payments/contactless-payments.html"", ""publisher"": ""visa.com""}, {""url"": ""https://usa.visa.com/content/dam/VCOM/regional/na/us/partner-with-us/documents/transaction-acceptance-device-guide.pdf"", ""publisher"": ""visa.com""}]",payments,mechanism-f3bbbd0c95711ace
shopping-008,shopping,shopping,Why your bank app shows a different shop name from the sign outside,your bank app shows a different shop name from the sign outside,A transaction's statement descriptor can differ from the consumer-facing shop name.,A transaction's statement descriptor can differ from the consumer-facing shop name.,The specific product construction or system described by the primary source; not all designs.,Global where this design is used; verify local requirements before naming a rule.,"Film your bank app shows a different shop name from the sign outside; start with the visible detail, then a different close-up of the same object.",Trace a shop name and configured statement descriptor through a payment.,pending_review,,"{""recognition"": 3, ""overlooked_detail"": 3, ""payoff"": 3, ""evidence"": 0, ""visuals"": 3}",,"[{""url"": ""https://support.stripe.com/questions/why-do-customers-see-statement-descriptors-that-don-t-match-what-i-ve-set-in-stripe"", ""publisher"": ""stripe.com""}, {""url"": ""https://support.stripe.com/questions/why-do-customers-see-statement-descriptors-that-don-t-match-what-i-ve-set-in-stripe?locale=ja-JP"", ""publisher"": ""stripe.com""}, {""url"": ""https://support.stripe.com/questions/why-do-customers-see-statement-descriptors-that-don-t-match-what-i-ve-set-in-stripe?locale=sv-SE"", ""publisher"": ""stripe.com""}]",your-bank-app-shows-a-different-shop-name-from-the-sign-outside,mechanism-3f1b3d87ddf72cc1
shopping-009,shopping,shopping,Why a receipt has several different transaction numbers,a receipt has several different transaction numbers,"Order numbers identify purchases while payment references identify transactions, so one receipt can link several separate records.","Different systems assign identifiers for order, terminal, authorization and reconciliation.","Payment reference, invoice and order identifiers; displayed fields vary by merchant.",Global where the specified design is used,"Film a receipt has several different transaction numbers; start with the visible detail, then a different close-up of the same object.",Trace one purchase across labelled identifiers.,reviewed,"{""reviewed_at"": ""2026-09-16T10:39:22.284079+00:00"", ""method"": ""Editorial comparison of stated mechanism with retrieved primary text"", ""finding"": ""Order numbers identify purchases while payment references identify transactions, so one receipt can link several separate records."", ""scope"": ""Payment reference, invoice and order identifiers; displayed fields vary by merchant.""}","{""recognition"": 3, ""overlooked_detail"": 3, ""payoff"": 3, ""evidence"": 3, ""visuals"": 3}",,"[{""url"": ""https://stripe.com/gb/resources/more/customer-reference"", ""publisher"": ""stripe.com"", ""passage"": ""This customer reference number is different from other frequently used codes such as order numbers, invoice numbers and descriptions."", ""retrieved_at"": ""2026-09-16T05:16:47.479720+00:00""}]",payments,mechanism-0284db282d7c4a4e
shopping-010,shopping,shopping,Why a supermarket barcode can include the item's weight,a supermarket barcode can include the item's weight,Variable-measure retail labels may encode weight or price under regional conventions.,Variable-measure retail labels may encode weight or price under regional conventions.,The specific product construction or system described by the primary source; not all designs.,Global where this design is used; verify local requirements before naming a rule.,"Film a supermarket barcode can include the item's weight; start with the visible detail, then a different close-up of the same object.",Decode one scoped variable-measure label.,pending_review,,"{""recognition"": 3, ""overlooked_detail"": 3, ""payoff"": 3, ""evidence"": 0, ""visuals"": 3}",,"[{""url"": ""https://www.gs1.org/docs/freshfood/Fresh_Food_Implementation_Guide.pdf"", ""publisher"": ""gs1.org""}, {""url"": ""https://support.gs1.org/support/solutions/articles/43000734158/"", ""publisher"": ""gs1.org""}, {""url"": ""https://www.gs1.org/docs/barcodes/GS1_General_Specifications.pdf"", ""publisher"": ""gs1.org""}]",barcodes,mechanism-c22f701c17c5aad6
shopping-011,shopping,shopping,Why the same product can have different barcodes in different sizes,the same product can have different barcodes in different sizes,Trade-item identifiers distinguish commercial variants such as pack size.,Trade-item identifiers distinguish commercial variants such as pack size.,The specific product construction or system described by the primary source; not all designs.,Global where this design is used; verify local requirements before naming a rule.,"Film the same product can have different barcodes in different sizes; start with the visible detail, then a different close-up of the same object.",Compare two sizes with separate identifiers.,pending_review,,"{""recognition"": 3, ""overlooked_detail"": 3, ""payoff"": 3, ""evidence"": 0, ""visuals"": 3}",,"[{""url"": ""https://support.gs1.org/support/solutions/articles/43000734137-what-is-the-gs1-barcode-commonly-used-for-trade-item-identification-"", ""publisher"": ""gs1.org""}, {""url"": ""https://support.gs1.org/support/solutions/articles/43000734469-what-kind-of-information-is-linked-to-the-gs1-identification-key-"", ""publisher"": ""gs1.org""}, {""url"": ""https://www.gs1.org/docs/barcodes/GS1_General_Specifications.pdf"", ""publisher"": ""gs1.org""}]",barcodes,mechanism-0b0ec29f7833d021
shopping-012,shopping,shopping,Why a box of products has a different barcode from one item,a box of products has a different barcode from one item,Packaging levels can have distinct identifiers for logistics and trade.,Packaging levels can have distinct identifiers for logistics and trade.,GS1-managed trade-item packaging levels; not every unmarked shipping box.,Global where the specified design is used,"Film a box of products has a different barcode from one item; start with the visible detail, then a different close-up of the same object.","Map item, case and pallet identifiers.",reviewed,"{""reviewed_at"": ""2026-09-16T10:39:22.284079+00:00"", ""method"": ""Editorial comparison of stated mechanism with retrieved primary text"", ""finding"": ""Packaging levels can have distinct identifiers for logistics and trade."", ""scope"": ""GS1-managed trade-item packaging levels; not every unmarked shipping box.""}","{""recognition"": 3, ""overlooked_detail"": 3, ""payoff"": 3, ""evidence"": 3, ""visuals"": 3}",,"[{""url"": ""https://support.gs1.org/support/solutions/articles/43000756210-is-it-sufficient-to-assign-a-gtin-solely-to-the-base-item-or-do-we-also-need-to-allocate-distinct-gt"", ""publisher"": ""gs1.org"", ""passage"": ""allocate unique GTINs to all managed packaging levels and sizes."", ""retrieved_at"": ""2026-09-16T05:16:50.067960+00:00""}]",barcodes,mechanism-4d8d7c2b9e9ec515
shopping-013,shopping,shopping,Why a barcode has a final check digit,a barcode has a final check digit,The digit helps detect certain data-entry or reading errors through a prescribed calculation.,The digit helps detect certain data-entry or reading errors through a prescribed calculation.,The specific product construction or system described by the primary source; not all designs.,Global where this design is used; verify local requirements before naming a rule.,"Film a barcode has a final check digit; start with the visible detail, then a different close-up of the same object.",Change one digit and show a failed check.,pending_review,,"{""recognition"": 3, ""overlooked_detail"": 3, ""payoff"": 3, ""evidence"": 0, ""visuals"": 3}",,"[{""url"": ""https://www.gs1.org/standards/gs1-datamatrix-guideline/25"", ""publisher"": ""gs1.org""}, {""url"": ""https://www.gs1.org/docs/barcodes/2D_Barcode_Verification_Process_Implementation_Guideline.pdf"", ""publisher"": ""gs1.org""}, {""url"": ""https://www.gs1.org/services/check-digit-calculator"", ""publisher"": ""gs1.org""}]",barcodes,mechanism-b1e0fbf5de899c9a
shopping-014,shopping,shopping,Why a checkout can scan a barcode upside down,a checkout can scan a barcode upside down,Readers decode supported patterns after determining orientation.,Readers decode supported patterns after determining orientation.,The specific product construction or system described by the primary source; not all designs.,Global where this design is used; verify local requirements before naming a rule.,"Film a checkout can scan a barcode upside down; start with the visible detail, then a different close-up of the same object.",Rotate a symbol while keeping its encoded data unchanged.,pending_review,,"{""recognition"": 3, ""overlooked_detail"": 3, ""payoff"": 3, ""evidence"": 0, ""visuals"": 3}",,"[{""url"": ""https://techdocs.zebra.com/simulscan/1-1/guide/templatebuilder/"", ""publisher"": ""zebra.com""}, {""url"": ""https://docs.zebra.com/us/en/scanners/general/ds4-series/ds4678-prg/c-param-desc-ocr-programming/c-param-desc-ocr-programming-parameters/c-param-desc-ocr-orientation.html"", ""publisher"": ""zebra.com""}, {""url"": ""https://docs.zebra.com/us/en/scanners/multi-plane/mp72pg/c-mp72-123scan-and-software-tools/c-param-desc-multicode-data-formatting-mdf/r-mdf-for-best-practices-.html"", ""publisher"": ""zebra.com""}]",barcodes,mechanism-bb887c951f5321fe
shopping-015,shopping,shopping,Why a shiny wrapper is harder to scan at some angles,a shiny wrapper is harder to scan at some angles,Reflections and contrast can obscure the symbol from the reader.,Reflections and contrast can obscure the symbol from the reader.,The specific product construction or system described by the primary source; not all designs.,Global where this design is used; verify local requirements before naming a rule.,"Film a shiny wrapper is harder to scan at some angles; start with the visible detail, then a different close-up of the same object.",Move glare across a barcode.,pending_review,,"{""recognition"": 3, ""overlooked_detail"": 3, ""payoff"": 3, ""evidence"": 0, ""visuals"": 3}",,"[{""url"": ""https://www.zebra.com/content/dam/support-dam/en/documentation/unrestricted/guide/product/mc94-prg-en.pdf"", ""publisher"": ""zebra.com""}, {""url"": ""https://prod-www.zebra.com/content/dam/support-dam/en/documentation/unrestricted/guide/product/tc52ax-tc52ax-hc-a11-prg-en.pdf"", ""publisher"": ""zebra.com""}, {""url"": ""https://prod-www.zebra.com/content/dam/support-dam/en/documentation/unrestricted/guide/product/ds4608-prg-en.pdf"", ""publisher"": ""zebra.com""}]",a-shiny-wrapper-is-harder-to-scan-at-some-angles,mechanism-ffbe7d68ef09fbab
shopping-016,shopping,shopping,Why a cash total can round off while the card total does not,a cash total can round off while the card total does not,Cash rounding can accommodate the available coins while electronic payments can still settle to the exact cent.,Changing the payment method can change the amount settled without changing any item price.,"Canada penny phase-out guidance, documented in 2013; not a universal rule or a claim about every merchant today.",Canada example,Film a neutral receipt beside coins and a card; use original illustrative amounts and remove real account details.,"Split a labelled Canadian example into a cash total and an exact electronic total; apply rounding to the final cash total, not every item.",reviewed,"{""method"": ""Primary-text comparison and channel-history replacement"", ""reviewed_at"": ""2026-09-16T15:46:54.811933+00:00"", ""finding"": ""Cash rounding can accommodate the available coins while electronic payments can still settle to the exact cent."", ""scope"": ""Canada penny phase-out guidance, documented in 2013; not a universal rule or a claim about every merchant today.""}","{""recognition"": 3, ""overlooked_detail"": 4, ""payoff"": 4, ""evidence"": 3, ""visuals"": 3}",Replaces likely overlap with the earlier self-checkout-freezing episode; full old script was unavailable.,"[{""url"": ""https://www.canada.ca/en/news/archive/2013/02/government-canada-royal-canadian-mint-bid-farewell-canadian-penny.html"", ""publisher"": ""canada.ca"", ""passage"": ""The phase-out of the penny will have no impact on cheque payments or electronic transactions."", ""retrieved_at"": ""2026-09-16T15:46:51.785Z""}]",payments,mechanism-e24c91328af95bc3
shopping-017,shopping,shopping,Why loose produce needs a short number at checkout,loose produce needs a short number at checkout,PLU codes identify produce categories for retail handling and pricing.,PLU codes identify produce categories for retail handling and pricing.,The specific product construction or system described by the primary source; not all designs.,Global where this design is used; verify local requirements before naming a rule.,"Film loose produce needs a short number at checkout; start with the visible detail, then a different close-up of the same object.",Map a produce code to an item record.,pending_review,,"{""recognition"": 3, ""overlooked_detail"": 3, ""payoff"": 3, ""evidence"": 0, ""visuals"": 3}",,"[{""url"": ""https://www.ifpsglobal.com/s/PLU-Site-FAQs-May-2025-FINAL.pdf"", ""publisher"": ""ifpsglobal.com""}, {""url"": ""https://www.ifpsglobal.com/plu-codes"", ""publisher"": ""ifpsglobal.com""}, {""url"": ""https://www.ifpsglobal.com/s/CURRENT_PLU-Application_October-2024.pdf"", ""publisher"": ""ifpsglobal.com""}]",loose-produce-needs-a-short-number-at-checkout,mechanism-abbf8e3d29f745ea
shopping-018,shopping,shopping,Why a shop weighing scale has a tiny level indicator,a shop weighing scale has a tiny level indicator,"Tilting some portable weighing scales changes their accuracy, so a level indicator helps establish the intended operating position.","The small level belongs to the measurement system, not just the shop counter.",NIST Handbook 44 (2019) portable-scale design example where tilt affects accuracy; not a statement of current law everywhere.,United States design-standard example,"Film a shop weighing scale has a tiny level indicator; start with the visible detail, then a different close-up of the same object.",Animate a scale platform tilting beside its level indicator; label the reading as an illustrative example.,reviewed,"{""method"": ""Editorial comparison with the complete level-indicator provision"", ""reviewed_at"": ""2026-09-16T10:48:29.289520+00:00"", ""finding"": ""Tilting some portable weighing scales changes their accuracy, so a level indicator helps establish the intended operating position.""}","{""recognition"": 3, ""overlooked_detail"": 4, ""payoff"": 4, ""evidence"": 3, ""visuals"": 4}",,"[{""url"": ""https://nvlpubs.nist.gov/nistpubs/hb/2019/NIST.HB.44-2019.pdf"", ""publisher"": ""nist.gov"", ""passage"": ""a portable scale shall be equipped with level-indicating means if its weighing performance is changed"", ""retrieved_at"": ""2026-09-16T05:17:44.034375+00:00""}]",a-shop-weighing-scale-has-a-tiny-level-indicator,mechanism-493f2d0edd46a001
shopping-019,shopping,shopping,Why the larger pack is not necessarily cheaper per gram,the larger pack is not necessarily cheaper per gram,Retail prices and promotions can vary independently of package size.,Retail prices and promotions can vary independently of package size.,The specific product construction or system described by the primary source; not all designs.,Global where this design is used; verify local requirements before naming a rule.,"Film the larger pack is not necessarily cheaper per gram; start with the visible detail, then a different close-up of the same object.",Calculate unit prices for labelled illustrative packs.,pending_review,,"{""recognition"": 3, ""overlooked_detail"": 3, ""payoff"": 3, ""evidence"": 0, ""visuals"": 3}",,"[{""url"": ""https://www.gov.uk/government/publications/unit-pricing-analysis-and-consumer-research/summary-of-consumer-research-and-unit-pricing-analysis"", ""publisher"": ""gov.uk""}, {""url"": ""https://competitionandmarkets.blog.gov.uk/2024/01/30/a-short-guide-to-unit-pricing/"", ""publisher"": ""gov.uk""}, {""url"": ""https://www.gov.uk/government/publications/unit-pricing-information-for-consumers/unit-pricing-information-for-consumers"", ""publisher"": ""gov.uk""}]",the-larger-pack-is-not-necessarily-cheaper-per-gram,mechanism-7b0a697e5d49e424
shopping-020,shopping,shopping,Why a sale label can show a previous price as well as today's,a sale label can show a previous price as well as today's,Reference-price display requirements and conventions depend on jurisdiction.,Reference-price display requirements and conventions depend on jurisdiction.,The specific product construction or system described by the primary source; not all designs.,Global where this design is used; verify local requirements before naming a rule.,"Film a sale label can show a previous price as well as today's; start with the visible detail, then a different close-up of the same object.",Compare a labelled regional before-and-after price display.,pending_review,,"{""recognition"": 3, ""overlooked_detail"": 3, ""payoff"": 3, ""evidence"": 0, ""visuals"": 3}",,"[{""url"": ""https://eur-lex.europa.eu/legal-content/EN/TXT/?uri=CELEX%3A52021XC1229%2806%29"", ""publisher"": ""europa.eu""}, {""url"": ""https://eur-lex.europa.eu/legal-content/EN/TXT/?uri=oj%3AJOC_2021_526_R"", ""publisher"": ""europa.eu""}, {""url"": ""https://eur-lex.europa.eu/legal-content/EN/ALL/?uri=CELEX%3A52021XC1229%2806%29"", ""publisher"": ""europa.eu""}]",cans,mechanism-a2486805c3c244c8
shopping-021,shopping,shopping,Why digital shelf labels do not need a power cable,digital shelf labels do not need a power cable,Low-power displays and intermittent wireless updates allow battery operation.,Low-power displays and intermittent wireless updates allow battery operation.,The specific product construction or system described by the primary source; not all designs.,Global where this design is used; verify local requirements before naming a rule.,"Film digital shelf labels do not need a power cable; start with the visible detail, then a different close-up of the same object.",Show sleep periods between price updates.,pending_review,,"{""recognition"": 3, ""overlooked_detail"": 3, ""payoff"": 3, ""evidence"": 0, ""visuals"": 3}",,"[{""url"": ""https://www.ses-imagotag.com/wp-content/uploads/2023/05/SES-imagotag_2022_URD_EN.pdf"", ""publisher"": ""ses-imagotag.com""}, {""url"": ""https://www.ses-imagotag.com/wp-content/uploads/2022/05/Annual-Report-2021-8-2.pdf"", ""publisher"": ""ses-imagotag.com""}, {""url"": ""https://www.ses-imagotag.com/wp-content/uploads/2021/06/Product_Brochure_Grocery_V4.pdf"", ""publisher"": ""ses-imagotag.com""}]",digital-shelf-labels-do-not-need-a-power-cable,mechanism-eae0893a6ee6591b
shopping-022,shopping,shopping,Why some payment cards have a notch on one edge,some payment cards have a notch on one edge,Tactile notches can help distinguish card types without reading the printed face.,Tactile notches can help distinguish card types without reading the printed face.,Mastercard Touch Card example; notch types are not universal across all cards.,Global where the specified design is used,"Film some payment cards have a notch on one edge; start with the visible detail, then a different close-up of the same object.",Compare the documented notch shapes on example cards.,reviewed,"{""reviewed_at"": ""2026-09-16T10:39:22.284079+00:00"", ""method"": ""Editorial comparison of stated mechanism with retrieved primary text"", ""finding"": ""Tactile notches can help distinguish card types without reading the printed face."", ""scope"": ""Mastercard Touch Card example; notch types are not universal across all cards.""}","{""recognition"": 3, ""overlooked_detail"": 3, ""payoff"": 3, ""evidence"": 3, ""visuals"": 3}",,"[{""url"": ""https://newsroom.mastercard.com/news/press/2021/october/mastercard-introduces-accessible-card-for-blind-and-partially-sighted-people/"", ""publisher"": ""mastercard.com"", ""passage"": ""This tactile solution allows consumers to correctly orient the card and know which payment card they are using."", ""retrieved_at"": ""2026-09-16T10:33:40.333521+00:00""}]",payments,mechanism-c09ff900a0c2f392
shopping-023,shopping,shopping,Why supermarket scales have a customer-facing display,supermarket scales have a customer-facing display,Legal-for-trade requirements can make weight and price information visible to the customer.,Legal-for-trade requirements can make weight and price information visible to the customer.,The specific product construction or system described by the primary source; not all designs.,Global where this design is used; verify local requirements before naming a rule.,"Film supermarket scales have a customer-facing display; start with the visible detail, then a different close-up of the same object.",Trace weight into the displayed price calculation.,pending_review,,"{""recognition"": 3, ""overlooked_detail"": 3, ""payoff"": 3, ""evidence"": 0, ""visuals"": 3}",,"[{""url"": ""https://nvlpubs.nist.gov/nistpubs/hb/2019/NIST.HB.44-2019.pdf"", ""publisher"": ""nist.gov""}, {""url"": ""https://www.nist.gov/system/files/documents/2017/05/09/HB44-09-Combined.pdf"", ""publisher"": ""nist.gov""}, {""url"": ""https://nvlpubs.nist.gov/nistpubs/Legacy/hb/nisthandbook44-2002.pdf"", ""publisher"": ""nist.gov""}]",displays,mechanism-c1b28a6a4c193a27
shopping-024,shopping,shopping,Why the deli scale subtracts the container weight,the deli scale subtracts the container weight,A tare operation separates packaging mass from the charged product mass.,A tare operation separates packaging mass from the charged product mass.,The specific product construction or system described by the primary source; not all designs.,Global where this design is used; verify local requirements before naming a rule.,"Film the deli scale subtracts the container weight; start with the visible detail, then a different close-up of the same object.","Compare gross, tare and net weight.",pending_review,,"{""recognition"": 3, ""overlooked_detail"": 3, ""payoff"": 3, ""evidence"": 0, ""visuals"": 3}",,"[{""url"": ""https://www.nist.gov/how-do-you-measure-it/how-do-you-know-if-grocery-store-scales-are-accurate"", ""publisher"": ""nist.gov""}, {""url"": ""https://www.nist.gov/pml/owm/faqs/weighing-and-scales-faqs"", ""publisher"": ""nist.gov""}, {""url"": ""https://www.nist.gov/system/files/documents/2017/05/30/a-032.pdf"", ""publisher"": ""nist.gov""}]",the-deli-scale-subtracts-the-container-weight,mechanism-d8a7e281af693d02
shopping-025,shopping,shopping,Why a shopping basket security tag disappears at checkout,a shopping basket security tag disappears at checkout,The tag may be deactivated rather than physically removed.,The tag may be deactivated rather than physically removed.,The specific product construction or system described by the primary source; not all designs.,Global where this design is used; verify local requirements before naming a rule.,"Film a shopping basket security tag disappears at checkout; start with the visible detail, then a different close-up of the same object.",Show the active state changing at a deactivation pad.,pending_review,,"{""recognition"": 3, ""overlooked_detail"": 3, ""payoff"": 3, ""evidence"": 0, ""visuals"": 3}",,"[{""url"": ""https://www.sensormatic.com/en_uk/loss-prevention-liability/eas/detachers-and-deactivators"", ""publisher"": ""sensormatic.com""}, {""url"": ""https://www.sensormatic.com/loss-prevention/eas/label-deactivators"", ""publisher"": ""sensormatic.com""}, {""url"": ""https://www.sensormatic.com/de_de/loss-prevention-liability/merchandise-protection/labels"", ""publisher"": ""sensormatic.com""}]",a-shopping-basket-security-tag-disappears-at-checkout,mechanism-eb849614be43e667
shopping-026,shopping,shopping,Why a clothing security tag needs a special remover,a clothing security tag needs a special remover,A mechanical locking mechanism retains the pin until released by the matching tool.,A mechanical locking mechanism retains the pin until released by the matching tool.,The specific product construction or system described by the primary source; not all designs.,Global where this design is used; verify local requirements before naming a rule.,"Film a clothing security tag needs a special remover; start with the visible detail, then a different close-up of the same object.",Show a generic locked pin without bypass instructions.,pending_review,,"{""recognition"": 3, ""overlooked_detail"": 3, ""payoff"": 3, ""evidence"": 0, ""visuals"": 3}",,"[{""url"": ""https://www.sensormatic.com/resources/ar/2026/seam-tag-plus-trad-tagging-blog"", ""publisher"": ""sensormatic.com""}, {""url"": ""https://www.sensormatic.com/loss-prevention-liability/merchandise-protection/hard-tags"", ""publisher"": ""sensormatic.com""}, {""url"": ""https://www.sensormatic.com/pt_pt/Resources/ar/2026/Seam-Tag-Plus-Trad-Tagging-Blog"", ""publisher"": ""sensormatic.com""}]",a-clothing-security-tag-needs-a-special-remover,mechanism-d5267db8b20a39cd
shopping-027,shopping,shopping,Why supermarket trolley wheels sometimes lock at the car park edge,supermarket trolley wheels sometimes lock at the car park edge,A boundary-control system signals a locking wheel at a designated perimeter.,A boundary-control system signals a locking wheel at a designated perimeter.,The specific product construction or system described by the primary source; not all designs.,Global where this design is used; verify local requirements before naming a rule.,"Film supermarket trolley wheels sometimes lock at the car park edge; start with the visible detail, then a different close-up of the same object.",Trace a trolley crossing a marked control boundary.,pending_review,,"{""recognition"": 3, ""overlooked_detail"": 3, ""payoff"": 3, ""evidence"": 0, ""visuals"": 3}",,"[{""url"": ""https://www.gatekeepersystems.com/wp-content/uploads/2024/06/L110-2-4-UK1-CartControl-User-Manual-UK.pdf"", ""publisher"": ""gatekeepersystems.com""}, {""url"": ""https://www.gatekeepersystems.com/solutions/purchek/"", ""publisher"": ""gatekeepersystems.com""}, {""url"": ""https://www.gatekeepersystems.com/en_gb/solutions/"", ""publisher"": ""gatekeepersystems.com""}]",supermarket-trolley-wheels-sometimes-lock-at-the-car-park-edge,mechanism-422a10222e42b92d
shopping-028,shopping,shopping,Why some shops use a coin slot on trolley handles,some shops use a coin slot on trolley handles,A returnable deposit mechanism links trolley release to another trolley's connector.,A returnable deposit mechanism links trolley release to another trolley's connector.,The specific product construction or system described by the primary source; not all designs.,Global where this design is used; verify local requirements before naming a rule.,"Film some shops use a coin slot on trolley handles; start with the visible detail, then a different close-up of the same object.",Show the coin returned when the chain reconnects.,pending_review,,"{""recognition"": 3, ""overlooked_detail"": 3, ""payoff"": 3, ""evidence"": 0, ""visuals"": 3}",,"[{""url"": ""https://www.wanzl.com/Downloads/Prospekte/Retail/1193_Shopping-trolleys_EN.pdf"", ""publisher"": ""wanzl.com""}, {""url"": ""https://www.wanzl.com/en_GB/products/coin-deposit-systems-and-machines/coin-deposit-systems/solid-coin-deposit-system~p1487"", ""publisher"": ""wanzl.com""}, {""url"": ""https://www.wanzl.com/en_GB/products/coin-deposit-systems-and-machines/coin-deposit-systems/starbox-r-coin-deposit-system~p1480"", ""publisher"": ""wanzl.com""}]",doors,mechanism-83fa60f78d2b68ef
shopping-029,shopping,shopping,Why vending machines drop a spiral instead of pushing the snack,vending machines drop a spiral instead of pushing the snack,A rotating helix advances the selected item toward the edge.,A rotating helix advances the selected item toward the edge.,The specific product construction or system described by the primary source; not all designs.,Global where this design is used; verify local requirements before naming a rule.,"Film vending machines drop a spiral instead of pushing the snack; start with the visible detail, then a different close-up of the same object.",Rotate one coil and track a snack.,pending_review,,"{""recognition"": 3, ""overlooked_detail"": 3, ""payoff"": 3, ""evidence"": 0, ""visuals"": 3}",,"[{""url"": ""https://evoca.com/"", ""publisher"": ""evoca.com"", ""research_lead_only"": true}]",vending-machines-drop-a-spiral-instead-of-pushing-the-snack,mechanism-69a24362766b7732
shopping-030,shopping,shopping,Why a vending machine can detect whether anything fell,a vending machine can detect whether anything fell,Delivery sensors can check the product path before confirming a vend.,Delivery sensors can check the product path before confirming a vend.,The specific product construction or system described by the primary source; not all designs.,Global where this design is used; verify local requirements before naming a rule.,"Film a vending machine can detect whether anything fell; start with the visible detail, then a different close-up of the same object.",Show an item crossing a delivery sensor.,pending_review,,"{""recognition"": 3, ""overlooked_detail"": 3, ""payoff"": 3, ""evidence"": 0, ""visuals"": 3}",,"[{""url"": ""https://www.cranepi.com/en/system/files/Support/Note%20Recyclers/VNR/Level%200%20-%20Public/Data%20Sheet/DS_VNR_MDB_EN_1-1.pdf"", ""publisher"": ""cranepi.com""}, {""url"": ""https://www.cranepi.com/en/system/files/Support/Coin%20Changers/CF_6900/Level%200%20-%20Public/User%20Guide/OM_CF690Handbook_EN_1-1.pdf"", ""publisher"": ""cranepi.com""}, {""url"": ""https://www.cranepi.com/en/system/files/Support/OM_G13mft_ccTalk_EN_1-3.pdf"", ""publisher"": ""cranepi.com""}]",cans,mechanism-86e214ba6233542b
shopping-031,shopping,shopping,Why a bottle-return machine rejects a crushed bottle,a bottle-return machine rejects a crushed bottle,Recognition can depend on readable identifiers and shape features under the scheme's rules.,Recognition can depend on readable identifiers and shape features under the scheme's rules.,The specific product construction or system described by the primary source; not all designs.,Global where this design is used; verify local requirements before naming a rule.,"Film a bottle-return machine rejects a crushed bottle; start with the visible detail, then a different close-up of the same object.",Compare a recognized container with obscured features.,pending_review,,"{""recognition"": 3, ""overlooked_detail"": 3, ""payoff"": 3, ""evidence"": 0, ""visuals"": 3}",,"[{""url"": ""https://www.tomra.com/en-ie/reverse-vending/media-center/feature-articles/50-years-reverse-vending-innovation"", ""publisher"": ""tomra.com""}, {""url"": ""https://www.tomra.com/en-gb/reverse-vending/media-center/feature-articles/deposit-return-systems-container-markings-barcodes"", ""publisher"": ""tomra.com""}, {""url"": ""https://www.tomra.com/reverse-vending/media-center/feature-articles/sensor-technology"", ""publisher"": ""tomra.com""}]",bottles,mechanism-7db14494e3fca0f5
shopping-032,shopping,shopping,Why parcel lockers send a new code for each delivery,parcel lockers send a new code for each delivery,Time-limited or delivery-specific credentials link access to an assigned compartment.,Time-limited or delivery-specific credentials link access to an assigned compartment.,The specific product construction or system described by the primary source; not all designs.,Global where this design is used; verify local requirements before naming a rule.,"Film parcel lockers send a new code for each delivery; start with the visible detail, then a different close-up of the same object.",Map a delivery token to one locker.,pending_review,,"{""recognition"": 3, ""overlooked_detail"": 3, ""payoff"": 3, ""evidence"": 0, ""visuals"": 3}",,"[{""url"": ""https://www.quadient.com/en-ca/blog/quadient-and-decathlon-partnership-expansion-new-stores-and-services-2024"", ""publisher"": ""quadient.com""}, {""url"": ""https://kb.quadient.com/products/parcel%2Blocker%2Bsolutions?sc_AL=9&sc_Lang=en-IE"", ""publisher"": ""quadient.com""}, {""url"": ""https://www.quadient.com/en-us/streamline-parcel-delivery"", ""publisher"": ""quadient.com""}]",parcel-lockers-send-a-new-code-for-each-delivery,mechanism-8bebc03fe2e84705
shopping-033,shopping,shopping,Why click-and-collect can say ready after payment has cleared,click-and-collect can say ready after payment has cleared,Payment confirmation and physical picking are different stages.,Payment confirmation and physical picking are different stages.,The specific product construction or system described by the primary source; not all designs.,Global where this design is used; verify local requirements before naming a rule.,"Film click-and-collect can say ready after payment has cleared; start with the visible detail, then a different close-up of the same object.",Trace an order from payment to shelf picking.,pending_review,,"{""recognition"": 3, ""overlooked_detail"": 3, ""payoff"": 3, ""evidence"": 0, ""visuals"": 3}",,"[{""url"": ""https://www.shopify.com/blog/order-placement"", ""publisher"": ""shopify.com""}, {""url"": ""https://www.shopify.com/enterprise/blog/click-and-collect"", ""publisher"": ""shopify.com""}, {""url"": ""https://www.shopify.com/blog/bopis"", ""publisher"": ""shopify.com""}]",payments,mechanism-cca193745051b6fc
shopping-034,shopping,shopping,Why an online basket does not always reserve the last item,an online basket does not always reserve the last item,Inventory reservation timing depends on the store platform and checkout configuration.,Inventory reservation timing depends on the store platform and checkout configuration.,The specific product construction or system described by the primary source; not all designs.,Global where this design is used; verify local requirements before naming a rule.,"Film an online basket does not always reserve the last item; start with the visible detail, then a different close-up of the same object.",Show two baskets competing before stock reservation.,pending_review,,"{""recognition"": 3, ""overlooked_detail"": 3, ""payoff"": 3, ""evidence"": 0, ""visuals"": 3}",,"[{""url"": ""https://community.shopify.com/c/shopify-discussions/reserve-item-to-cart-for-limited-time-frame/m-p/2254310/highlight/true"", ""publisher"": ""shopify.com""}, {""url"": ""https://www.shopify.com/blog/flash-sales-and-drops-for-retail"", ""publisher"": ""shopify.com""}, {""url"": ""https://community.shopify.com/t/checkout-timer-thats-actually-reserves-items/422063/3"", ""publisher"": ""shopify.com""}]",an-online-basket-does-not-always-reserve-the-last-item,mechanism-18bc227fc099ca6d
shopping-035,shopping,shopping,Why a delivery date changes after you enter your address,a delivery date changes after you enter your address,"Fulfilment location, service availability and transit estimates depend on destination.","Fulfilment location, service availability and transit estimates depend on destination.",The specific product construction or system described by the primary source; not all designs.,Global where this design is used; verify local requirements before naming a rule.,"Film a delivery date changes after you enter your address; start with the visible detail, then a different close-up of the same object.",Compare two address-specific delivery paths.,pending_review,,"{""recognition"": 3, ""overlooked_detail"": 3, ""payoff"": 3, ""evidence"": 0, ""visuals"": 3}",,"[{""url"": ""https://www.ups.com/ae/en/support/tracking-support/where-is-my-package/understanding-tracking-status"", ""publisher"": ""ups.com""}, {""url"": ""https://www.campusship.ups.com/us/en/track/change-delivery"", ""publisher"": ""ups.com""}, {""url"": ""https://ua.ups.com/us/en/support/tracking-support/where-is-my-package/understanding-tracking-status"", ""publisher"": ""ups.com""}]",a-delivery-date-changes-after-you-enter-your-address,mechanism-000347822487de5c
shopping-036,shopping,shopping,Why a parcel can be scanned without changing cities,a parcel can be scanned without changing cities,Tracking events include processing stages within the same facility.,Tracking events include processing stages within the same facility.,The specific product construction or system described by the primary source; not all designs.,Global where this design is used; verify local requirements before naming a rule.,"Film a parcel can be scanned without changing cities; start with the visible detail, then a different close-up of the same object.",Move a parcel between sorting stages at one hub.,pending_review,,"{""recognition"": 3, ""overlooked_detail"": 3, ""payoff"": 3, ""evidence"": 0, ""visuals"": 3}",,"[{""url"": ""https://www.dhl.com/content/dam/dhl/local/gb/dhl-parcel/documents/pdf/gb-parcel-journey-of-a-parcel.pdf"", ""publisher"": ""dhl.com""}, {""url"": ""https://www.dhl.com/gb-en/home/express/help-and-support/frequently-asked-questions/getting-started/journey-of-a-package.html"", ""publisher"": ""dhl.com""}, {""url"": ""https://www.dhl.com/mx-es/home/servicio-al-cliente/preguntas-frecuentes-sobre-rastreo-dhl-ecommerce.html"", ""publisher"": ""dhl.com""}]",cans,mechanism-f972595910d9caa7
shopping-037,shopping,shopping,Why tracking can say label created before the courier has the parcel,tracking can say label created before the courier has the parcel,Electronic shipment data can arrive before physical handover.,Electronic shipment data can arrive before physical handover.,The specific product construction or system described by the primary source; not all designs.,Global where this design is used; verify local requirements before naming a rule.,"Film tracking can say label created before the courier has the parcel; start with the visible detail, then a different close-up of the same object.",Separate label transmission from collection.,pending_review,,"{""recognition"": 3, ""overlooked_detail"": 3, ""payoff"": 3, ""evidence"": 0, ""visuals"": 3}",,"[{""url"": ""https://www.ups.com/ca/en/support/tracking-support/where-is-my-package/understanding-tracking-status"", ""publisher"": ""ups.com""}, {""url"": ""https://campusship.ups.com/fr/fr/support/tracking-support/where-is-my-package/understanding-tracking-status"", ""publisher"": ""ups.com""}, {""url"": ""https://es-us.ups.com/us/en/support/tracking-support/where-is-my-package/understanding-tracking-status"", ""publisher"": ""ups.com""}]",cans,mechanism-0a50a5c4b07f049e
shopping-038,shopping,shopping,Why stores scan returns even when they refund by receipt,stores scan returns even when they refund by receipt,"Returns processing can update stock, eligibility and transaction records separately.","Returns processing can update stock, eligibility and transaction records separately.",The specific product construction or system described by the primary source; not all designs.,Global where this design is used; verify local requirements before naming a rule.,"Film stores scan returns even when they refund by receipt; start with the visible detail, then a different close-up of the same object.",Trace one return across payment and inventory systems.,pending_review,,"{""recognition"": 3, ""overlooked_detail"": 3, ""payoff"": 3, ""evidence"": 0, ""visuals"": 3}",,"[{""url"": ""https://changelog.shopify.com/posts/confirm-your-returns-with-returns-processing-and-improve-financial-accuracy"", ""publisher"": ""shopify.com""}, {""url"": ""https://help.shopify.com/en/manual/sell-in-person/shopify-pos/order-management/complete-refund-orders?locale=en"", ""publisher"": ""shopify.com""}, {""url"": ""https://www.shopify.com/blog/returnless-refunds"", ""publisher"": ""shopify.com""}]",payments,mechanism-edda22b6c6146d9c
shopping-039,shopping,shopping,Why self-service kiosks ask you to confirm an order you just selected,self-service kiosks ask you to confirm an order you just selected,A confirmation stage separates editing from committing the transaction.,A confirmation stage separates editing from committing the transaction.,The specific product construction or system described by the primary source; not all designs.,Global where this design is used; verify local requirements before naming a rule.,"Film self-service kiosks ask you to confirm an order you just selected; start with the visible detail, then a different close-up of the same object.",Show editable choices becoming a submitted order.,pending_review,,"{""recognition"": 3, ""overlooked_detail"": 3, ""payoff"": 3, ""evidence"": 0, ""visuals"": 3}",,"[{""url"": ""https://docs.ncrvoyix.com/restaurant/aloha-takeout/implementing/field_definitions/takeout_settings/takeoutsettings_options_tab"", ""publisher"": ""ncrvoyix.com""}, {""url"": ""https://docs.ncrvoyix.com/restaurant/aloha-takeout/implementing/enabling_order_confirmation_screen"", ""publisher"": ""ncrvoyix.com""}, {""url"": ""https://docs.ncrvoyix.com/restaurant/aloha-takeout/implementing/creating_pos_order_modes_for_ato"", ""publisher"": ""ncrvoyix.com""}]",self-service-kiosks-ask-you-to-confirm-an-order-you-just-selected,mechanism-d9d517a4e163a0e6
shopping-040,shopping,shopping,Why contactless travel fares can appear later as one charge,contactless travel fares can appear later as one charge,Some transit systems aggregate taps before calculating and charging the fare.,Some transit systems aggregate taps before calculating and charging the fare.,Transport for London contactless account-based payment example; not all transit payment systems.,Global where the specified design is used,"Film contactless travel fares can appear later as one charge; start with the visible detail, then a different close-up of the same object.",Group a day's taps into a scoped fare calculation.,reviewed,"{""reviewed_at"": ""2026-09-16T10:39:22.284079+00:00"", ""method"": ""Editorial comparison of stated mechanism with retrieved primary text"", ""finding"": ""Some transit systems aggregate taps before calculating and charging the fare."", ""scope"": ""Transport for London contactless account-based payment example; not all transit payment systems.""}","{""recognition"": 3, ""overlooked_detail"": 3, ""payoff"": 3, ""evidence"": 3, ""visuals"": 3}",,"[{""url"": ""https://content.tfl.gov.uk/aac-20141217-part-1-item12-contactless-payments.pdf"", ""publisher"": ""tfl.gov.uk"", ""passage"": ""individual transactions are aggregated into one daily charge"", ""retrieved_at"": ""2026-09-16T05:18:07.882711+00:00""}]",charging,mechanism-caaf4e825126d3c6
clothing-001,clothing,shopping,Why a zip stays up until you lift its pull tab,a zip stays up until you lift its pull tab,A locking slider can engage the elements until pull-tab movement releases it.,Lifting the pull tab does more than give your fingers something to grip: it releases the lock.,"YKK locking sliders; demonstrate pin-lock or automatic-lock operation accurately, not every zipper.",Global where the specified design is used,"Film a zip stays up until you lift its pull tab; start with the visible detail, then a different close-up of the same object.",Cut away a pin-lock slider being lifted.,reviewed,"{""reviewed_at"": ""2026-09-16T05:11:02.287493+00:00"", ""method"": ""Editorial comparison of stated mechanism with retrieved primary text"", ""finding"": ""A locking slider can engage the elements until pull-tab movement releases it."", ""scope"": ""YKK locking sliders; demonstrate pin-lock or automatic-lock operation accurately, not every zipper.""}","{""recognition"": 3, ""overlooked_detail"": 4, ""payoff"": 4, ""evidence"": 3, ""visuals"": 3}",,"[{""url"": ""https://www.ykk.com/english/ykk/tech/03.html"", ""publisher"": ""ykk.com"", ""passage"": ""The lock stays engaged unless the puller is held"", ""retrieved_at"": ""2026-09-16T05:05:34.648093+00:00""}]",zippers,mechanism-076dc17d6257f3df
clothing-002,clothing,shopping,Why a zip can close two rows of teeth in one motion,a zip can close two rows of teeth in one motion,The slider guides opposing elements into an interlocking path.,The slider guides opposing elements into an interlocking path.,"Interlocking zip elements guided by a slider; illustrative cutaway, not a universal tooth geometry.",Global where the specified design is used,"Film a zip can close two rows of teeth in one motion; start with the visible detail, then a different close-up of the same object.",Show teeth entering the slider's Y-shaped channel.,reviewed,"{""reviewed_at"": ""2026-09-16T05:11:02.287493+00:00"", ""method"": ""Editorial comparison of stated mechanism with retrieved primary text"", ""finding"": ""The slider guides opposing elements into an interlocking path."", ""scope"": ""Interlocking zip elements guided by a slider; illustrative cutaway, not a universal tooth geometry.""}","{""recognition"": 3, ""overlooked_detail"": 3, ""payoff"": 3, ""evidence"": 3, ""visuals"": 3}",,"[{""url"": ""https://www.ykk.com/english/ykk/tech/01.html"", ""publisher"": ""ykk.com"", ""passage"": ""There is a Y-shaped tunnel inside the slider"", ""retrieved_at"": ""2026-09-16T05:05:35.816699+00:00""}]",zippers,mechanism-4879932e15a87523
clothing-003,clothing,shopping,Why a jacket zip needs its bottom pin fully inserted,a jacket zip needs its bottom pin fully inserted,The separable pin and box align the two chains before the slider joins them.,The separable pin and box align the two chains before the slider joins them.,The specific product construction or system described by the primary source; not all designs.,Global where this design is used; verify local requirements before naming a rule.,"Film a jacket zip needs its bottom pin fully inserted; start with the visible detail, then a different close-up of the same object.",Compare aligned and misaligned starting positions.,pending_review,,"{""recognition"": 3, ""overlooked_detail"": 3, ""payoff"": 3, ""evidence"": 0, ""visuals"": 3}",,"[{""url"": ""https://www.ykk.com/ykk/mame/fas_03.html"", ""publisher"": ""ykk.com""}, {""url"": ""https://www.ykk.com/english/ykk/tech/03.html"", ""publisher"": ""ykk.com""}, {""url"": ""https://www.ykk.com/ykk/tech/01.html"", ""publisher"": ""ykk.com""}]",zippers,mechanism-0ff39cb202acae91
clothing-004,clothing,shopping,Why some jacket zips open from the bottom too,some jacket zips open from the bottom too,Two-way sliders allow separate opening positions along a closed chain.,Two-way sliders allow separate opening positions along a closed chain.,The specific product construction or system described by the primary source; not all designs.,Global where this design is used; verify local requirements before naming a rule.,"Film some jacket zips open from the bottom too; start with the visible detail, then a different close-up of the same object.",Move upper and lower sliders independently.,pending_review,,"{""recognition"": 3, ""overlooked_detail"": 3, ""payoff"": 3, ""evidence"": 0, ""visuals"": 3}",,"[{""url"": ""https://www.ykk.com/english/ykk/tech/03.html"", ""publisher"": ""ykk.com""}, {""url"": ""https://www.ykk.com/english/ykk/tech/01.html"", ""publisher"": ""ykk.com""}, {""url"": ""https://www.ykk.com/english/newsroom/g_news/2026/20260817.html"", ""publisher"": ""ykk.com""}]",zippers,mechanism-0854d132b8649395
clothing-005,clothing,shopping,Why a waterproof-looking zip is not necessarily watertight,a waterproof-looking zip is not necessarily watertight,A water-repellent zipper can still admit water through the chain slit; its laminated surface is not the same as a watertight closure.,"A smooth, coated-looking closure can repel drops yet still have a water path between the teeth.",YKK AquaGuard water-repellent zipper construction; not a claim about watertight zipper designs.,Global where the specified design is used,"Show a close-up of a water-repellent jacket zipper, then its chain slit; do not stage immersion as a product test.","Animate the coating and central slit separately, with an illustrative droplet path through the slit.",reviewed,"{""reviewed_at"": ""2026-09-17T03:38:27.765246+00:00"", ""method"": ""Editorial comparison of stated mechanism with retrieved primary text"", ""finding"": ""A water-repellent zipper can still admit water through the chain slit; its laminated surface is not the same as a watertight closure."", ""scope"": ""YKK AquaGuard water-repellent zipper construction; not a claim about watertight zipper designs.""}","{""recognition"": 3, ""overlooked_detail"": 3, ""payoff"": 3, ""evidence"": 3, ""visuals"": 4}",,"[{""url"": ""https://ykkamericas.com/wp-content/uploads/2021/10/ykk-zipper-instruction-manual-compressed.pdf"", ""publisher"": ""ykkamericas.com"", ""passage"": ""water may leak through the slit of the zipper chain."", ""retrieved_at"": ""2026-09-17T03:36:25.756820+00:00""}]",zippers,mechanism-f318969fc3edae69
clothing-006,clothing,shopping,Why backpack buckles release when you squeeze their sides,backpack buckles release when you squeeze their sides,Flexible latch arms disengage from the socket under inward pressure.,Flexible latch arms disengage from the socket under inward pressure.,The specific product construction or system described by the primary source; not all designs.,Global where this design is used; verify local requirements before naming a rule.,"Film backpack buckles release when you squeeze their sides; start with the visible detail, then a different close-up of the same object.",Cut away two latch arms being squeezed.,pending_review,,"{""recognition"": 3, ""overlooked_detail"": 3, ""payoff"": 3, ""evidence"": 0, ""visuals"": 3}",,"[{""url"": ""https://www.duraflexgroup.com/community/0"", ""publisher"": ""duraflexgroup.com""}, {""url"": ""https://www.duraflexgroup.com/?q=75&url=https%3A%2F%2Fprod-dportal.s3.ap-east-1.amazonaws.com%2Fpublic%2FBlender%2F2024-08-19%2F1724049845849-1724049845800-thumbnail-c.TRIGGA.Buckle-0010.png&w=96"", ""publisher"": ""duraflexgroup.com""}, {""url"": ""https://www.duraflexgroup.com/?isGreen=false&productName=ZINCA%C2%AE+Thinna+Non+Adjust+G+Hook"", ""publisher"": ""duraflexgroup.com""}]",backpack-buckles-release-when-you-squeeze-their-sides,mechanism-2978d3b04634aa30
clothing-007,clothing,shopping,Why a strap stays tight after threading through a small buckle,a strap stays tight after threading through a small buckle,The routing creates friction that resists movement under load.,The routing creates friction that resists movement under load.,The specific product construction or system described by the primary source; not all designs.,Global where this design is used; verify local requirements before naming a rule.,"Film a strap stays tight after threading through a small buckle; start with the visible detail, then a different close-up of the same object.",Trace the strap path around a ladder-lock buckle.,pending_review,,"{""recognition"": 3, ""overlooked_detail"": 3, ""payoff"": 3, ""evidence"": 0, ""visuals"": 3}",,"[{""url"": ""https://www.duraflexgroup.com/community/8"", ""publisher"": ""duraflexgroup.com""}, {""url"": ""https://www.duraflexgroup.com/community/13"", ""publisher"": ""duraflexgroup.com""}, {""url"": ""https://duraflexgroup.com/contact?mapperType=collection&profileID=DforEcoDesktop"", ""publisher"": ""duraflexgroup.com""}]",a-strap-stays-tight-after-threading-through-a-small-buckle,mechanism-022147b9459749d1
clothing-008,clothing,shopping,Why hook-and-loop fasteners collect fluff,hook-and-loop fasteners collect fluff,Hooks can engage stray fibres as well as the intended loops.,Hooks can engage stray fibres as well as the intended loops.,"Hook-and-loop fasteners; loose fibres can catch on hooks, not a claim about every lint contaminant.",Global where the specified design is used,"Film hook-and-loop fasteners collect fluff; start with the visible detail, then a different close-up of the same object.",Magnify hooks holding loops and loose fibres.,reviewed,"{""reviewed_at"": ""2026-09-16T05:11:02.287999+00:00"", ""method"": ""Editorial comparison of stated mechanism with retrieved primary text"", ""finding"": ""Hooks can engage stray fibres as well as the intended loops."", ""scope"": ""Hook-and-loop fasteners; loose fibres can catch on hooks, not a claim about every lint contaminant.""}","{""recognition"": 3, ""overlooked_detail"": 3, ""payoff"": 3, ""evidence"": 3, ""visuals"": 3}",,"[{""url"": ""https://www.velcro.com/news-and-blog/2026/02/an-idea-that-stuck-how-george-de-mestral-invented-the-velcro-fastener/"", ""publisher"": ""velcro.com"", ""passage"": ""burr hooks latched onto fabric loops and fur"", ""retrieved_at"": ""2026-09-16T05:05:46.447824+00:00""}]",hook-and-loop-fasteners-collect-fluff,mechanism-78655e9acd919180
clothing-009,clothing,shopping,Why jeans have metal rivets at pocket corners,jeans have metal rivets at pocket corners,Rivets reinforce points that experience concentrated stress.,Rivets reinforce points that experience concentrated stress.,The specific product construction or system described by the primary source; not all designs.,Global where this design is used; verify local requirements before naming a rule.,"Film jeans have metal rivets at pocket corners; start with the visible detail, then a different close-up of the same object.",Show load spreading from a pocket corner.,pending_review,,"{""recognition"": 3, ""overlooked_detail"": 3, ""payoff"": 3, ""evidence"": 0, ""visuals"": 3}",,"[{""url"": ""https://www.levi.com/US/en_US/blog/article/our-complete-guide-to-denim-terminology"", ""publisher"": ""levi.com""}, {""url"": ""https://www.levi.com/CA/en_CA/features/denim-dictionary"", ""publisher"": ""levi.com""}, {""url"": ""https://www.levi.com/US/en_US/features/denim-dictionary?msockid=19f8cd3687896e5f270bdbd886186fe6"", ""publisher"": ""levi.com""}]",denim,mechanism-857fa18b0c557715
clothing-010,clothing,shopping,Why denim shows white on the inside,denim shows white on the inside,Traditional denim uses differently coloured warp and weft yarns in a twill weave.,Blue outside and white inside can come from how the same fabric is woven.,Traditional indigo denim construction; other denim weaves and colours exist.,Global where the specified design is used,"Film denim shows white on the inside; start with the visible detail, then a different close-up of the same object.",Magnify coloured warp over pale weft.,reviewed,"{""reviewed_at"": ""2026-09-16T05:11:02.287999+00:00"", ""method"": ""Editorial comparison of stated mechanism with retrieved primary text"", ""finding"": ""Traditional denim uses differently coloured warp and weft yarns in a twill weave."", ""scope"": ""Traditional indigo denim construction; other denim weaves and colours exist.""}","{""recognition"": 3, ""overlooked_detail"": 4, ""payoff"": 4, ""evidence"": 3, ""visuals"": 3}",,"[{""url"": ""https://cottonworks.com/learning-hub/denim/denim-basics/"", ""publisher"": ""cottonworks.com"", ""passage"": ""warp yarns that are dyed continuously with blue indigo dye and filling yarn which is kept white"", ""retrieved_at"": ""2026-09-16T05:05:48.181991+00:00""}]",denim,mechanism-d298d55ff9ebc450
clothing-011,clothing,shopping,Why denim fades most at folds and seams,denim fades most at folds and seams,Wear removes dye preferentially from exposed surfaces of the yarn.,Wear removes dye preferentially from exposed surfaces of the yarn.,Indigo-dyed denim wear and finishing; avoid implying every fade has the same cause.,Global where the specified design is used,"Film denim fades most at folds and seams; start with the visible detail, then a different close-up of the same object.",Compare abrasion at raised and protected areas.,reviewed,"{""reviewed_at"": ""2026-09-16T05:11:02.287999+00:00"", ""method"": ""Editorial comparison of stated mechanism with retrieved primary text"", ""finding"": ""Wear removes dye preferentially from exposed surfaces of the yarn."", ""scope"": ""Indigo-dyed denim wear and finishing; avoid implying every fade has the same cause.""}","{""recognition"": 3, ""overlooked_detail"": 3, ""payoff"": 3, ""evidence"": 3, ""visuals"": 3}",,"[{""url"": ""https://cottonworks.com/learning-hub/denim/denim-finishing/"", ""publisher"": ""cottonworks.com"", ""passage"": ""areas of abrasion or color loss that mimic what happens naturally over many wearings and home launderings"", ""retrieved_at"": ""2026-09-16T05:05:48.167959+00:00""}]",denim,mechanism-9b634a0e6879f95e
clothing-012,clothing,shopping,Why some fabrics stretch more diagonally,some fabrics stretch more diagonally,Bias loading allows the yarn network to change angle more easily than along its yarn directions.,Bias loading allows the yarn network to change angle more easily than along its yarn directions.,The specific product construction or system described by the primary source; not all designs.,Global where this design is used; verify local requirements before naming a rule.,"Film some fabrics stretch more diagonally; start with the visible detail, then a different close-up of the same object.",Pull a woven grid on-axis and diagonally.,pending_review,,"{""recognition"": 3, ""overlooked_detail"": 3, ""payoff"": 3, ""evidence"": 0, ""visuals"": 3}",,"[{""url"": ""https://cottonworks.com/learning-hub/quality-assurance/shrinking-and-skewing/"", ""publisher"": ""cottonworks.com""}, {""url"": ""https://www.cottonworks.com/wp-content/uploads/2017/11/TRI_3011_Wet_Processing_of_100_Cotton_Knitted_Fabrics.pdf"", ""publisher"": ""cottonworks.com""}, {""url"": ""https://cottonworks.com/wp-content/uploads/2017/11/Textile_Yarns.pdf"", ""publisher"": ""cottonworks.com""}]",some-fabrics-stretch-more-diagonally,mechanism-adc7f0789bbc8d62
clothing-013,clothing,shopping,Why the ribbed cuff stretches more than the rest of a jumper,the ribbed cuff stretches more than the rest of a jumper,Alternating face and back wales in rib knit open like an accordion when stretched sideways.,"The extra stretch comes from a folded loop arrangement, not necessarily from a rubber thread.",Basic rib knits such as sweater cuffs; not every elastic cuff uses the same construction.,Global where the specified design is used,"Film a ribbed sweater cuff unstretched, then stretch the same cuff sideways in close-up.",Animate alternating face and back knit columns unfolding sideways like an accordion; compare the relaxed and stretched cuff.,reviewed,"{""reviewed_at"": ""2026-09-16T15:54:26.112781+00:00"", ""method"": ""Editorial comparison of stated mechanism with retrieved primary text"", ""finding"": ""Alternating face and back wales in rib knit open like an accordion when stretched sideways."", ""scope"": ""Basic rib knits such as sweater cuffs; not every elastic cuff uses the same construction.""}","{""recognition"": 3, ""overlooked_detail"": 3, ""payoff"": 3, ""evidence"": 3, ""visuals"": 3}",,"[{""url"": ""https://cottonworks.com/learning-hub/knitting/single-and-double-knits/"", ""publisher"": ""cottonworks.com"", ""passage"": ""When stretched in width, the structure opens like an accordion, resulting in more stretch than single knits and other double knits."", ""retrieved_at"": ""2026-09-16T05:05:50.519519+00:00""}]",knitted-fabric,mechanism-cf0115fedbadf4f4
clothing-014,clothing,shopping,Why a cotton shirt can shrink after its first wash,a cotton shirt can shrink after its first wash,Wet processing and drying can relax tensions introduced during manufacture.,Wet processing and drying can relax tensions introduced during manufacture.,Elastic relaxation is one contributor to cotton garment shrinkage; not the only cause or a guarantee of a particular amount.,Global where the specified design is used,"Film a cotton shirt can shrink after its first wash; start with the visible detail, then a different close-up of the same object.",Compare stretched and relaxed yarn geometry.,reviewed,"{""reviewed_at"": ""2026-09-16T15:54:26.112781+00:00"", ""method"": ""Editorial comparison of stated mechanism with retrieved primary text"", ""finding"": ""Wet processing and drying can relax tensions introduced during manufacture."", ""scope"": ""Elastic relaxation is one contributor to cotton garment shrinkage; not the only cause or a guarantee of a particular amount.""}","{""recognition"": 3, ""overlooked_detail"": 3, ""payoff"": 3, ""evidence"": 3, ""visuals"": 3}",,"[{""url"": ""https://cottonworks.com/wp-content/uploads/2017/11/ISP_1009_Guide_to_Improved_Shrinkage_Performance_of_Cotton_Fabrics.pdf"", ""publisher"": ""cottonworks.com"", ""passage"": ""the ability of the fabric to freely relax from tensions experienced during construction and other processing."", ""retrieved_at"": ""2026-09-16T05:05:51.020129+00:00""}]",cans,mechanism-ddf955cbc73b60c1
clothing-015,clothing,shopping,Why wool can felt into a smaller dense fabric,wool can felt into a smaller dense fabric,Fibre surface scales and agitation can promote directional interlocking.,Fibre surface scales and agitation can promote directional interlocking.,Untreated wool under suitable agitation and moisture; shrink-resistant treatments change the response.,Global where the specified design is used,"Film wool can felt into a smaller dense fabric; start with the visible detail, then a different close-up of the same object.",Show fibres migrating and interlocking.,reviewed,"{""reviewed_at"": ""2026-09-16T05:11:02.291008+00:00"", ""method"": ""Editorial comparison of stated mechanism with retrieved primary text"", ""finding"": ""Fibre surface scales and agitation can promote directional interlocking."", ""scope"": ""Untreated wool under suitable agitation and moisture; shrink-resistant treatments change the response.""}","{""recognition"": 3, ""overlooked_detail"": 3, ""payoff"": 3, ""evidence"": 3, ""visuals"": 3}",,"[{""url"": ""https://www.woolmark.com/globalassets/_06-new-woolmark/_about/06-our-story/media/beyond-the-bale-pdfs/beyond-the-bale---june-2021.pdf.pdf"", ""publisher"": ""woolmark.com"", ""passage"": ""the small scales on the surface of wool fibres can interlock when exposed to moisture and agitation leading to felting"", ""retrieved_at"": ""2026-09-16T05:05:56.278008+00:00""}]",cans,mechanism-0dd29a1a8f822dac
clothing-016,clothing,shopping,Why your wool jumper pills more in some places,your wool jumper pills more in some places,"Repeated rubbing during wear can form pills on wool clothing, especially where the garment contacts itself or another surface.",The location of bobbles can trace repeated contact rather than a uniform change across the whole jumper.,"Wool garment pilling described by Woolmark; occurrence depends on construction and wear, not every fabric or every bag.",Global where the specified design is used,Compare the sleeve or side of a worn wool jumper with a less-rubbed area of the same garment.,"Highlight contact areas on a jumper silhouette, then show surface pills in a close-up; do not invent a measured wear rate.",reviewed,"{""reviewed_at"": ""2026-09-17T03:38:27.772467+00:00"", ""method"": ""Editorial comparison of stated mechanism with retrieved primary text"", ""finding"": ""Repeated rubbing during wear can form pills on wool clothing, especially where the garment contacts itself or another surface."", ""scope"": ""Wool garment pilling described by Woolmark; occurrence depends on construction and wear, not every fabric or every bag.""}","{""recognition"": 3, ""overlooked_detail"": 2, ""payoff"": 2, ""evidence"": 3, ""visuals"": 3}",,"[{""url"": ""https://www.woolmark.com/it/care/pilling/"", ""publisher"": ""woolmark.com"", ""passage"": ""Pilling is caused by rubbing during wear"", ""retrieved_at"": ""2026-09-16T05:05:55.671642+00:00""}]",wool,mechanism-d1751b89e130b833
clothing-017,clothing,shopping,Why your T-shirt side seam moves toward the front after washing,your T-shirt side seam moves toward the front after washing,"Residual twist in the yarn can distort knitted loops; laundering lets the fabric move toward its relaxed spiral shape, shifting a T-shirt seam.","The seam may move because the knitted fabric relaxes, rather than because the seam itself was sewn in a curve.","Plain jersey knit spirality described by STARFISH research; yarn torque is one contributor, alongside fabric geometry and knitting setup.",Global where the specified design is used,Lay a washed jersey T-shirt flat and follow the side seam as it turns toward the front.,"Show twisted yarn distorting a loop grid, then relaxing a shirt silhouette so its seam rotates; no measured angle.",reviewed,"{""reviewed_at"": ""2026-09-17T03:43:31.662136+00:00"", ""method"": ""Editorial comparison of stated mechanism with retrieved primary text"", ""finding"": ""Residual twist in the yarn can distort knitted loops; laundering lets the fabric move toward its relaxed spiral shape, shifting a T-shirt seam."", ""scope"": ""Plain jersey knit spirality described by STARFISH research; yarn torque is one contributor, alongside fabric geometry and knitting setup.""}","{""recognition"": 3, ""overlooked_detail"": 3, ""payoff"": 4, ""evidence"": 3, ""visuals"": 4}",Replaced the held obvious-utility angle with a distinct supported mechanism; original research draft retained in category input for audit.,"[{""url"": ""https://www.cottontech.co.uk/index_htm_files/SRM%20PDF%20RefMan%202018%2010%20Spirality.pdf"", ""publisher"": ""cottontech.co.uk"", ""passage"": ""the consequence of twist liveliness is that the loop twists and bends out of shape."", ""retrieved_at"": ""2026-09-17T03:42:02.501696+00:00""}]",knitted-t-shirt,mechanism-b33f485f78030af7
clothing-018,clothing,shopping,Why a wet down jacket loses much of its loft,a wet down jacket loses much of its loft,Moisture can clump down clusters and reduce trapped-air volume.,Moisture can clump down clusters and reduce trapped-air volume.,The specific product construction or system described by the primary source; not all designs.,Global where this design is used; verify local requirements before naming a rule.,"Film a wet down jacket loses much of its loft; start with the visible detail, then a different close-up of the same object.",Compare dry clusters with wet collapsed clusters.,pending_review,,"{""recognition"": 3, ""overlooked_detail"": 3, ""payoff"": 3, ""evidence"": 0, ""visuals"": 3}",,"[{""url"": ""https://alliedfeather.com/wp-content/uploads/2021/07/AFD_IR-fxDOWN.pdf"", ""publisher"": ""alliedfeather.com""}, {""url"": ""https://alliedfeather.com/info-room-cat/processing/"", ""publisher"": ""alliedfeather.com""}, {""url"": ""https://alliedfeather.com/s/afd_expeDRY-whitepaper.pdf"", ""publisher"": ""alliedfeather.com""}]",down-insulation,mechanism-89ac2601307c4d1d
clothing-019,clothing,shopping,Why water beads on a rain jacket before it soaks in,water beads on a rain jacket before it soaks in,A durable water-repellent surface treatment changes wetting behaviour.,A durable water-repellent surface treatment changes wetting behaviour.,Durable water-repellent treatment on an outer textile; distinguish it from the waterproof membrane.,Global where the specified design is used,"Film water beads on a rain jacket before it soaks in; start with the visible detail, then a different close-up of the same object.",Compare droplets on treated and worn outer fabric.,reviewed,"{""reviewed_at"": ""2026-09-16T05:11:02.291008+00:00"", ""method"": ""Editorial comparison of stated mechanism with retrieved primary text"", ""finding"": ""A durable water-repellent surface treatment changes wetting behaviour."", ""scope"": ""Durable water-repellent treatment on an outer textile; distinguish it from the waterproof membrane.""}","{""recognition"": 3, ""overlooked_detail"": 3, ""payoff"": 3, ""evidence"": 3, ""visuals"": 3}",,"[{""url"": ""https://www.gore-tex.com/pfcgoal"", ""publisher"": ""gore-tex.com"", ""passage"": ""applied to the outermost fabric layer so that water beads up"", ""retrieved_at"": ""2026-09-16T05:05:57.335478+00:00""}]",rain-jackets,mechanism-b9b2db12349da3b8
clothing-020,clothing,shopping,Why a rain jacket can feel clammy without leaking,a rain jacket can feel clammy without leaking,"An outer fabric can become saturated while the membrane beneath it still blocks water, producing a clammy sensation without a leak.",A jacket can feel wet even while its waterproof layer still blocks water.,GORE-TEX outer fabric wet-out with an intact waterproof membrane; not a diagnosis of every damp jacket.,Global where the specified design is used,"Show droplets beading on one outer-fabric area and spreading into a worn area, followed by the layered cutaway.",Show a two-layer jacket cutaway: saturated outer fabric above an intact waterproof membrane. Keep the water outside the membrane.,reviewed,"{""reviewed_at"": ""2026-09-16T15:54:26.112781+00:00"", ""method"": ""Editorial comparison of stated mechanism with retrieved primary text"", ""finding"": ""An outer fabric can become saturated while the membrane beneath it still blocks water, producing a clammy sensation without a leak."", ""scope"": ""GORE-TEX outer fabric wet-out with an intact waterproof membrane; not a diagnosis of every damp jacket.""}","{""recognition"": 3, ""overlooked_detail"": 3, ""payoff"": 3, ""evidence"": 3, ""visuals"": 3}",,"[{""url"": ""https://www.gore-tex.com/en_uk/support/frequently-asked-questions"", ""publisher"": ""gore-tex.com"", ""passage"": ""When water saturates the outer layer, your garment can feel damp and clammy, even if it’s not leaking."", ""retrieved_at"": ""2026-09-16T05:05:57.429277+00:00""}]",cans,mechanism-80070c23c028a546
clothing-021,clothing,shopping,Why waterproof jackets have tape over inside seams,waterproof jackets have tape over inside seams,Needle holes and seam construction need sealing to limit water entry.,Needle holes and seam construction need sealing to limit water entry.,Seam-sealed waterproof garments; not all outdoor clothing is waterproof.,Global where the specified design is used,"Film waterproof jackets have tape over inside seams; start with the visible detail, then a different close-up of the same object.",Show tape covering a stitched seam cross-section.,reviewed,"{""reviewed_at"": ""2026-09-16T05:11:02.292011+00:00"", ""method"": ""Editorial comparison of stated mechanism with retrieved primary text"", ""finding"": ""Needle holes and seam construction need sealing to limit water entry."", ""scope"": ""Seam-sealed waterproof garments; not all outdoor clothing is waterproof.""}","{""recognition"": 3, ""overlooked_detail"": 3, ""payoff"": 3, ""evidence"": 3, ""visuals"": 3}",,"[{""url"": ""https://www.gore-tex.com/support/frequently-asked-questions"", ""publisher"": ""gore-tex.com"", ""passage"": ""small needle holes that have not been seam sealed"", ""retrieved_at"": ""2026-09-16T05:05:57.812239+00:00""}]",water-fixtures,mechanism-7bff96dc466f040f
clothing-022,clothing,shopping,Why sports shirts move sweat away from one spot,sports shirts move sweat away from one spot,Fibre and fabric design can promote liquid spreading and capillary transport.,Fibre and fabric design can promote liquid spreading and capillary transport.,Polartec Power Dry design as an example; omit uncorroborated comparative drying percentages.,Global where the specified design is used,"Film sports shirts move sweat away from one spot; start with the visible detail, then a different close-up of the same object.",Trace liquid through a wicking fabric.,reviewed,"{""reviewed_at"": ""2026-09-16T05:11:02.292011+00:00"", ""method"": ""Editorial comparison of stated mechanism with retrieved primary text"", ""finding"": ""Fibre and fabric design can promote liquid spreading and capillary transport."", ""scope"": ""Polartec Power Dry design as an example; omit uncorroborated comparative drying percentages.""}","{""recognition"": 3, ""overlooked_detail"": 3, ""payoff"": 3, ""evidence"": 3, ""visuals"": 3}",,"[{""url"": ""https://www.polartec.com/news/featured-partner-hoka-one-one"", ""publisher"": ""polartec.com"", ""passage"": ""fibers oriented across the body rapidly spread out sweat moisture"", ""retrieved_at"": ""2026-09-16T05:09:02.146279+00:00""}]",sports-shirts-move-sweat-away-from-one-spot,mechanism-7adb3021b30ace71
clothing-023,clothing,shopping,Why a loose thread can unzip part of a knitted jumper,a loose thread can unzip part of a knitted jumper,A damaged loop can release connected loops along a knitted structure.,A damaged loop can release connected loops along a knitted structure.,The specific product construction or system described by the primary source; not all designs.,Global where this design is used; verify local requirements before naming a rule.,"Film a loose thread can unzip part of a knitted jumper; start with the visible detail, then a different close-up of the same object.",Animate a ladder running through knit loops.,pending_review,,"{""recognition"": 3, ""overlooked_detail"": 3, ""payoff"": 3, ""evidence"": 0, ""visuals"": 3}",,"[{""url"": ""https://www.woolmark.com/care/how-to-repair-wool/"", ""publisher"": ""woolmark.com""}, {""url"": ""https://www.woolmark.com/globalassets/_06-new-woolmark/_about/06-our-story/media/wool-magazines-pdfs/wool-issue-11-fall-2020.pdf"", ""publisher"": ""woolmark.com""}, {""url"": ""https://www.woolmark.com/fr/care/how-to-repair-wool/"", ""publisher"": ""woolmark.com""}]",cans,mechanism-fdb38c9a056d617e
clothing-024,clothing,shopping,Why clothes care labels use dots inside the iron symbol,clothes care labels use dots inside the iron symbol,The dots encode permitted ironing-temperature categories under the relevant system.,The dots encode permitted ironing-temperature categories under the relevant system.,The specific product construction or system described by the primary source; not all designs.,Global where this design is used; verify local requirements before naming a rule.,"Film clothes care labels use dots inside the iron symbol; start with the visible detail, then a different close-up of the same object.",Translate dot counts into labelled care categories.,pending_review,,"{""recognition"": 3, ""overlooked_detail"": 3, ""payoff"": 3, ""evidence"": 0, ""visuals"": 3}",,"[{""url"": ""https://www.ginetex.net/userfiles/files/Textile_care_symbols_en.pdf"", ""publisher"": ""ginetex.net""}, {""url"": ""https://www.ginetex.net/userfiles/files/Table_of_textile_care_symbols_en.pdf"", ""publisher"": ""ginetex.net""}, {""url"": ""https://www.ginetex.net/article/FR/care-symbols"", ""publisher"": ""ginetex.net""}]",clothes-care-labels-use-dots-inside-the-iron-symbol,mechanism-1c05a64102c2b46a
clothing-025,clothing,shopping,Why some washing symbols have a line underneath,some washing symbols have a line underneath,Bars indicate modified mechanical action in the care-symbol system.,Bars indicate modified mechanical action in the care-symbol system.,"GINETEX care-symbol system; follow the complete care label, not a universal machine programme.",Global where the specified design is used,"Film some washing symbols have a line underneath; start with the visible detail, then a different close-up of the same object.",Compare wash-action levels represented by bars.,reviewed,"{""reviewed_at"": ""2026-09-16T05:11:02.292011+00:00"", ""method"": ""Editorial comparison of stated mechanism with retrieved primary text"", ""finding"": ""Bars indicate modified mechanical action in the care-symbol system."", ""scope"": ""GINETEX care-symbol system; follow the complete care label, not a universal machine programme.""}","{""recognition"": 3, ""overlooked_detail"": 3, ""payoff"": 3, ""evidence"": 3, ""visuals"": 3}",,"[{""url"": ""https://www.ginetex.net/share/article/4201/care-symbols"", ""publisher"": ""ginetex.net"", ""passage"": ""One bar below the wash tub characterises a milder cycle with reduced mechanical action"", ""retrieved_at"": ""2026-09-16T05:09:05.346368+00:00""}]",some-washing-symbols-have-a-line-underneath,mechanism-d800bb92fb53e119
clothing-026,clothing,shopping,Why shoe soles have flex grooves across the forefoot,shoe soles have flex grooves across the forefoot,Grooves influence bending where the foot flexes during movement.,Grooves influence bending where the foot flexes during movement.,Nike Skylon example; other sole constructions may use different flexibility features.,Global where the specified design is used,"Film shoe soles have flex grooves across the forefoot; start with the visible detail, then a different close-up of the same object.",Bend a sole at its forefoot grooves.,reviewed,"{""reviewed_at"": ""2026-09-16T05:11:02.292011+00:00"", ""method"": ""Editorial comparison of stated mechanism with retrieved primary text"", ""finding"": ""Grooves influence bending where the foot flexes during movement."", ""scope"": ""Nike Skylon example; other sole constructions may use different flexibility features.""}","{""recognition"": 3, ""overlooked_detail"": 3, ""payoff"": 1, ""evidence"": 3, ""visuals"": 3}",Hold: the current angle mainly explains obvious utility; needs a less familiar mechanism before selection.,"[{""url"": ""https://about.nike.com/en-GB/magazine/fast-forward-how-distance-shoes-from-nikes-vault-inspire-sportswear-sneakers-of-today"", ""publisher"": ""nike.com"", ""passage"": ""Deep flex grooves allowed the forefoot to bend naturally"", ""retrieved_at"": ""2026-09-16T05:09:04.276894+00:00""}]",shoe-soles,mechanism-bbe4730f77d4e9f9
clothing-027,clothing,shopping,Why running-shoe foam feels different from rubber underneath,running-shoe foam feels different from rubber underneath,Midsole and outsole materials have different cushioning and wear roles.,Midsole and outsole materials have different cushioning and wear roles.,The specific product construction or system described by the primary source; not all designs.,Global where this design is used; verify local requirements before naming a rule.,"Film running-shoe foam feels different from rubber underneath; start with the visible detail, then a different close-up of the same object.",Compare deformation in two sole layers.,pending_review,,"{""recognition"": 3, ""overlooked_detail"": 3, ""payoff"": 3, ""evidence"": 0, ""visuals"": 3}",,"[{""url"": ""https://www.asics.com/gb/en-gb/running-advice/the-anatomy-of-a-running-shoe/"", ""publisher"": ""asics.com""}, {""url"": ""https://www.asics.com/us/en-us/blog/anatomy-of-a-running-shoe/"", ""publisher"": ""asics.com""}, {""url"": ""https://www.asics.com/us/en-us/__preview/blog/how-do-running-shoes-wear-over-time/"", ""publisher"": ""asics.com""}]",shoe-soles,mechanism-a1a05af8a3748f79
clothing-028,clothing,shopping,Why shoes have an extra lace hole near the ankle,shoes have an extra lace hole near the ankle,"The final eyelets can form loops that hold crossed laces around the upper shoe, reducing heel movement for a suitable fit.",The apparently spare hole can change how the same lace holds the back of the shoe.,"ASICS heel-lock lacing on shoes with the appropriate eyelet arrangement; a fit adjustment, not a guarantee against injury or discomfort.",Global where the specified design is used,"Film a running shoe with the final eyelet unused, then thread the heel-lock loop in a clear overhead close-up.",Trace each lace through the final loop and across the shoe; compare heel movement schematically without medical claims.,reviewed,"{""reviewed_at"": ""2026-09-17T03:38:27.773578+00:00"", ""method"": ""Editorial comparison of stated mechanism with retrieved primary text"", ""finding"": ""The final eyelets can form loops that hold crossed laces around the upper shoe, reducing heel movement for a suitable fit."", ""scope"": ""ASICS heel-lock lacing on shoes with the appropriate eyelet arrangement; a fit adjustment, not a guarantee against injury or discomfort.""}","{""recognition"": 3, ""overlooked_detail"": 3, ""payoff"": 3, ""evidence"": 3, ""visuals"": 4}",,"[{""url"": ""https://www.asics.com/nz/en-nz/mk/choosing-the-right-running-shoe/lacing"", ""publisher"": ""asics.com"", ""passage"": ""creating a loop between the last two eyelets"", ""retrieved_at"": ""2026-09-17T03:37:33.544762+00:00""}]",shoelaces,mechanism-2dce2e2c7298b103
clothing-029,clothing,shopping,Why shoelaces come loose while you walk,shoelaces come loose while you walk,Repeated impacts and swinging ends can destabilize a knot.,"Walking can repeatedly load and pull the knot, even if you never touch the laces.",Study of knot failure under walking-like forces; not every knot unties on every walk.,Global where the specified design is used,"Film shoelaces come loose while you walk; start with the visible detail, then a different close-up of the same object.",Animate impact followed by end movement.,reviewed,"{""reviewed_at"": ""2026-09-16T05:11:02.292011+00:00"", ""method"": ""Editorial comparison of stated mechanism with retrieved primary text"", ""finding"": ""Repeated impacts and swinging ends can destabilize a knot."", ""scope"": ""Study of knot failure under walking-like forces; not every knot unties on every walk.""}","{""recognition"": 3, ""overlooked_detail"": 4, ""payoff"": 4, ""evidence"": 3, ""visuals"": 3}",,"[{""url"": ""https://news.berkeley.edu/2017/04/11/shoe-string-theory-science-shows-why-shoelaces-come-untied/"", ""publisher"": ""berkeley.edu"", ""passage"": ""both the impulsive force at the base of the knot"", ""retrieved_at"": ""2026-09-16T05:09:05.395067+00:00""}]",shoelaces,mechanism-bfa79883c60ce9de
clothing-030,clothing,shopping,Why wet shoes can squeak on a smooth floor,wet shoes can squeak on a smooth floor,Contact friction and stick-slip behaviour can excite vibrations.,Contact friction and stick-slip behaviour can excite vibrations.,The specific product construction or system described by the primary source; not all designs.,Global where this design is used; verify local requirements before naming a rule.,"Film wet shoes can squeak on a smooth floor; start with the visible detail, then a different close-up of the same object.",Show alternating stick and slip at the sole.,pending_review,,"{""recognition"": 3, ""overlooked_detail"": 3, ""payoff"": 3, ""evidence"": 0, ""visuals"": 3}",,"[{""url"": ""https://cdn.continental.com/fileadmin/__imported/sites/corporate/_international/german/hubpages/10_20presse/02_events_de/2024/tires_launch_event_2024/continental-f-e-infobook-en-web.pdf"", ""publisher"": ""continental.com""}, {""url"": ""https://www.continental.com/fileadmin/__imported/sites/corporate/_international/german/hubpages/10_20presse/02_events_de/2024/tires_launch_event_2024/continental-f-e-infobook-en-web.pdf"", ""publisher"": ""continental.com""}, {""url"": ""https://www.continental.com/en/press/press-releases/2019-09-30-aquaplaning/"", ""publisher"": ""continental.com""}]",cans,mechanism-c803f03fc66c6793
clothing-031,clothing,shopping,Why a suitcase handle locks at several heights,a suitcase handle locks at several heights,Spring-loaded pins engage holes at selected telescoping positions.,Spring-loaded pins engage holes at selected telescoping positions.,The specific product construction or system described by the primary source; not all designs.,Global where this design is used; verify local requirements before naming a rule.,"Film a suitcase handle locks at several heights; start with the visible detail, then a different close-up of the same object.",Cut away a pin entering a handle hole.,pending_review,,"{""recognition"": 3, ""overlooked_detail"": 3, ""payoff"": 3, ""evidence"": 0, ""visuals"": 3}",,"[{""url"": ""https://shop.samsonite.com/lock-style-1.html"", ""publisher"": ""samsonite.com""}, {""url"": ""https://shop.samsonite.com/lock-style-2.html"", ""publisher"": ""samsonite.com""}, {""url"": ""https://shop.samsonite.com/lock-style-9.html"", ""publisher"": ""samsonite.com""}]",doors,mechanism-19f42d3457fbe667
clothing-032,clothing,shopping,Why a retractable umbrella stays open without continuous pressure,a retractable umbrella stays open without continuous pressure,A latch holds the runner after it reaches the open position.,A latch holds the runner after it reaches the open position.,The specific product construction or system described by the primary source; not all designs.,Global where this design is used; verify local requirements before naming a rule.,"Film a retractable umbrella stays open without continuous pressure; start with the visible detail, then a different close-up of the same object.",Show a runner engaging its latch.,pending_review,,"{""recognition"": 3, ""overlooked_detail"": 3, ""payoff"": 3, ""evidence"": 0, ""visuals"": 3}",,"[{""url"": ""https://knirps.com/care/"", ""publisher"": ""knirps.com""}, {""url"": ""https://knirps.com/phoenix/"", ""publisher"": ""knirps.com""}, {""url"": ""https://knirps.com/umbrella-lexicon/"", ""publisher"": ""knirps.com""}]",umbrellas,mechanism-f1d3f9a946273121
clothing-033,clothing,shopping,Why an umbrella can invert in a gust,an umbrella can invert in a gust,Wind loads can exceed the supporting rib geometry's resistance in that direction.,Wind loads can exceed the supporting rib geometry's resistance in that direction.,The specific product construction or system described by the primary source; not all designs.,Global where this design is used; verify local requirements before naming a rule.,"Film an umbrella can invert in a gust; start with the visible detail, then a different close-up of the same object.",Compare rib loading from above and below.,pending_review,,"{""recognition"": 3, ""overlooked_detail"": 3, ""payoff"": 3, ""evidence"": 0, ""visuals"": 3}",,"[{""url"": ""https://knirps.com/windtunnel"", ""publisher"": ""knirps.com""}, {""url"": ""https://knirps.com/95620-re3-rethink.html"", ""publisher"": ""knirps.com""}, {""url"": ""https://knirps.com/high-quality-umbrella"", ""publisher"": ""knirps.com""}]",cans,mechanism-e30401820c54bef9
clothing-034,clothing,shopping,Why sunglasses make reflections disappear at certain angles,sunglasses make reflections disappear at certain angles,Polarizing filters attenuate a selected orientation of reflected light.,Polarizing filters attenuate a selected orientation of reflected light.,Polarizing sunglasses reducing appropriate reflected glare; effect depends on orientation and surface.,Global where the specified design is used,"Film sunglasses make reflections disappear at certain angles; start with the visible detail, then a different close-up of the same object.",Rotate a polarizer over a reflected scene.,reviewed,"{""reviewed_at"": ""2026-09-16T05:11:02.292011+00:00"", ""method"": ""Editorial comparison of stated mechanism with retrieved primary text"", ""finding"": ""Polarizing filters attenuate a selected orientation of reflected light."", ""scope"": ""Polarizing sunglasses reducing appropriate reflected glare; effect depends on orientation and surface.""}","{""recognition"": 3, ""overlooked_detail"": 3, ""payoff"": 3, ""evidence"": 3, ""visuals"": 3}",,"[{""url"": ""https://www.zeiss.com/vision-care/us/eye-health-and-care/sports-leisure/not-all-sunglasses-are-equal.html"", ""publisher"": ""zeiss.com"", ""passage"": ""the light waves align and swing only in one direction"", ""retrieved_at"": ""2026-09-16T05:09:16.391899+00:00""}]",eyewear,mechanism-50e6ea3490e45b93
clothing-035,clothing,shopping,Why photochromic glasses may darken less inside a car,photochromic glasses may darken less inside a car,"Many lenses respond to UV that some vehicle glass filters, depending on lens design.",A car windscreen can filter the light that normally triggers the lenses outdoors.,Conventional UV-activated photochromic lenses; visible-light-responsive variants can darken in cars.,Global where the specified design is used,"Film photochromic glasses may darken less inside a car; start with the visible detail, then a different close-up of the same object.",Compare activating light outside and behind glass.,reviewed,"{""reviewed_at"": ""2026-09-16T05:11:02.293006+00:00"", ""method"": ""Editorial comparison of stated mechanism with retrieved primary text"", ""finding"": ""Many lenses respond to UV that some vehicle glass filters, depending on lens design."", ""scope"": ""Conventional UV-activated photochromic lenses; visible-light-responsive variants can darken in cars.""}","{""recognition"": 3, ""overlooked_detail"": 4, ""payoff"": 4, ""evidence"": 3, ""visuals"": 3}",,"[{""url"": ""https://connected.transitions.com/assets/downloads/Five%20Patient%20Questions%20You%20Should%20Be%20Ready%20For.pdf"", ""publisher"": ""transitions.com"", ""passage"": ""The glass in car windshields blocks most UV light"", ""retrieved_at"": ""2026-09-16T05:09:17.022040+00:00""}]",eyewear,mechanism-dc74b1b098a2df66
